student_id,debate_team,basketball_team,only_child,teacher_id,school_id,years_experience,class_size,pct_frl,pct_ell,pretest,posttest
1,0,0,1,39,26,5,12,0.26668567629531026,0.7934630094096065,209.73242563848044,440.30043732791626
2,0,0,1,208,17,5,27,0.03654719586484134,0.2661329871043563,258.9254118708076,536.9436320681573
3,0,1,1,129,23,1,19,0.03834434738382697,0.6661178111098707,234.7409563653885,504.92514096143583
4,1,0,0,479,31,4,20,0.46977853984571993,0.7659584856592119,360.96470841677956,722.7229706247078
5,0,0,0,55,6,7,26,0.7426119421143085,0.6856354165356606,326.729990297809,667.4092078261441
6,0,1,0,359,41,1,22,0.24443748919293284,0.13247077818959951,281.31737316597975,612.2952016880658
7,1,0,0,180,29,2,19,0.5533483980689198,0.980351353995502,295.4415570489835,550.137264419362
8,0,0,1,414,39,3,29,0.7841161577962339,0.6968751777894795,296.92016836808193,655.3243281887801
9,0,0,1,57,24,5,24,0.14149569114670157,0.8747874984983355,258.03411604650574,570.0207109436382
10,0,0,1,236,38,4,18,0.9087103542406112,0.1694229245185852,321.40406364653455,715.8059015420002
11,0,1,0,150,3,3,19,0.978013844229281,0.1299455715343356,386.5649186904524,719.1302504783894
12,0,0,0,387,43,12,24,0.11839594203047454,0.37822385248728096,235.6253604877315,485.46994541828815
13,1,0,0,483,6,6,23,0.7426119421143085,0.6856354165356606,365.5750407982779,708.523177448661
14,0,0,1,137,50,2,14,0.9892466596793383,0.7492987331934273,291.5019820723376,615.3424545466482
15,0,0,1,277,48,5,24,0.6061688305344433,0.4517896354664117,294.8882184626362,668.704296895058
16,1,0,0,16,26,3,16,0.26668567629531026,0.7934630094096065,246.08987130659483,399.73765963613863
17,0,0,0,35,29,8,25,0.5533483980689198,0.980351353995502,311.5576180763691,587.5675771049424
18,0,1,0,196,42,6,18,0.5309706551488489,0.07851310959085822,316.18798911452865,774.124767276443
19,0,0,1,43,31,4,16,0.46977853984571993,0.7659584856592119,278.75729947382223,572.0232026898717
20,1,0,1,89,41,5,23,0.24443748919293284,0.13247077818959951,301.4932577891469,577.2555322597365
21,1,1,0,94,32,2,21,0.39761656103655696,0.7758463725913316,326.5266767865542,663.072213196079
22,0,0,0,177,19,5,23,0.48323641112074256,0.5905635331291705,238.51390776253578,502.83177443132433
23,1,0,0,80,19,3,18,0.48323641112074256,0.5905635331291705,304.5353097720722,574.1226165533504
24,0,0,0,433,23,8,29,0.03834434738382697,0.6661178111098707,233.10159459143176,521.798976210337
25,0,1,0,87,4,5,28,0.20132735022343695,0.74613202130422,309.30573896587254,633.8363862928527
26,0,0,0,72,47,7,22,0.3773106967564672,0.7403151453472674,271.13754352758787,530.8748702573677
27,1,1,1,471,35,5,20,0.6349153537303209,0.31414990592747927,352.03009019104394,778.972964888636
28,1,0,0,205,26,5,20,0.26668567629531026,0.7934630094096065,272.7725536212789,564.3388220249187
29,0,0,0,72,47,7,22,0.3773106967564672,0.7403151453472674,234.1590212329845,534.648973080691
30,0,1,0,315,3,6,23,0.978013844229281,0.1299455715343356,356.5370377550331,745.6499973789023
31,0,0,1,359,41,1,22,0.24443748919293284,0.13247077818959951,260.873110453855,481.6424043870365
32,0,0,0,304,50,4,18,0.9892466596793383,0.7492987331934273,300.828764722021,557.5371573395304
33,0,0,1,377,24,3,22,0.14149569114670157,0.8747874984983355,262.07283697715854,599.8092642667451
34,1,0,0,55,6,7,26,0.7426119421143085,0.6856354165356606,367.4441274931606,725.6880088871923
35,0,0,1,19,38,6,21,0.9087103542406112,0.1694229245185852,289.8910474368863,541.5294270302447
36,1,0,1,87,4,5,28,0.20132735022343695,0.74613202130422,274.6281159007419,610.8347445046418
37,0,0,0,95,28,3,17,0.6121745223645121,0.048944066278636456,253.68452997967273,522.098405188951
38,0,0,0,423,49,5,22,0.5121942616533488,0.6461082133464515,320.8751453087584,710.8353993664459
39,1,1,0,139,3,4,20,0.978013844229281,0.1299455715343356,345.6559989981098,697.6034917317302
40,0,0,1,477,14,4,25,0.14216354000382125,0.6515949983149767,281.5456581493678,655.8896775526562
41,0,0,0,427,34,4,23,0.5088973850943148,0.8422173084691167,291.0956172938046,656.9175744233945
42,1,0,0,88,14,4,18,0.14216354000382125,0.6515949983149767,263.8326500146408,361.57728708302005
43,0,1,1,215,33,8,15,0.8046367336064577,0.31251504993997514,370.2456403567103,841.2372632235682
44,0,0,0,275,1,5,12,0.774368490325287,0.06913358555175364,238.09844867641286,471.28249585184227
45,0,0,0,330,24,3,29,0.14149569114670157,0.8747874984983355,310.68110703932234,661.0192061052708
46,1,0,0,238,18,3,14,0.8916374130640179,0.9109178960788995,360.721554666628,738.0029546371833
47,0,1,0,358,1,1,29,0.774368490325287,0.06913358555175364,350.4208209449788,640.5065012487365
48,0,0,1,123,7,5,17,0.9787284394260496,0.14397736149840057,294.77930945932854,588.6752249473052
49,1,1,0,489,18,5,26,0.8916374130640179,0.9109178960788995,329.83639199928916,726.603086276701
50,1,1,0,497,42,5,19,0.5309706551488489,0.07851310959085822,310.61928386712896,622.10020440449
51,0,0,1,161,41,3,18,0.24443748919293284,0.13247077818959951,301.8265621468126,580.4113006290505
52,0,1,1,215,33,8,15,0.8046367336064577,0.31251504993997514,291.2632692456561,662.0739152994225
53,0,0,0,350,19,4,16,0.48323641112074256,0.5905635331291705,306.14821269438875,576.8759116591062
54,0,0,0,276,24,6,16,0.14149569114670157,0.8747874984983355,291.7538038651573,627.1903079019683
55,0,0,0,386,10,8,30,0.25994612858630717,0.03773271921090782,294.61713614335457,562.8549216633529
56,0,0,0,478,14,3,20,0.14216354000382125,0.6515949983149767,265.862702153229,585.4091252428457
57,0,0,0,373,13,8,16,0.09574478422291577,0.2606025456916541,274.56092858621133,596.5315527976712
58,0,1,0,160,20,6,19,0.4666645280085504,0.9181476451922208,278.52705760898124,688.9870059102658
59,1,1,0,179,28,1,17,0.6121745223645121,0.048944066278636456,373.7998278427708,744.7218441620296
60,0,0,1,128,22,3,25,0.6013455470092595,0.32826394867151976,312.2127024494813,582.2611912607823
61,0,0,1,488,1,9,17,0.774368490325287,0.06913358555175364,330.09998941878575,716.2125989610366
62,1,1,1,490,34,7,20,0.5088973850943148,0.8422173084691167,375.83543176768967,748.1564862893316
63,0,0,0,317,10,7,22,0.25994612858630717,0.03773271921090782,325.01729293026625,635.0157826970083
64,0,0,1,158,19,2,24,0.48323641112074256,0.5905635331291705,235.29391845401176,472.2433858552349
65,0,1,0,6,41,7,27,0.24443748919293284,0.13247077818959951,254.221664174071,519.9747194853254
66,0,0,1,146,8,6,22,0.49811370903626084,0.8910799578297883,246.03810851446505,583.7219562199075
67,0,0,0,281,37,4,27,0.28013089881278574,0.967524380190298,266.9864447978214,522.3484853552421
68,0,0,0,19,38,6,21,0.9087103542406112,0.1694229245185852,278.5099592304048,682.2852223618203
69,0,0,1,78,6,6,20,0.7426119421143085,0.6856354165356606,311.7560562238271,577.190644711804
70,0,1,0,401,17,7,15,0.03654719586484134,0.2661329871043563,248.93021326410084,568.7523654523791
71,0,1,0,152,17,4,17,0.03654719586484134,0.2661329871043563,198.0583152159224,401.63294868411845
72,0,0,1,484,25,6,18,0.8063855252694339,0.0688752664718777,332.39789062527433,623.8437349941753
73,0,0,1,392,47,7,15,0.3773106967564672,0.7403151453472674,234.04951944400665,453.25903801364717
74,1,0,1,376,36,2,28,0.49425172130577266,0.7565638932865113,292.5266470347008,665.68318642112
75,0,0,0,345,19,3,33,0.48323641112074256,0.5905635331291705,284.8488979723954,665.2219075969123
76,0,0,1,19,38,6,21,0.9087103542406112,0.1694229245185852,297.34040474487864,551.4230775572305
77,0,0,1,262,23,5,27,0.03834434738382697,0.6661178111098707,219.72973936752652,438.2948221361511
78,1,1,0,62,36,2,23,0.49425172130577266,0.7565638932865113,308.101143618746,626.4957265303251
79,1,0,0,199,7,7,24,0.9787284394260496,0.14397736149840057,335.6580745142517,729.0676438180637
80,0,1,0,215,33,8,15,0.8046367336064577,0.31251504993997514,311.16456115430054,717.7512889693667
81,0,0,0,487,47,4,15,0.3773106967564672,0.7403151453472674,273.19021241400134,583.2647527443731
82,1,0,0,319,50,4,21,0.9892466596793383,0.7492987331934273,339.49583025540846,673.2606762073298
83,0,0,0,338,7,3,26,0.9787284394260496,0.14397736149840057,234.00722977024918,523.197300214618
84,1,0,0,439,17,6,23,0.03654719586484134,0.2661329871043563,297.77463120994014,665.4276535804686
85,0,0,1,184,28,3,25,0.6121745223645121,0.048944066278636456,270.88091295409845,598.7638329812607
86,1,0,1,334,20,1,21,0.4666645280085504,0.9181476451922208,343.56658448290403,664.4815556486664
87,0,1,0,389,10,7,21,0.25994612858630717,0.03773271921090782,264.98110255122975,568.9972062273533
88,0,0,0,108,30,4,23,0.8535007652826607,0.9145373487845063,323.7503749256942,677.6890468842081
89,0,0,0,384,7,4,21,0.9787284394260496,0.14397736149840057,336.36089945811216,660.6465242539535
90,1,1,1,81,43,4,20,0.11839594203047454,0.37822385248728096,310.01107879150726,724.1527534890857
91,0,0,0,284,10,6,19,0.25994612858630717,0.03773271921090782,234.2449450415464,515.824229257037
92,0,0,1,111,31,6,19,0.46977853984571993,0.7659584856592119,262.4730232802763,547.353229610009
93,1,0,1,4,40,6,11,0.5589970224536955,0.8726507888641208,276.22103548846746,557.5468934662288
94,0,1,0,221,37,7,22,0.28013089881278574,0.967524380190298,239.40459481276164,458.94629318330226
95,0,1,0,432,12,6,22,0.016379052540287375,0.8120638781692833,288.39377573402413,599.7565713241427
96,0,1,0,330,24,3,29,0.14149569114670157,0.8747874984983355,213.4034413567952,467.98572504942484
97,0,0,0,224,9,6,12,0.013315835734829307,0.08963611628860235,193.03423783199736,404.96050558628605
98,1,0,0,398,47,4,13,0.3773106967564672,0.7403151453472674,313.4646433526131,658.4902842442089
99,1,0,0,342,36,4,9,0.49425172130577266,0.7565638932865113,273.9217033281373,595.9513198311389
100,0,0,0,157,46,8,28,0.7385737628210336,0.10853192373178899,305.8656468813241,688.4009174527591
101,1,0,1,119,29,3,20,0.5533483980689198,0.980351353995502,280.365467346316,579.7533348268748
102,0,0,0,116,48,3,20,0.6061688305344433,0.4517896354664117,271.3187455555177,636.8294719695825
103,0,0,0,313,17,8,17,0.03654719586484134,0.2661329871043563,238.28329054191428,573.3554389366735
104,1,0,0,34,14,5,15,0.14216354000382125,0.6515949983149767,268.2051597078302,500.26168816508186
105,0,0,0,444,16,3,16,0.8112564436160028,0.26610612077638507,351.5505831117433,691.0366000745202
106,0,1,0,249,42,3,20,0.5309706551488489,0.07851310959085822,278.2303231053048,598.506647472143
107,0,0,0,274,40,3,20,0.5589970224536955,0.8726507888641208,314.36355602830434,640.092994160007
108,1,0,0,347,2,3,14,0.19722419138997793,0.08462062571197748,296.6730541804508,583.7055323607026
109,0,0,0,158,19,2,24,0.48323641112074256,0.5905635331291705,244.80022990983565,497.0586422916398
110,1,1,0,460,32,4,23,0.39761656103655696,0.7758463725913316,308.95183671685845,697.9773626974518
111,0,1,1,164,3,5,26,0.978013844229281,0.1299455715343356,334.3672616919366,622.9588426258546
112,0,0,0,208,17,5,27,0.03654719586484134,0.2661329871043563,213.53902761329022,477.89633800437934
113,1,1,0,173,33,8,23,0.8046367336064577,0.31251504993997514,391.0526478835785,682.5543400662718
114,0,1,1,270,29,7,22,0.5533483980689198,0.980351353995502,331.41014360364403,683.0673645987863
115,0,0,0,42,48,5,20,0.6061688305344433,0.4517896354664117,312.91780962425673,576.3664013951206
116,0,0,0,414,39,3,29,0.7841161577962339,0.6968751777894795,286.2410230885117,644.6560438139163
117,0,1,0,259,39,3,28,0.7841161577962339,0.6968751777894795,304.70118328924605,615.7840525892525
118,0,0,0,83,34,5,24,0.5088973850943148,0.8422173084691167,311.77620627204175,617.8972334375466
119,0,1,0,249,42,3,20,0.5309706551488489,0.07851310959085822,329.05022228403084,725.051558093202
120,1,1,0,27,35,3,22,0.6349153537303209,0.31414990592747927,314.377379704836,617.7998932513653
121,1,0,0,230,22,3,18,0.6013455470092595,0.32826394867151976,299.72334760697,635.5983174199484
122,1,1,1,332,14,6,16,0.14216354000382125,0.6515949983149767,333.650392986749,609.7132566370268
123,1,1,0,443,22,5,21,0.6013455470092595,0.32826394867151976,304.35536169655876,711.6856523686013
124,0,0,1,145,14,2,23,0.14216354000382125,0.6515949983149767,227.4753528860565,513.3085416757979
125,0,0,1,253,18,4,24,0.8916374130640179,0.9109178960788995,290.92856010784726,648.292638280809
126,0,0,0,33,9,8,21,0.013315835734829307,0.08963611628860235,248.61482517862675,559.3688036921902
127,1,0,0,305,28,5,17,0.6121745223645121,0.048944066278636456,324.25781499817236,624.9408939058854
128,1,1,0,378,16,9,18,0.8112564436160028,0.26610612077638507,396.3244433130508,776.8461071104482
129,1,0,1,10,19,2,22,0.48323641112074256,0.5905635331291705,320.119480363129,597.6403006496391
130,0,0,0,413,8,3,18,0.49811370903626084,0.8910799578297883,294.83551732646043,735.0554792073236
131,0,0,1,87,4,5,28,0.20132735022343695,0.74613202130422,271.1628265465528,592.2895544845929
132,0,0,0,37,7,7,18,0.9787284394260496,0.14397736149840057,285.00857656168006,540.526723024148
133,1,1,0,108,30,4,23,0.8535007652826607,0.9145373487845063,349.1923633863394,768.4252065680017
134,0,0,0,256,10,9,27,0.25994612858630717,0.03773271921090782,228.87909827170546,492.5808135084354
135,0,0,0,351,2,5,21,0.19722419138997793,0.08462062571197748,268.23597109755104,561.4227826490963
136,0,0,1,128,22,3,25,0.6013455470092595,0.32826394867151976,270.83785848987765,595.9175079163001
137,0,0,0,449,33,4,24,0.8046367336064577,0.31251504993997514,302.9778881313371,620.1153773493971
138,0,0,0,250,28,7,21,0.6121745223645121,0.048944066278636456,264.3498411693471,574.8201992844598
139,0,0,0,145,14,2,23,0.14216354000382125,0.6515949983149767,273.70534749088336,566.8842415647503
140,1,1,1,493,13,6,22,0.09574478422291577,0.2606025456916541,277.062815390884,580.1604907689826
141,0,1,0,136,23,6,20,0.03834434738382697,0.6661178111098707,274.17883339235675,512.7072053861004
142,1,1,0,332,14,6,16,0.14216354000382125,0.6515949983149767,309.63018786402574,543.6150376470207
143,0,0,1,398,47,4,13,0.3773106967564672,0.7403151453472674,286.8036078422415,559.8302703692382
144,1,0,0,221,37,7,22,0.28013089881278574,0.967524380190298,288.742190522774,573.8543425542678
145,1,0,0,401,17,7,15,0.03654719586484134,0.2661329871043563,241.98286300027814,498.6781545778303
146,0,0,0,42,48,5,20,0.6061688305344433,0.4517896354664117,249.92878709694793,516.9858663930213
147,1,0,0,127,28,4,22,0.6121745223645121,0.048944066278636456,318.02369496135964,667.5130679391345
148,0,0,1,281,37,4,27,0.28013089881278574,0.967524380190298,258.9913931537765,507.6439770646411
149,0,1,0,141,23,3,13,0.03834434738382697,0.6661178111098707,279.83475892401924,578.0497652189757
150,0,0,0,337,6,7,22,0.7426119421143085,0.6856354165356606,313.85221107445864,612.751879161002
151,0,1,0,397,37,3,15,0.28013089881278574,0.967524380190298,273.8200651504662,556.9135430385569
152,0,1,0,70,25,7,23,0.8063855252694339,0.0688752664718777,349.6323909671024,706.4665660445839
153,1,0,1,238,18,3,14,0.8916374130640179,0.9109178960788995,362.75092409149306,736.7878738728023
154,0,1,0,437,22,1,25,0.6013455470092595,0.32826394867151976,321.47116967237275,633.6581834378059
155,0,0,0,460,32,4,23,0.39761656103655696,0.7758463725913316,260.06872236657193,410.2452492205085
156,0,0,0,186,36,3,15,0.49425172130577266,0.7565638932865113,238.5360695027081,540.5790795432775
157,1,0,0,477,14,4,25,0.14216354000382125,0.6515949983149767,295.1799767232684,641.0169480729519
158,0,1,1,40,48,7,21,0.6061688305344433,0.4517896354664117,259.462478436525,554.2934771931009
159,0,0,0,272,44,5,19,0.9833834334276617,0.5796247583348304,294.2262717676588,688.596328952698
160,0,1,0,330,24,3,29,0.14149569114670157,0.8747874984983355,242.57533563829918,549.4395781874729
161,0,0,0,185,27,6,20,0.042702050879597664,0.5714270058088005,291.0472346271218,534.943604910352
162,1,1,0,13,5,4,16,0.36124442727304995,0.0388791817240417,348.3467140864183,706.8498650872701
163,0,0,1,145,14,2,23,0.14216354000382125,0.6515949983149767,274.2131404902129,583.7460205185356
164,0,0,0,458,22,9,18,0.6013455470092595,0.32826394867151976,283.3542392825074,643.4286948961563
165,1,0,0,63,47,5,28,0.3773106967564672,0.7403151453472674,261.687165701376,537.5921181379473
166,0,0,0,459,48,4,11,0.6061688305344433,0.4517896354664117,290.19139858991474,481.19461870215173
167,1,0,0,266,48,8,13,0.6061688305344433,0.4517896354664117,286.2833387531947,644.3565347257694
168,0,0,0,410,7,2,28,0.9787284394260496,0.14397736149840057,338.975725011609,529.9554313556439
169,1,0,1,57,24,5,24,0.14149569114670157,0.8747874984983355,269.230311553357,591.858594957447
170,0,0,0,357,49,8,14,0.5121942616533488,0.6461082133464515,269.7354337416602,551.6244246638967
171,0,1,0,453,19,6,23,0.48323641112074256,0.5905635331291705,247.8511305174182,535.7364084976039
172,1,0,0,409,48,9,16,0.6061688305344433,0.4517896354664117,320.05318552647486,640.603677605004
173,0,1,0,370,27,6,21,0.042702050879597664,0.5714270058088005,231.48502692238267,486.95749835934095
174,0,1,0,361,8,4,20,0.49811370903626084,0.8910799578297883,290.68635527787717,657.1937200917152
175,0,1,1,182,25,7,21,0.8063855252694339,0.0688752664718777,342.8842998190807,740.3735523150515
176,1,1,0,498,31,5,13,0.46977853984571993,0.7659584856592119,368.1031907476779,729.9956712268082
177,0,1,0,348,12,6,32,0.016379052540287375,0.8120638781692833,302.79901381929614,671.8535925697155
178,0,0,0,183,29,6,19,0.5533483980689198,0.980351353995502,256.49851431296884,546.755141148111
179,0,0,0,407,15,6,19,0.21112623764202,0.9238038510084152,288.3926821754338,548.2900396110266
180,1,0,0,139,3,4,20,0.978013844229281,0.1299455715343356,387.616728710298,840.3143728104243
181,1,1,1,140,38,3,18,0.9087103542406112,0.1694229245185852,334.75773468745257,616.6469552818868
182,0,0,1,378,16,9,18,0.8112564436160028,0.26610612077638507,291.21172589079004,566.297740603979
183,0,0,0,376,36,2,28,0.49425172130577266,0.7565638932865113,208.5220189348728,377.9642579210844
184,0,0,0,259,39,3,28,0.7841161577962339,0.6968751777894795,302.2875152308268,603.3535274169843
185,0,0,0,227,44,10,24,0.9833834334276617,0.5796247583348304,317.2660047725855,566.2859790694791
186,0,0,0,496,41,4,22,0.24443748919293284,0.13247077818959951,208.76983212839593,394.08868568130805
187,1,0,0,230,22,3,18,0.6013455470092595,0.32826394867151976,344.3419160625817,649.9006435127463
188,0,0,0,263,39,5,14,0.7841161577962339,0.6968751777894795,321.6527049419225,675.2796464782467
189,0,0,1,255,19,5,19,0.48323641112074256,0.5905635331291705,251.91395821327725,533.781407178169
190,0,0,1,46,37,7,20,0.28013089881278574,0.967524380190298,295.79344477354266,578.1340033108124
191,0,1,0,81,43,4,20,0.11839594203047454,0.37822385248728096,257.24204827506185,479.10472081364327
192,0,0,0,327,13,5,18,0.09574478422291577,0.2606025456916541,237.47427319446916,447.11734795479845
193,0,1,0,241,49,4,22,0.5121942616533488,0.6461082133464515,293.78236875985226,578.9043013021796
194,0,1,1,14,25,5,22,0.8063855252694339,0.0688752664718777,329.69368111975916,606.315493176188
195,1,0,1,415,34,6,13,0.5088973850943148,0.8422173084691167,317.09345641239827,596.0884793066741
196,1,0,0,282,36,9,21,0.49425172130577266,0.7565638932865113,303.71176851943676,578.4027928877591
197,0,0,1,97,23,10,28,0.03834434738382697,0.6661178111098707,273.461670568262,550.4288736257099
198,0,1,0,494,41,3,24,0.24443748919293284,0.13247077818959951,283.6953523332333,534.1432541524293
199,0,0,0,259,39,3,28,0.7841161577962339,0.6968751777894795,299.71763003548125,557.6112877887646
200,0,0,0,493,13,6,22,0.09574478422291577,0.2606025456916541,283.36300156096075,577.5616572292372
201,0,0,0,165,13,5,14,0.09574478422291577,0.2606025456916541,254.56096651152336,549.4326452260963
202,0,1,0,104,9,3,21,0.013315835734829307,0.08963611628860235,283.7386512119463,648.5567757759575
203,0,1,1,480,47,2,22,0.3773106967564672,0.7403151453472674,315.26547011015174,690.3277836191759
204,0,1,0,218,49,8,27,0.5121942616533488,0.6461082133464515,306.9748429295236,690.1243275192014
205,0,0,1,431,27,5,21,0.042702050879597664,0.5714270058088005,247.39345404069795,467.68024135737267
206,0,0,1,309,14,2,25,0.14216354000382125,0.6515949983149767,289.78946680408507,608.475539905524
207,0,0,0,104,9,3,21,0.013315835734829307,0.08963611628860235,233.67619432951295,561.7013405277061
208,0,0,0,433,23,8,29,0.03834434738382697,0.6661178111098707,265.697645627222,575.4921268254963
209,1,1,0,41,11,5,27,0.775893080746755,0.774874358670786,310.3060557108336,625.9531739086775
210,0,0,0,161,41,3,18,0.24443748919293284,0.13247077818959951,290.4304032388485,602.2429658605722
211,0,0,0,208,17,5,27,0.03654719586484134,0.2661329871043563,204.63034421822346,536.3133319886705
212,0,0,0,427,34,4,23,0.5088973850943148,0.8422173084691167,360.52134448809136,675.9411189752684
213,0,0,0,353,8,6,23,0.49811370903626084,0.8910799578297883,296.3133564565352,615.8434139964087
214,0,0,0,253,18,4,24,0.8916374130640179,0.9109178960788995,227.03921869177495,501.4734850813612
215,1,1,0,177,19,5,23,0.48323641112074256,0.5905635331291705,343.4801643574642,683.5091089076204
216,0,0,0,469,50,7,28,0.9892466596793383,0.7492987331934273,355.7056583868892,704.6081353224592
217,0,1,1,425,2,5,14,0.19722419138997793,0.08462062571197748,303.4537747660337,579.691292415857
218,0,1,1,224,9,6,12,0.013315835734829307,0.08963611628860235,262.81548134522836,589.2494171278161
219,1,1,0,271,38,3,20,0.9087103542406112,0.1694229245185852,365.18159156190654,727.3767662954193
220,0,0,0,312,50,3,22,0.9892466596793383,0.7492987331934273,340.70754464902336,649.8239218773027
221,0,0,0,298,10,2,20,0.25994612858630717,0.03773271921090782,284.3674348761021,561.5271130184539
222,1,1,1,471,35,5,20,0.6349153537303209,0.31414990592747927,287.0005213106281,559.7616145881952
223,1,0,0,157,46,8,28,0.7385737628210336,0.10853192373178899,268.36434869293606,623.5973076320582
224,0,0,0,171,28,4,14,0.6121745223645121,0.048944066278636456,276.9554031724853,709.7157030014204
225,0,0,1,356,47,10,25,0.3773106967564672,0.7403151453472674,286.94840521673393,596.7818081801236
226,0,1,0,470,39,5,22,0.7841161577962339,0.6968751777894795,353.71995449171226,622.6877000341099
227,0,0,0,227,44,10,24,0.9833834334276617,0.5796247583348304,326.6400932629108,598.613130744835
228,1,0,0,25,20,7,18,0.4666645280085504,0.9181476451922208,282.8196935962681,612.026114756695
229,0,1,1,474,33,2,23,0.8046367336064577,0.31251504993997514,312.80440325465804,632.3592487146034
230,0,0,0,453,19,6,23,0.48323641112074256,0.5905635331291705,285.19496112433546,544.6883396896424
231,1,0,0,69,15,3,15,0.21112623764202,0.9238038510084152,260.2229008996343,539.6466308944492
232,0,1,1,125,38,5,23,0.9087103542406112,0.1694229245185852,338.10569721707037,688.5648718426271
233,0,0,0,53,19,10,11,0.48323641112074256,0.5905635331291705,339.30630067227395,649.7540081242682
234,0,0,1,187,47,3,20,0.3773106967564672,0.7403151453472674,204.91813387845627,371.9620327677927
235,1,1,0,39,26,5,12,0.26668567629531026,0.7934630094096065,356.5419543038225,707.10851785885
236,1,0,1,370,27,6,21,0.042702050879597664,0.5714270058088005,256.45433530232845,493.4947990438711
237,0,0,0,192,2,10,19,0.19722419138997793,0.08462062571197748,296.1172648610237,616.5115233838072
238,0,0,0,202,44,6,16,0.9833834334276617,0.5796247583348304,305.21147751470863,618.7854633947043
239,0,0,1,118,31,6,19,0.46977853984571993,0.7659584856592119,326.32614231854325,697.4500584581235
240,0,0,1,427,34,4,23,0.5088973850943148,0.8422173084691167,285.5521196475141,628.489118873722
241,1,0,1,121,30,7,24,0.8535007652826607,0.9145373487845063,333.10999621723727,618.7836245606745
242,0,0,0,148,48,3,17,0.6061688305344433,0.4517896354664117,293.44837061709495,491.78271475113445
243,0,1,0,301,25,7,27,0.8063855252694339,0.0688752664718777,323.9086217132339,779.5270369584302
244,0,0,1,28,29,3,18,0.5533483980689198,0.980351353995502,286.3052373181519,512.805554550142
245,0,1,0,269,15,10,18,0.21112623764202,0.9238038510084152,215.25600638280682,429.63529974077346
246,0,1,1,56,18,3,28,0.8916374130640179,0.9109178960788995,327.14495502115074,618.0045753845303
247,0,1,0,488,1,9,17,0.774368490325287,0.06913358555175364,351.58530620545923,796.9683816973572
248,1,0,0,223,39,5,17,0.7841161577962339,0.6968751777894795,356.7977770171144,560.719223069349
249,0,0,0,463,47,8,21,0.3773106967564672,0.7403151453472674,246.80958602483875,368.8837763166913
250,0,0,0,14,25,5,22,0.8063855252694339,0.0688752664718777,318.27542674441474,589.0960762168918
251,0,0,1,254,4,3,19,0.20132735022343695,0.74613202130422,294.5183775539329,597.3618047923088
252,1,0,0,315,3,6,23,0.978013844229281,0.1299455715343356,362.1704445913957,714.928777868781
253,0,0,0,386,10,8,30,0.25994612858630717,0.03773271921090782,248.385518532126,618.0850433085695
254,1,0,0,474,33,2,23,0.8046367336064577,0.31251504993997514,360.82917526502405,812.2922477521032
255,0,0,1,350,19,4,16,0.48323641112074256,0.5905635331291705,260.4005671296124,489.4136693080764
256,1,1,0,85,19,3,27,0.48323641112074256,0.5905635331291705,314.3670467600163,520.0772421189173
257,0,1,0,108,30,4,23,0.8535007652826607,0.9145373487845063,347.4793953834244,749.9461496446394
258,1,0,1,294,50,9,17,0.9892466596793383,0.7492987331934273,339.1465694923111,726.917099673463
259,1,1,0,21,32,6,22,0.39761656103655696,0.7758463725913316,309.3965916451305,587.958727070507
260,0,1,1,322,31,4,21,0.46977853984571993,0.7659584856592119,291.6324718729088,640.7183072669001
261,0,0,0,300,20,5,13,0.4666645280085504,0.9181476451922208,234.59597461985518,493.5434292891308
262,0,1,1,443,22,5,21,0.6013455470092595,0.32826394867151976,267.5375498125311,456.4968043512562
263,0,0,1,455,50,3,19,0.9892466596793383,0.7492987331934273,308.4811444935284,631.4979722727808
264,0,0,1,166,21,5,17,0.9842240803409368,0.6037942769471556,270.4114273269996,480.555131767735
265,1,1,0,188,41,1,18,0.24443748919293284,0.13247077818959951,329.5491667747424,638.3764446370794
266,1,0,1,284,10,6,19,0.25994612858630717,0.03773271921090782,320.30463304883693,706.1800768473948
267,0,0,0,85,19,3,27,0.48323641112074256,0.5905635331291705,302.9540722116949,549.8829798236051
268,0,0,0,166,21,5,17,0.9842240803409368,0.6037942769471556,321.16817464581254,632.3000023831908
269,0,1,1,138,14,5,17,0.14216354000382125,0.6515949983149767,265.9963014623945,563.4054397852498
270,0,0,0,50,50,4,23,0.9892466596793383,0.7492987331934273,322.1512323001678,638.7354718450017
271,0,0,0,132,42,5,17,0.5309706551488489,0.07851310959085822,251.71877463747637,592.2640880009315
272,0,0,0,74,43,6,13,0.11839594203047454,0.37822385248728096,253.02208133077352,614.6342578946831
273,0,1,1,244,34,9,25,0.5088973850943148,0.8422173084691167,340.4621808487241,764.6103516157104
274,1,0,0,122,44,5,21,0.9833834334276617,0.5796247583348304,367.21437204126914,663.4019685497585
275,0,1,0,476,23,1,15,0.03834434738382697,0.6661178111098707,250.71355932071188,513.661294494046
276,0,0,0,6,41,7,27,0.24443748919293284,0.13247077818959951,305.6200815777012,725.3880295404674
277,1,1,1,405,49,5,20,0.5121942616533488,0.6461082133464515,349.6935636406638,755.7569038169466
278,0,0,0,181,37,7,22,0.28013089881278574,0.967524380190298,321.93743149204334,651.9052145308996
279,0,1,0,279,45,6,18,0.8977528435643762,0.5364251248538494,301.7669232186074,653.968401262267
280,1,1,1,293,43,3,32,0.11839594203047454,0.37822385248728096,286.6002799481969,554.92197766368
281,1,1,1,189,1,9,26,0.774368490325287,0.06913358555175364,362.8984314102841,775.312764569615
282,0,1,0,263,39,5,14,0.7841161577962339,0.6968751777894795,346.03868358299144,760.4139491046435
283,0,1,0,468,48,6,14,0.6061688305344433,0.4517896354664117,266.8073675735323,540.3611299434718
284,0,1,0,117,39,8,23,0.7841161577962339,0.6968751777894795,270.6610152035716,566.6574812243233
285,0,0,0,72,47,7,22,0.3773106967564672,0.7403151453472674,295.1189329836742,614.5035466970165
286,0,0,1,477,14,4,25,0.14216354000382125,0.6515949983149767,242.93558638185667,497.48833662634024
287,0,1,0,320,40,6,20,0.5589970224536955,0.8726507888641208,292.7647727292862,677.9424377172581
288,0,0,0,478,14,3,20,0.14216354000382125,0.6515949983149767,290.5472579166068,535.2640722312101
289,0,1,1,67,29,5,28,0.5533483980689198,0.980351353995502,344.5691511190553,705.6355967581444
290,1,0,1,137,50,2,14,0.9892466596793383,0.7492987331934273,313.0302425976876,572.6068761577791
291,1,0,1,79,29,6,23,0.5533483980689198,0.980351353995502,311.51082149835986,608.6119271166223
292,0,1,1,456,15,7,24,0.21112623764202,0.9238038510084152,293.15306095865543,615.1514802767448
293,0,0,0,389,10,7,21,0.25994612858630717,0.03773271921090782,291.0035493879744,630.4296308350487
294,0,0,1,140,38,3,18,0.9087103542406112,0.1694229245185852,294.8696068601535,586.0300351443593
295,1,0,1,158,19,2,24,0.48323641112074256,0.5905635331291705,333.10571239075773,603.4666774327616
296,0,0,0,37,7,7,18,0.9787284394260496,0.14397736149840057,292.6664061674966,659.9065212538807
297,0,0,0,154,16,4,23,0.8112564436160028,0.26610612077638507,330.2413231173902,557.9898697498031
298,0,0,0,235,1,5,19,0.774368490325287,0.06913358555175364,279.1199713717069,560.5029695568367
299,0,0,0,403,41,3,27,0.24443748919293284,0.13247077818959951,225.48474203053505,585.1361314455514
300,0,0,0,322,31,4,21,0.46977853984571993,0.7659584856592119,325.27548345869616,647.58169245302
301,1,0,0,24,35,2,27,0.6349153537303209,0.31414990592747927,401.3827183748265,754.2602882092356
302,0,1,0,348,12,6,32,0.016379052540287375,0.8120638781692833,237.15710653094797,478.07375929999927
303,0,0,0,151,24,6,17,0.14149569114670157,0.8747874984983355,277.22865458089973,463.8291123030501
304,0,1,0,396,29,5,18,0.5533483980689198,0.980351353995502,301.2044055084719,557.0121944614608
305,0,1,0,463,47,8,21,0.3773106967564672,0.7403151453472674,259.4201040561868,485.37719227194714
306,0,0,0,82,27,3,27,0.042702050879597664,0.5714270058088005,258.63036884282445,479.17804782350436
307,1,1,0,17,30,6,13,0.8535007652826607,0.9145373487845063,303.3566469818086,565.1199315630204
308,0,0,0,193,2,3,20,0.19722419138997793,0.08462062571197748,221.49056784466018,454.869271441784
309,1,1,0,251,26,3,20,0.26668567629531026,0.7934630094096065,299.5049681823201,594.7888401949941
310,0,1,0,28,29,3,18,0.5533483980689198,0.980351353995502,329.52186542587503,597.8991620715142
311,0,0,0,140,38,3,18,0.9087103542406112,0.1694229245185852,369.41062637660946,748.7870972531842
312,0,1,0,414,39,3,29,0.7841161577962339,0.6968751777894795,273.4389362605941,673.759496326398
313,0,0,0,162,31,3,23,0.46977853984571993,0.7659584856592119,252.40017549202653,425.1772172944798
314,0,0,1,326,14,5,25,0.14216354000382125,0.6515949983149767,263.32668325488623,525.2315465139715
315,0,1,1,421,12,5,20,0.016379052540287375,0.8120638781692833,218.7344610407409,456.5530514286364
316,1,1,0,77,7,4,25,0.9787284394260496,0.14397736149840057,331.3985768465876,636.8602319035111
317,0,0,0,328,22,3,23,0.6013455470092595,0.32826394867151976,309.2085448615849,622.4730183437125
318,0,0,0,88,14,4,18,0.14216354000382125,0.6515949983149767,264.41200269347183,490.0856559559408
319,1,1,0,157,46,8,28,0.7385737628210336,0.10853192373178899,392.22513906645065,725.2945721407059
320,1,0,0,272,44,5,19,0.9833834334276617,0.5796247583348304,381.71759826434015,718.0437498499888
321,0,0,0,282,36,9,21,0.49425172130577266,0.7565638932865113,250.1337328997578,506.3063369867512
322,0,0,0,269,15,10,18,0.21112623764202,0.9238038510084152,218.58468326463503,485.1572471925608
323,1,0,0,484,25,6,18,0.8063855252694339,0.0688752664718777,309.33831026106964,584.4015953416139
324,0,0,0,110,25,0,15,0.8063855252694339,0.0688752664718777,297.3041646059953,653.4551676348793
325,0,0,0,197,29,8,24,0.5533483980689198,0.980351353995502,264.92710744213196,597.7422915543211
326,1,0,0,216,36,4,27,0.49425172130577266,0.7565638932865113,314.0446897058815,733.0418769915055
327,0,0,0,376,36,2,28,0.49425172130577266,0.7565638932865113,306.9895630070223,593.1607034048798
328,1,0,0,221,37,7,22,0.28013089881278574,0.967524380190298,251.05665971881018,579.4026611142694
329,0,0,0,81,43,4,20,0.11839594203047454,0.37822385248728096,268.0455844104916,508.38526317635876
330,0,1,0,258,23,3,21,0.03834434738382697,0.6661178111098707,227.2220761228437,486.26889759701913
331,0,1,0,133,20,7,11,0.4666645280085504,0.9181476451922208,353.5564668656612,760.5910855068597
332,1,0,0,169,39,3,31,0.7841161577962339,0.6968751777894795,253.1389046947302,576.2443351337209
333,0,0,0,245,41,6,30,0.24443748919293284,0.13247077818959951,291.59150706288636,601.269070098655
334,0,1,0,96,6,4,15,0.7426119421143085,0.6856354165356606,278.4461831850151,568.2277256875918
335,0,0,0,369,2,4,17,0.19722419138997793,0.08462062571197748,237.59396562396853,540.3943203006268
336,0,1,0,410,7,2,28,0.9787284394260496,0.14397736149840057,363.75332974614844,719.3831017482235
337,0,0,1,166,21,5,17,0.9842240803409368,0.6037942769471556,311.239784489896,623.5767721458719
338,0,0,0,136,23,6,20,0.03834434738382697,0.6661178111098707,265.72265729663576,480.99260899310366
339,0,0,1,144,19,5,21,0.48323641112074256,0.5905635331291705,233.7255661336904,491.1738940311233
340,1,0,0,167,21,6,21,0.9842240803409368,0.6037942769471556,344.41002707436536,653.7592165737215
341,0,1,0,265,27,5,24,0.042702050879597664,0.5714270058088005,262.80322051853096,636.2971136383303
342,1,0,1,335,47,7,16,0.3773106967564672,0.7403151453472674,318.26313376756866,564.7178745974215
343,1,0,1,337,6,7,22,0.7426119421143085,0.6856354165356606,295.47256415543575,590.4637144789842
344,1,0,0,74,43,6,13,0.11839594203047454,0.37822385248728096,282.8025505080261,557.5302607446024
345,0,0,0,245,41,6,30,0.24443748919293284,0.13247077818959951,297.1167060787945,664.2526594943763
346,0,0,0,441,21,3,18,0.9842240803409368,0.6037942769471556,323.26381265036656,631.1107645483191
347,1,0,0,365,48,4,19,0.6061688305344433,0.4517896354664117,334.78508682788447,635.7155378425847
348,0,0,0,283,49,3,20,0.5121942616533488,0.6461082133464515,274.17886667321847,609.4189747489049
349,0,1,0,186,36,3,15,0.49425172130577266,0.7565638932865113,308.31363143932555,544.0907321062042
350,0,1,0,354,38,3,27,0.9087103542406112,0.1694229245185852,330.74154368658486,681.0790089709595
351,0,0,0,108,30,4,23,0.8535007652826607,0.9145373487845063,349.5401001881299,702.6169257722626
352,0,0,0,81,43,4,20,0.11839594203047454,0.37822385248728096,281.59010644780176,599.3510847415312
353,0,1,1,452,6,5,16,0.7426119421143085,0.6856354165356606,309.91753518255683,606.6953290899822
354,0,0,1,467,5,4,17,0.36124442727304995,0.0388791817240417,261.38451075678074,574.6982038853009
355,0,1,0,347,2,3,14,0.19722419138997793,0.08462062571197748,337.12999147639584,726.8929317596709
356,0,0,1,15,37,6,21,0.28013089881278574,0.967524380190298,192.9180481500623,413.56710323512993
357,0,0,0,342,36,4,9,0.49425172130577266,0.7565638932865113,231.0456166896649,380.15417934762763
358,0,1,0,118,31,6,19,0.46977853984571993,0.7659584856592119,308.384346073305,614.3832721271115
359,0,0,1,84,31,4,20,0.46977853984571993,0.7659584856592119,264.6390569510994,567.8040238225929
360,0,0,0,244,34,9,25,0.5088973850943148,0.8422173084691167,293.72497858750626,687.4785554840837
361,0,0,0,220,38,5,15,0.9087103542406112,0.1694229245185852,279.85583124636656,541.3395012074706
362,1,0,0,102,18,5,22,0.8916374130640179,0.9109178960788995,320.27751818717275,650.1261920897892
363,1,0,0,403,41,3,27,0.24443748919293284,0.13247077818959951,326.83872770929764,676.444393355754
364,0,0,1,238,18,3,14,0.8916374130640179,0.9109178960788995,283.04227589808386,615.142856591402
365,0,1,0,409,48,9,16,0.6061688305344433,0.4517896354664117,330.1620867916782,682.3752021878291
366,1,1,0,130,11,8,16,0.775893080746755,0.774874358670786,381.1257135472309,848.5292945978939
367,0,1,0,445,38,9,16,0.9087103542406112,0.1694229245185852,273.0282196621116,560.9786212614306
368,0,0,1,4,40,6,11,0.5589970224536955,0.8726507888641208,264.37452874737323,445.7607254680148
369,0,0,1,80,19,3,18,0.48323641112074256,0.5905635331291705,295.24017982525515,682.766477526384
370,0,0,0,129,23,1,19,0.03834434738382697,0.6661178111098707,262.0323430762726,538.859682444223
371,1,0,1,412,18,5,29,0.8916374130640179,0.9109178960788995,296.3808186723178,550.8929269281169
372,0,0,1,318,34,3,21,0.5088973850943148,0.8422173084691167,303.9768708334909,548.2289747242211
373,0,1,1,213,41,2,27,0.24443748919293284,0.13247077818959951,294.6694359122271,619.168737971417
374,0,1,0,397,37,3,15,0.28013089881278574,0.967524380190298,236.3125596956625,539.8989417471967
375,1,0,0,326,14,5,25,0.14216354000382125,0.6515949983149767,241.86388600659706,443.2005559199554
376,0,0,0,405,49,5,20,0.5121942616533488,0.6461082133464515,366.8398286249182,714.2244451000289
377,0,0,0,134,40,8,18,0.5589970224536955,0.8726507888641208,274.813299755197,592.3566278556317
378,0,1,0,309,14,2,25,0.14216354000382125,0.6515949983149767,298.4815027893149,587.1701430572192
379,1,1,0,130,11,8,16,0.775893080746755,0.774874358670786,329.2215400499382,713.477137970565
380,0,0,1,24,35,2,27,0.6349153537303209,0.31414990592747927,319.87046017798815,647.5871741729642
381,0,1,0,137,50,2,14,0.9892466596793383,0.7492987331934273,329.4409692186118,682.6891622910296
382,0,0,0,278,50,4,18,0.9892466596793383,0.7492987331934273,281.23342055031617,523.1327595754921
383,0,0,0,51,40,11,23,0.5589970224536955,0.8726507888641208,298.90046133775286,622.444882084103
384,0,0,1,495,44,0,14,0.9833834334276617,0.5796247583348304,295.94848961285976,576.9708969150827
385,0,0,0,207,24,6,18,0.14149569114670157,0.8747874984983355,264.7625543047737,489.9407826223812
386,0,1,0,272,44,5,19,0.9833834334276617,0.5796247583348304,309.84310477117884,622.4167167756982
387,0,0,0,340,14,2,21,0.14216354000382125,0.6515949983149767,260.9059009877244,581.8227719279967
388,0,0,1,321,22,4,14,0.6013455470092595,0.32826394867151976,326.2295896632941,597.4401937393488
389,0,0,1,152,17,4,17,0.03654719586484134,0.2661329871043563,268.6041883731839,533.6448300962228
390,0,0,0,142,23,7,15,0.03834434738382697,0.6661178111098707,223.4894828138888,439.95079238836087
391,0,0,1,156,6,4,19,0.7426119421143085,0.6856354165356606,279.9311971760397,613.5939766482143
392,0,0,1,403,41,3,27,0.24443748919293284,0.13247077818959951,300.51519240712776,543.488543285273
393,0,1,1,118,31,6,19,0.46977853984571993,0.7659584856592119,210.8085585693069,472.8800748693784
394,0,0,0,36,41,6,20,0.24443748919293284,0.13247077818959951,326.8463765956785,552.1992855935175
395,1,0,0,344,50,7,16,0.9892466596793383,0.7492987331934273,334.5327199566523,641.1642128557626
396,0,0,0,230,22,3,18,0.6013455470092595,0.32826394867151976,260.4727576963735,518.436752291529
397,0,1,1,473,9,5,11,0.013315835734829307,0.08963611628860235,259.4567232653009,562.3997732936555
398,0,0,0,211,16,8,23,0.8112564436160028,0.26610612077638507,327.5207931855843,655.7928812942848
399,0,0,0,184,28,3,25,0.6121745223645121,0.048944066278636456,312.8805560792857,624.8447612564178
400,0,0,1,471,35,5,20,0.6349153537303209,0.31414990592747927,347.13777570869183,721.5415486540802
401,0,0,1,358,1,1,29,0.774368490325287,0.06913358555175364,299.05614104289515,670.6861452174044
402,0,0,0,297,3,8,23,0.978013844229281,0.1299455715343356,265.89447622902475,451.6658087235697
403,1,1,1,35,29,8,25,0.5533483980689198,0.980351353995502,312.1135217463063,670.7292634661908
404,0,1,0,223,39,5,17,0.7841161577962339,0.6968751777894795,330.2254646156448,718.7915134433002
405,0,1,0,148,48,3,17,0.6061688305344433,0.4517896354664117,295.68606804648863,664.6380186816572
406,0,0,1,439,17,6,23,0.03654719586484134,0.2661329871043563,215.2856272625995,422.1229437474996
407,0,0,1,469,50,7,28,0.9892466596793383,0.7492987331934273,306.37757009655473,666.476038513448
408,0,0,1,72,47,7,22,0.3773106967564672,0.7403151453472674,285.7865673872765,568.9075685981838
409,0,0,0,268,18,7,24,0.8916374130640179,0.9109178960788995,282.14688690799323,621.6162268807717
410,1,0,0,287,15,3,22,0.21112623764202,0.9238038510084152,279.8310251652646,592.1514466731484
411,1,1,1,70,25,7,23,0.8063855252694339,0.0688752664718777,343.8427382490119,780.3820671700097
412,0,0,1,97,23,10,28,0.03834434738382697,0.6661178111098707,245.56318811356513,500.1598478954759
413,0,0,1,18,48,5,30,0.6061688305344433,0.4517896354664117,281.61118486074963,678.1325004414819
414,0,0,0,247,48,5,18,0.6061688305344433,0.4517896354664117,299.38707578468956,554.0179846701815
415,0,0,0,453,19,6,23,0.48323641112074256,0.5905635331291705,279.62727824404146,569.1300450798598
416,0,0,0,120,1,5,17,0.774368490325287,0.06913358555175364,290.06664692666953,606.7364821792612
417,0,0,1,489,18,5,26,0.8916374130640179,0.9109178960788995,308.57665488672643,538.9909107042241
418,0,0,0,51,40,11,23,0.5589970224536955,0.8726507888641208,282.8088065659529,622.3640799247534
419,1,1,1,13,5,4,16,0.36124442727304995,0.0388791817240417,330.1811872536468,633.3798129892734
420,0,1,1,410,7,2,28,0.9787284394260496,0.14397736149840057,330.18978218604667,630.8430523115235
421,0,1,0,461,14,5,18,0.14216354000382125,0.6515949983149767,276.6380671444967,491.8845740144534
422,0,1,0,211,16,8,23,0.8112564436160028,0.26610612077638507,308.4299047916209,686.9253708249914
423,0,0,1,160,20,6,19,0.4666645280085504,0.9181476451922208,272.6174905414259,641.6424170575677
424,0,0,0,110,25,0,15,0.8063855252694339,0.0688752664718777,352.97563479944876,800.3255642480558
425,0,0,0,35,29,8,25,0.5533483980689198,0.980351353995502,280.2385314161105,602.0233562478655
426,0,0,0,71,45,6,18,0.8977528435643762,0.5364251248538494,325.7495758948694,763.7369527410128
427,1,1,0,62,36,2,23,0.49425172130577266,0.7565638932865113,321.2589908434328,636.4839857637504
428,0,1,0,467,5,4,17,0.36124442727304995,0.0388791817240417,341.1166687033662,736.5497928781509
429,1,1,1,423,49,5,22,0.5121942616533488,0.6461082133464515,303.11632408015595,645.8329121454625
430,1,0,1,250,28,7,21,0.6121745223645121,0.048944066278636456,364.27761152760553,739.9303918726456
431,0,1,0,387,43,12,24,0.11839594203047454,0.37822385248728096,255.10529786445744,492.017794413888
432,0,0,0,20,30,6,26,0.8535007652826607,0.9145373487845063,307.97177695948267,543.33413618574275
433,0,1,1,428,38,11,25,0.9087103542406112,0.1694229245185852,354.79858274523457,668.1990416581766
434,0,0,0,91,32,3,18,0.39761656103655696,0.7758463725913316,236.7708775249203,577.3763988838228
435,0,0,0,81,43,4,20,0.11839594203047454,0.37822385248728096,256.381143556272,593.05611802095
436,0,0,0,347,2,3,14,0.19722419138997793,0.08462062571197748,236.59843133532476,491.9713236257376
437,1,0,1,273,48,9,24,0.6061688305344433,0.4517896354664117,334.0045278835445,675.2940349647826
438,1,1,1,30,47,1,23,0.3773106967564672,0.7403151453472674,265.2587276467216,510.4266859345925
439,1,0,1,296,31,10,14,0.46977853984571993,0.7659584856592119,324.35271500121576,621.0900863186782
440,0,0,1,113,29,5,24,0.5533483980689198,0.980351353995502,276.41856555540863,579.2703050929769
441,0,1,0,316,9,4,22,0.013315835734829307,0.08963611628860235,225.7171736254454,453.9745149468888
442,0,1,0,408,33,5,16,0.8046367336064577,0.31251504993997514,320.85473155844755,611.5850000534341
443,0,0,0,87,4,5,28,0.20132735022343695,0.74613202130422,256.23842083474005,499.282316698
444,0,0,0,250,28,7,21,0.6121745223645121,0.048944066278636456,294.9252585471563,626.8339107042643
445,1,0,0,95,28,3,17,0.6121745223645121,0.048944066278636456,299.74965904736825,596.7663804067186
446,0,1,1,452,6,5,16,0.7426119421143085,0.6856354165356606,314.97007075962836,661.1124616713354
447,1,0,0,410,7,2,28,0.9787284394260496,0.14397736149840057,355.89231951452047,699.8015305603645
448,0,0,0,85,19,3,27,0.48323641112074256,0.5905635331291705,333.7056178696945,615.0383992074379
449,1,0,0,447,31,1,18,0.46977853984571993,0.7659584856592119,343.7176980905392,617.9933190109923
450,0,0,0,387,43,12,24,0.11839594203047454,0.37822385248728096,307.10639759254394,537.059506957448
451,0,0,0,23,33,2,15,0.8046367336064577,0.31251504993997514,312.2713914627601,572.5101244700677
452,1,0,1,283,49,3,20,0.5121942616533488,0.6461082133464515,280.65811266042357,510.48141863496664
453,0,1,0,471,35,5,20,0.6349153537303209,0.31414990592747927,297.0741377787533,572.647833034397
454,0,1,1,453,19,6,23,0.48323641112074256,0.5905635331291705,277.15420748825676,478.20499395294246
455,1,0,1,21,32,6,22,0.39761656103655696,0.7758463725913316,256.8293221621765,529.465271149695
456,1,1,0,251,26,3,20,0.26668567629531026,0.7934630094096065,328.7579982038592,608.755306325067
457,0,0,1,220,38,5,15,0.9087103542406112,0.1694229245185852,253.17054458839942,510.84399071835725
458,1,1,1,157,46,8,28,0.7385737628210336,0.10853192373178899,338.23745539348926,654.208496866128
459,1,0,0,29,23,3,18,0.03834434738382697,0.6661178111098707,298.33273965682946,597.9496754998129
460,1,1,0,309,14,2,25,0.14216354000382125,0.6515949983149767,238.22372669805068,471.3397533795945
461,0,1,1,103,5,6,17,0.36124442727304995,0.0388791817240417,321.6541399692883,640.2038859291655
462,0,0,0,34,14,5,15,0.14216354000382125,0.6515949983149767,257.9375290167224,526.2233008245166
463,0,0,0,293,43,3,32,0.11839594203047454,0.37822385248728096,254.40805830728073,649.9629784008387
464,0,0,0,418,5,2,19,0.36124442727304995,0.0388791817240417,316.17429619796906,669.5022591138577
465,0,1,0,205,26,5,20,0.26668567629531026,0.7934630094096065,302.8228010743826,584.1177952948708
466,0,1,0,13,5,4,16,0.36124442727304995,0.0388791817240417,302.22548512964545,744.3570192120186
467,0,0,0,295,4,3,28,0.20132735022343695,0.74613202130422,293.4884432794086,560.4067497189947
468,0,1,1,356,47,10,25,0.3773106967564672,0.7403151453472674,256.91294028313746,526.8044894475498
469,0,0,0,170,40,4,22,0.5589970224536955,0.8726507888641208,290.9410152073857,650.9520863888656
470,0,0,0,199,7,7,24,0.9787284394260496,0.14397736149840057,277.84551204149255,630.5457257791088
471,0,0,0,170,40,4,22,0.5589970224536955,0.8726507888641208,269.2760566539261,531.4111962047593
472,0,1,0,465,3,5,16,0.978013844229281,0.1299455715343356,287.658900661018,675.7393699374196
473,0,1,1,389,10,7,21,0.25994612858630717,0.03773271921090782,385.19659086617276,759.8175096568732
474,0,1,0,387,43,12,24,0.11839594203047454,0.37822385248728096,294.478364899956,612.4587308543588
475,0,0,0,375,19,5,22,0.48323641112074256,0.5905635331291705,259.42774815927453,618.6661556045694
476,0,1,0,418,5,2,19,0.36124442727304995,0.0388791817240417,282.179983226986,583.668045014175
477,0,1,1,336,40,0,12,0.5589970224536955,0.8726507888641208,284.6434207556827,537.6097759655883
478,1,0,0,293,43,3,32,0.11839594203047454,0.37822385248728096,326.9579642988561,601.6853259283278
479,0,0,0,377,24,3,22,0.14149569114670157,0.8747874984983355,280.19609905259364,602.9465189182088
480,0,0,0,259,39,3,28,0.7841161577962339,0.6968751777894795,318.7283451379521,612.2820597133497
481,1,1,0,360,29,7,33,0.5533483980689198,0.980351353995502,264.43925217007654,475.80412220735445
482,0,0,0,474,33,2,23,0.8046367336064577,0.31251504993997514,322.42981138953246,686.8293652744704
483,1,0,0,127,28,4,22,0.6121745223645121,0.048944066278636456,354.93345294743693,759.0290856440888
484,0,0,0,96,6,4,15,0.7426119421143085,0.6856354165356606,283.5166575665612,633.4422950308517
485,0,1,0,190,10,7,25,0.25994612858630717,0.03773271921090782,265.8800940850158,554.661552578865
486,1,0,1,340,14,2,21,0.14216354000382125,0.6515949983149767,307.50606868458374,639.9164138972156
487,1,0,0,388,50,5,24,0.9892466596793383,0.7492987331934273,335.0897582169503,717.2385232779991
488,1,1,0,340,14,2,21,0.14216354000382125,0.6515949983149767,302.1411508793784,644.4216221731224
489,0,0,0,460,32,4,23,0.39761656103655696,0.7758463725913316,259.38169173403037,568.7744385143815
490,1,0,1,458,22,9,18,0.6013455470092595,0.32826394867151976,317.2899067070215,665.4248504240645
491,1,0,1,417,46,5,16,0.7385737628210336,0.10853192373178899,323.78425703063033,650.2617535406969
492,0,0,0,204,45,11,19,0.8977528435643762,0.5364251248538494,268.98587818848034,651.9320202179424
493,0,0,0,325,31,2,17,0.46977853984571993,0.7659584856592119,229.38241978371076,511.2376657055149
494,1,0,0,412,18,5,29,0.8916374130640179,0.9109178960788995,299.80551873083704,646.1444153349607
495,1,0,1,346,41,8,26,0.24443748919293284,0.13247077818959951,306.42690226213347,657.6080414594483
496,0,0,0,66,43,4,21,0.11839594203047454,0.37822385248728096,233.89527676996744,413.73338167008563
497,0,0,0,462,27,3,11,0.042702050879597664,0.5714270058088005,247.37388868232088,456.3020831189268
498,1,0,0,398,47,4,13,0.3773106967564672,0.7403151453472674,306.00765830333347,595.2343802880861
499,0,0,0,412,18,5,29,0.8916374130640179,0.9109178960788995,289.9774537499188,635.9640894946185
500,0,1,1,243,32,7,13,0.39761656103655696,0.7758463725913316,307.12206882792384,578.8998110198075
501,0,0,0,400,3,6,19,0.978013844229281,0.1299455715343356,343.2499395278324,730.0166233975503
502,0,1,0,197,29,8,24,0.5533483980689198,0.980351353995502,257.6311983513971,602.5246495159216
503,1,1,0,182,25,7,21,0.8063855252694339,0.0688752664718777,381.2658408649103,765.821867369676
504,0,0,0,281,37,4,27,0.28013089881278574,0.967524380190298,229.58609392721362,508.0316916442989
505,0,0,1,354,38,3,27,0.9087103542406112,0.1694229245185852,294.07993540390447,614.5960372715718
506,0,0,1,462,27,3,11,0.042702050879597664,0.5714270058088005,245.9425129048416,596.1142723107822
507,0,0,0,307,7,7,27,0.9787284394260496,0.14397736149840057,317.04256849322604,700.6173620896647
508,0,1,0,315,3,6,23,0.978013844229281,0.1299455715343356,342.39759446487875,734.3976566573238
509,0,0,1,119,29,3,20,0.5533483980689198,0.980351353995502,305.63125913119944,610.9110488414054
510,0,1,1,104,9,3,21,0.013315835734829307,0.08963611628860235,244.53915365286295,540.6312960934453
511,0,0,0,318,34,3,21,0.5088973850943148,0.8422173084691167,249.7894780874515,487.7891153372932
512,1,0,0,305,28,5,17,0.6121745223645121,0.048944066278636456,374.60823881517103,804.6193360425104
513,0,0,0,358,1,1,29,0.774368490325287,0.06913358555175364,269.2513301721778,547.8931084931527
514,0,0,0,29,23,3,18,0.03834434738382697,0.6661178111098707,267.23077145544505,513.488418172264
515,0,0,0,406,32,6,19,0.39761656103655696,0.7758463725913316,307.48219955370706,663.0048189992773
516,1,1,0,235,1,5,19,0.774368490325287,0.06913358555175364,351.07107917351755,709.5753768473515
517,0,0,1,391,14,4,24,0.14216354000382125,0.6515949983149767,297.29507009704037,578.5290294100366
518,0,0,0,467,5,4,17,0.36124442727304995,0.0388791817240417,270.36735240136505,524.0908884723
519,0,1,0,454,31,9,17,0.46977853984571993,0.7659584856592119,271.0577258748634,582.8548038990052
520,0,0,0,380,6,8,17,0.7426119421143085,0.6856354165356606,269.39070088760724,538.1660115597381
521,1,0,0,403,41,3,27,0.24443748919293284,0.13247077818959951,339.5978388376531,595.6283421164054
522,0,1,0,297,3,8,23,0.978013844229281,0.1299455715343356,311.559681828751,635.1363340309185
523,0,1,1,356,47,10,25,0.3773106967564672,0.7403151453472674,271.00418936004445,594.5439223822965
524,0,0,0,150,3,3,19,0.978013844229281,0.1299455715343356,285.96065690968203,507.6015185080598
525,0,1,1,207,24,6,18,0.14149569114670157,0.8747874984983355,234.4261712959609,590.1963024982381
526,0,1,1,85,19,3,27,0.48323641112074256,0.5905635331291705,321.49591710597383,619.8763464001009
527,0,0,0,177,19,5,23,0.48323641112074256,0.5905635331291705,286.08917594912793,570.184877937437
528,0,0,0,418,5,2,19,0.36124442727304995,0.0388791817240417,258.4321037191238,502.7733749300993
529,1,1,0,120,1,5,17,0.774368490325287,0.06913358555175364,328.88833152064,659.2306078542982
530,0,0,0,438,48,10,11,0.6061688305344433,0.4517896354664117,283.2207409978869,582.2322584456671
531,1,0,0,246,19,6,19,0.48323641112074256,0.5905635331291705,287.1908059522297,590.1760385690174
532,0,1,0,330,24,3,29,0.14149569114670157,0.8747874984983355,301.52976053534644,574.8399503708332
533,0,0,1,208,17,5,27,0.03654719586484134,0.2661329871043563,268.16911799829114,492.2854993089813
534,0,0,1,80,19,3,18,0.48323641112074256,0.5905635331291705,269.446784335144,610.0960438748635
535,1,0,0,295,4,3,28,0.20132735022343695,0.74613202130422,274.21819081276743,595.1851258367666
536,0,0,1,246,19,6,19,0.48323641112074256,0.5905635331291705,289.308462198349,565.0525481883988
537,0,0,1,413,8,3,18,0.49811370903626084,0.8910799578297883,301.59945448696135,527.4612909539418
538,0,0,0,480,47,2,22,0.3773106967564672,0.7403151453472674,287.71347278092355,588.0339176202122
539,0,1,0,188,41,1,18,0.24443748919293284,0.13247077818959951,342.23937773850673,638.3888499799526
540,0,0,1,118,31,6,19,0.46977853984571993,0.7659584856592119,248.73659853324455,473.5300435780526
541,0,1,0,390,6,6,25,0.7426119421143085,0.6856354165356606,280.9121921042783,511.4302023699775
542,0,1,0,348,12,6,32,0.016379052540287375,0.8120638781692833,243.6871608230687,526.9212461307843
543,0,1,0,464,41,4,26,0.24443748919293284,0.13247077818959951,263.83136972004155,510.823904968681
544,0,1,0,294,50,9,17,0.9892466596793383,0.7492987331934273,310.3364689439135,638.3170789564426
545,0,1,0,58,48,6,22,0.6061688305344433,0.4517896354664117,271.23571280521446,578.0383281888654
546,0,0,0,420,12,8,22,0.016379052540287375,0.8120638781692833,233.24491097604727,544.3972053548779
547,0,0,0,422,25,5,20,0.8063855252694339,0.0688752664718777,303.981590074629,687.3419873696398
548,0,0,1,494,41,3,24,0.24443748919293284,0.13247077818959951,262.94280389913143,514.8401046983693
549,1,0,0,155,33,3,20,0.8046367336064577,0.31251504993997514,329.14340516682836,685.751331464146
550,0,1,0,52,33,9,17,0.8046367336064577,0.31251504993997514,293.0911985478277,581.695373824839
551,0,0,1,309,14,2,25,0.14216354000382125,0.6515949983149767,277.2843809591706,574.633418183095
552,0,0,0,324,8,2,22,0.49811370903626084,0.8910799578297883,298.1937760667927,562.1550560545488
553,1,0,0,180,29,2,19,0.5533483980689198,0.980351353995502,308.8413450564408,635.8796329443836
554,0,1,1,359,41,1,22,0.24443748919293284,0.13247077818959951,253.7190324768396,521.8719504002627
555,0,1,0,292,46,4,21,0.7385737628210336,0.10853192373178899,338.95560614442763,723.0726770736596
556,1,0,0,411,5,4,17,0.36124442727304995,0.0388791817240417,290.92532533805957,575.9741555346083
557,0,0,1,274,40,3,20,0.5589970224536955,0.8726507888641208,251.24632557292452,526.6755182558371
558,0,0,0,371,44,3,15,0.9833834334276617,0.5796247583348304,336.6412070598506,601.5242177365636
559,0,0,0,252,21,2,17,0.9842240803409368,0.6037942769471556,291.5489971271668,618.9929962913178
560,0,0,1,269,15,10,18,0.21112623764202,0.9238038510084152,285.9346410561187,579.0141675611777
561,1,0,1,394,42,5,28,0.5309706551488489,0.07851310959085822,332.56198007044924,735.9307728285324
562,0,0,1,428,38,11,25,0.9087103542406112,0.1694229245185852,324.111986055374,727.100300467676
563,1,0,0,6,41,7,27,0.24443748919293284,0.13247077818959951,314.7533726150876,610.0711518292294
564,0,0,0,32,44,2,22,0.9833834334276617,0.5796247583348304,316.512318086495,614.8643567133108
565,0,0,0,20,30,6,26,0.8535007652826607,0.9145373487845063,342.8606665615507,730.955609437863
566,0,1,1,71,45,6,18,0.8977528435643762,0.5364251248538494,338.64258984794105,669.6340155128589
567,1,0,0,488,1,9,17,0.774368490325287,0.06913358555175364,331.01464658073473,666.3192109435589
568,0,0,0,397,37,3,15,0.28013089881278574,0.967524380190298,303.68757035740776,567.8586412709326
569,1,1,1,322,31,4,21,0.46977853984571993,0.7659584856592119,322.0851766822115,599.0203495197303
570,0,1,1,442,50,4,19,0.9892466596793383,0.7492987331934273,303.88392510600454,650.0157086017394
571,0,1,0,345,19,3,33,0.48323641112074256,0.5905635331291705,274.20766469132985,472.0627182268852
572,0,1,0,387,43,12,24,0.11839594203047454,0.37822385248728096,286.39604705194904,600.5860353705027
573,0,0,0,475,16,6,19,0.8112564436160028,0.26610612077638507,383.4244819079175,766.3857656585095
574,0,0,0,260,10,4,22,0.25994612858630717,0.03773271921090782,321.1474015127646,614.9490064833502
575,0,0,0,42,48,5,20,0.6061688305344433,0.4517896354664117,253.3119939001242,529.2580048220246
576,1,0,0,380,6,8,17,0.7426119421143085,0.6856354165356606,288.25145199176325,623.549573136936
577,0,0,0,395,50,3,23,0.9892466596793383,0.7492987331934273,314.62469183718804,606.3881641895732
578,0,0,0,385,45,7,17,0.8977528435643762,0.5364251248538494,312.4737223078025,589.0766382857688
579,0,0,0,51,40,11,23,0.5589970224536955,0.8726507888641208,312.67167639777847,610.945617522334
580,1,1,0,62,36,2,23,0.49425172130577266,0.7565638932865113,342.42425202204845,561.068553965829
581,0,1,0,99,42,5,22,0.5309706551488489,0.07851310959085822,357.0711423690979,831.4017711429815
582,0,0,0,94,32,2,21,0.39761656103655696,0.7758463725913316,287.50688042312885,556.0473562063145
583,0,0,0,290,39,0,22,0.7841161577962339,0.6968751777894795,289.8457506624957,540.5754839420462
584,0,0,0,345,19,3,33,0.48323641112074256,0.5905635331291705,269.95585111925396,494.2080214052076
585,0,0,0,292,46,4,21,0.7385737628210336,0.10853192373178899,267.3260179783804,554.6650642247063
586,0,1,0,200,35,6,19,0.6349153537303209,0.31414990592747927,288.86365069499146,606.3285355916692
587,1,0,1,410,7,2,28,0.9787284394260496,0.14397736149840057,344.4929359542908,786.4362779217342
588,1,0,0,396,29,5,18,0.5533483980689198,0.980351353995502,335.3489548371607,603.5337624509965
589,0,1,0,258,23,3,21,0.03834434738382697,0.6661178111098707,241.472025085006,436.6427285540746
590,1,1,1,307,7,7,27,0.9787284394260496,0.14397736149840057,349.9681322049073,676.786480577105
591,1,0,1,145,14,2,23,0.14216354000382125,0.6515949983149767,249.688748116868,498.0693848122756
592,0,0,1,191,34,6,11,0.5088973850943148,0.8422173084691167,262.43035801952266,637.2619950494651
593,0,0,1,269,15,10,18,0.21112623764202,0.9238038510084152,263.26857736718847,529.1900868790603
594,0,1,1,329,6,3,18,0.7426119421143085,0.6856354165356606,324.700840862891,628.8201877396303
595,1,1,1,465,3,5,16,0.978013844229281,0.1299455715343356,341.90504285394843,682.0879461869343
596,0,1,0,449,33,4,24,0.8046367336064577,0.31251504993997514,350.87522978528955,718.9703380852275
597,0,1,0,11,46,5,25,0.7385737628210336,0.10853192373178899,338.021353730368,664.942001937235
598,1,0,0,285,29,4,24,0.5533483980689198,0.980351353995502,332.62199014853485,657.2114157617526
599,0,1,1,213,41,2,27,0.24443748919293284,0.13247077818959951,270.49954373187865,564.8261105190405
600,0,0,0,40,48,7,21,0.6061688305344433,0.4517896354664117,296.70411168240327,660.5020608199741
601,0,1,0,109,27,2,33,0.042702050879597664,0.5714270058088005,270.6756058544366,562.0798423999099
602,0,1,0,268,18,7,24,0.8916374130640179,0.9109178960788995,355.77036609374363,680.0895503334409
603,0,0,0,400,3,6,19,0.978013844229281,0.1299455715343356,281.22031288116875,563.8892624587626
604,1,1,1,89,41,5,23,0.24443748919293284,0.13247077818959951,288.4119669359867,452.76366062054285
605,0,1,0,249,42,3,20,0.5309706551488489,0.07851310959085822,310.3863593221877,565.6974137948779
606,0,0,1,366,23,5,18,0.03834434738382697,0.6661178111098707,256.89466418117496,595.376458819768
607,0,0,0,265,27,5,24,0.042702050879597664,0.5714270058088005,240.92146372463293,613.2853628673633
608,0,0,1,68,16,2,18,0.8112564436160028,0.26610612077638507,326.53253690615855,601.4190732273578
609,1,0,1,446,29,5,22,0.5533483980689198,0.980351353995502,283.1570613998123,561.2896475081367
610,1,0,0,75,25,3,13,0.8063855252694339,0.0688752664718777,360.51525857806524,718.6916000990082
611,1,0,1,307,7,7,27,0.9787284394260496,0.14397736149840057,281.55830750128143,585.349707817981
612,0,0,0,309,14,2,25,0.14216354000382125,0.6515949983149767,284.7477345478093,624.3502428870739
613,0,0,0,85,19,3,27,0.48323641112074256,0.5905635331291705,271.61980557955843,594.1788527269671
614,0,0,0,492,40,4,16,0.5589970224536955,0.8726507888641208,315.26773072346015,680.2206812114084
615,0,1,0,222,2,3,20,0.19722419138997793,0.08462062571197748,226.5576398666137,470.54245543896275
616,0,0,0,49,1,5,20,0.774368490325287,0.06913358555175364,287.26714544499066,558.418191646991
617,0,0,0,460,32,4,23,0.39761656103655696,0.7758463725913316,252.68706864551416,563.3403649177955
618,0,0,0,157,46,8,28,0.7385737628210336,0.10853192373178899,310.7263284478616,620.5018037676538
619,0,1,0,123,7,5,17,0.9787284394260496,0.14397736149840057,361.5838303220571,742.0415271551049
620,0,0,0,422,25,5,20,0.8063855252694339,0.0688752664718777,281.1183806804495,582.3774532833894
621,1,0,0,427,34,4,23,0.5088973850943148,0.8422173084691167,276.9856793063346,597.2691445770176
622,0,0,1,327,13,5,18,0.09574478422291577,0.2606025456916541,247.64148131474911,552.4342437302653
623,1,0,0,453,19,6,23,0.48323641112074256,0.5905635331291705,305.16642765447835,622.6105769054191
624,0,0,0,117,39,8,23,0.7841161577962339,0.6968751777894795,352.6638901658996,783.0039974258998
625,1,0,0,29,23,3,18,0.03834434738382697,0.6661178111098707,255.39274500045966,471.21650391488777
626,0,0,0,241,49,4,22,0.5121942616533488,0.6461082133464515,227.14187810835858,463.31891017325427
627,0,0,1,9,19,5,21,0.48323641112074256,0.5905635331291705,277.06306051892864,546.3168911537246
628,0,1,0,384,7,4,21,0.9787284394260496,0.14397736149840057,346.5264392743139,672.9778151117298
629,0,0,0,18,48,5,30,0.6061688305344433,0.4517896354664117,256.94741656242047,525.6622868202759
630,0,0,0,32,44,2,22,0.9833834334276617,0.5796247583348304,331.20328573835513,610.5716573841199
631,0,0,1,420,12,8,22,0.016379052540287375,0.8120638781692833,164.3199685839188,375.81540290412204
632,0,0,1,280,42,4,15,0.5309706551488489,0.07851310959085822,277.01317970865495,596.2834726061553
633,0,0,0,480,47,2,22,0.3773106967564672,0.7403151453472674,226.21078511908087,534.2304223435765
634,0,0,0,29,23,3,18,0.03834434738382697,0.6661178111098707,213.0987184516246,419.66638022307575
635,0,0,0,223,39,5,17,0.7841161577962339,0.6968751777894795,338.44872615527515,740.0625364813945
636,0,0,0,132,42,5,17,0.5309706551488489,0.07851310959085822,329.8504149244061,725.6871592003429
637,0,0,1,262,23,5,27,0.03834434738382697,0.6661178111098707,193.14304053083717,473.2991604910732
638,0,1,0,436,15,5,17,0.21112623764202,0.9238038510084152,268.6142118639745,519.5774647386451
639,0,0,1,141,23,3,13,0.03834434738382697,0.6661178111098707,241.6315706364782,562.7918599101891
640,0,0,1,25,20,7,18,0.4666645280085504,0.9181476451922208,266.18320776844985,520.9499887698285
641,0,1,1,329,6,3,18,0.7426119421143085,0.6856354165356606,347.10614791716176,712.1031980898431
642,0,0,1,489,18,5,26,0.8916374130640179,0.9109178960788995,306.2875856243359,646.9841716494531
643,0,0,0,265,27,5,24,0.042702050879597664,0.5714270058088005,243.43536866186759,551.6657976510368
644,0,0,0,345,19,3,33,0.48323641112074256,0.5905635331291705,282.4171896989537,557.4497695991896
645,0,1,0,109,27,2,33,0.042702050879597664,0.5714270058088005,222.8438381687859,393.5234401625848
646,1,0,0,162,31,3,23,0.46977853984571993,0.7659584856592119,308.36107454377577,635.5072913932554
647,0,1,1,305,28,5,17,0.6121745223645121,0.048944066278636456,263.85282227194847,579.3126032359938
648,1,1,0,35,29,8,25,0.5533483980689198,0.980351353995502,334.1567295732954,647.4085721103141
649,0,1,0,193,2,3,20,0.19722419138997793,0.08462062571197748,276.8864169651231,450.4000039991478
650,1,0,0,360,29,7,33,0.5533483980689198,0.980351353995502,282.5484938149787,633.6612297969857
651,0,0,1,364,49,6,18,0.5121942616533488,0.6461082133464515,273.79069564076013,667.3771819305122
652,0,0,0,7,47,3,17,0.3773106967564672,0.7403151453472674,309.80465416703146,625.6195316645046
653,1,0,0,324,8,2,22,0.49811370903626084,0.8910799578297883,330.44919496356647,716.1288031557722
654,0,0,0,447,31,1,18,0.46977853984571993,0.7659584856592119,261.96034694822333,408.34127795768245
655,0,0,1,469,50,7,28,0.9892466596793383,0.7492987331934273,328.66042901155447,582.9465950474188
656,0,0,0,314,9,6,20,0.013315835734829307,0.08963611628860235,206.8333500134624,483.69372576491327
657,1,1,1,359,41,1,22,0.24443748919293284,0.13247077818959951,352.4286432410107,720.1092675005659
658,1,1,0,39,26,5,12,0.26668567629531026,0.7934630094096065,378.33434440511985,760.0622020242628
659,1,1,0,80,19,3,18,0.48323641112074256,0.5905635331291705,339.5078552641532,761.0008824563441
660,0,0,1,139,3,4,20,0.978013844229281,0.1299455715343356,320.848099777977,588.9832448954946
661,1,0,0,297,3,8,23,0.978013844229281,0.1299455715343356,405.22587039590843,784.7464196848484
662,0,1,0,175,48,7,16,0.6061688305344433,0.4517896354664117,274.47224491733203,541.1360321116457
663,0,0,0,25,20,7,18,0.4666645280085504,0.9181476451922208,255.51620243742244,533.8655833679795
664,1,1,0,221,37,7,22,0.28013089881278574,0.967524380190298,308.5370553485034,610.6811504045634
665,1,0,0,116,48,3,20,0.6061688305344433,0.4517896354664117,325.627808196209,681.6451083981068
666,0,0,0,444,16,3,16,0.8112564436160028,0.26610612077638507,302.57764843146913,636.9103840300988
667,0,1,1,12,1,3,22,0.774368490325287,0.06913358555175364,304.13171032506256,579.7797362427689
668,1,1,0,337,6,7,22,0.7426119421143085,0.6856354165356606,382.038283997905,764.0540802836899
669,0,0,0,108,30,4,23,0.8535007652826607,0.9145373487845063,307.05456867664753,606.9227251183111
670,0,1,0,15,37,6,21,0.28013089881278574,0.967524380190298,254.3220481931074,516.6139877842281
671,0,1,0,132,42,5,17,0.5309706551488489,0.07851310959085822,284.3114582845798,578.9565155445817
672,0,0,0,234,22,8,19,0.6013455470092595,0.32826394867151976,244.06789963440082,535.6352704573798
673,1,0,1,377,24,3,22,0.14149569114670157,0.8747874984983355,253.5139479804441,556.1900652380459
674,0,1,1,135,9,4,17,0.013315835734829307,0.08963611628860235,252.68500623635126,558.321329711792
675,1,0,1,76,38,9,17,0.9087103542406112,0.1694229245185852,363.4606446744348,697.1471670842433
676,0,1,0,70,25,7,23,0.8063855252694339,0.0688752664718777,293.22769122818,658.8844398178278
677,0,0,1,45,11,3,17,0.775893080746755,0.774874358670786,299.2710512083545,636.6097555470282
678,0,0,0,478,14,3,20,0.14216354000382125,0.6515949983149767,284.6762207028825,534.2212010937798
679,0,0,0,446,29,5,22,0.5533483980689198,0.980351353995502,238.19284917384107,511.67324224109296
680,0,0,0,311,9,3,24,0.013315835734829307,0.08963611628860235,258.59772554201,697.4043744382178
681,1,1,0,483,6,6,23,0.7426119421143085,0.6856354165356606,331.9829480295832,674.3297708279885
682,0,0,0,380,6,8,17,0.7426119421143085,0.6856354165356606,313.36309486016876,630.0332134349943
683,0,0,1,3,8,4,20,0.49811370903626084,0.8910799578297883,308.20427992065885,595.2124766192064
684,1,1,0,427,34,4,23,0.5088973850943148,0.8422173084691167,311.1302283895786,626.4070920359546
685,0,1,0,431,27,5,21,0.042702050879597664,0.5714270058088005,282.0372209731434,529.0906347173166
686,0,0,0,246,19,6,19,0.48323641112074256,0.5905635331291705,254.4281456722725,511.206711746427
687,0,1,0,469,50,7,28,0.9892466596793383,0.7492987331934273,332.3027806073812,654.1402374017268
688,0,0,0,247,48,5,18,0.6061688305344433,0.4517896354664117,301.3211409624259,660.505095109782
689,0,1,0,117,39,8,23,0.7841161577962339,0.6968751777894795,313.4489951812187,630.2441944711508
690,1,0,0,132,42,5,17,0.5309706551488489,0.07851310959085822,329.8575446990312,625.0917816614199
691,0,0,0,391,14,4,24,0.14216354000382125,0.6515949983149767,271.10955988921665,531.4113226329339
692,0,0,0,409,48,9,16,0.6061688305344433,0.4517896354664117,319.18917937834635,722.473827830267
693,0,1,0,339,33,4,20,0.8046367336064577,0.31251504993997514,346.05183585880116,722.3511978797167
694,1,1,0,188,41,1,18,0.24443748919293284,0.13247077818959951,357.57452792871504,658.4186954586845
695,0,0,1,72,47,7,22,0.3773106967564672,0.7403151453472674,266.41867500240687,570.8391456421751
696,0,1,0,320,40,6,20,0.5589970224536955,0.8726507888641208,268.59001125078026,467.56103043240324
697,0,0,0,410,7,2,28,0.9787284394260496,0.14397736149840057,262.83448820609635,531.5383162924525
698,0,1,1,2,8,3,15,0.49811370903626084,0.8910799578297883,281.1592302586507,595.6461144255154
699,1,0,0,322,31,4,21,0.46977853984571993,0.7659584856592119,337.20945669260766,646.6828829908936
700,0,1,1,82,27,3,27,0.042702050879597664,0.5714270058088005,241.57136423298815,572.7004936202159
701,0,0,0,409,48,9,16,0.6061688305344433,0.4517896354664117,285.09040383815795,542.6620526488632
702,0,0,0,394,42,5,28,0.5309706551488489,0.07851310959085822,274.4227704315113,598.835993424165
703,0,0,1,479,31,4,20,0.46977853984571993,0.7659584856592119,270.1697315786671,564.6485445649753
704,1,1,0,169,39,3,31,0.7841161577962339,0.6968751777894795,279.123733947215,673.5140507130621
705,1,1,1,22,31,2,14,0.46977853984571993,0.7659584856592119,362.85342209294225,799.1987415970739
706,0,1,1,455,50,3,19,0.9892466596793383,0.7492987331934273,335.6424231048182,630.8335059477572
707,0,1,0,113,29,5,24,0.5533483980689198,0.980351353995502,260.47509520948927,579.0737222808367
708,0,0,0,307,7,7,27,0.9787284394260496,0.14397736149840057,257.7620645349212,605.8322324753387
709,0,0,0,343,38,2,20,0.9087103542406112,0.1694229245185852,270.8823646990019,581.2140974922311
710,0,0,1,474,33,2,23,0.8046367336064577,0.31251504993997514,383.7777721384625,743.0251680814006
711,0,1,0,309,14,2,25,0.14216354000382125,0.6515949983149767,242.82812118938716,573.3427538081197
712,0,0,0,344,50,7,16,0.9892466596793383,0.7492987331934273,335.015698189952,692.03072208191
713,0,0,0,346,41,8,26,0.24443748919293284,0.13247077818959951,280.17361782224737,566.7011612094982
714,1,0,1,283,49,3,20,0.5121942616533488,0.6461082133464515,283.42046176955535,561.8980631030031
715,1,0,0,73,22,3,22,0.6013455470092595,0.32826394867151976,278.0106440141382,581.5352917686897
716,1,1,0,373,13,8,16,0.09574478422291577,0.2606025456916541,276.44820276124364,526.0373146275947
717,0,0,1,8,25,5,23,0.8063855252694339,0.0688752664718777,322.302282853465,692.3702964922145
718,0,0,1,48,10,5,21,0.25994612858630717,0.03773271921090782,314.75582085655157,656.1809024804991
719,0,0,0,386,10,8,30,0.25994612858630717,0.03773271921090782,231.56320465306192,384.5468750248408
720,1,1,1,212,38,5,23,0.9087103542406112,0.1694229245185852,382.4152679541231,838.5990977644083
721,0,1,1,67,29,5,28,0.5533483980689198,0.980351353995502,266.0390706557507,491.783035735544
722,0,0,0,242,41,5,15,0.24443748919293284,0.13247077818959951,315.9359201178798,617.5706405687783
723,0,1,1,31,17,5,16,0.03654719586484134,0.2661329871043563,287.797402149805,569.3741592571241
724,0,0,0,443,22,5,21,0.6013455470092595,0.32826394867151976,286.5487418828647,649.7432576101845
725,1,1,0,195,38,7,15,0.9087103542406112,0.1694229245185852,347.042400342119,702.4961064048692
726,1,0,0,239,46,4,15,0.7385737628210336,0.10853192373178899,285.578902460904,637.6992483503052
727,0,0,0,451,3,6,18,0.978013844229281,0.1299455715343356,294.1662919151881,585.4298377204448
728,1,0,1,297,3,8,23,0.978013844229281,0.1299455715343356,407.9007340163192,797.1301237219075
729,1,0,0,26,38,2,23,0.9087103542406112,0.1694229245185852,354.7724267899604,662.8142395110272
730,0,0,0,201,35,2,21,0.6349153537303209,0.31414990592747927,304.41514246507995,609.4395368960444
731,1,0,1,65,43,10,24,0.11839594203047454,0.37822385248728096,296.0928346281525,608.6911783238663
732,1,1,0,291,39,6,15,0.7841161577962339,0.6968751777894795,341.9434290240796,738.1623209510078
733,0,0,0,408,33,5,16,0.8046367336064577,0.31251504993997514,303.66585352882583,613.583456013291
734,0,1,1,264,44,3,16,0.9833834334276617,0.5796247583348304,345.35515713698453,658.7669849508421
735,1,0,1,123,7,5,17,0.9787284394260496,0.14397736149840057,359.55805043244374,636.1950787028916
736,0,1,1,6,41,7,27,0.24443748919293284,0.13247077818959951,245.36888478934407,587.863497345071
737,1,0,1,353,8,6,23,0.49811370903626084,0.8910799578297883,366.6264933019489,749.2159964878732
738,0,1,0,24,35,2,27,0.6349153537303209,0.31414990592747927,334.9077869394164,613.2431672774757
739,0,0,0,481,3,7,21,0.978013844229281,0.1299455715343356,274.41694297586037,539.5313062950545
740,0,1,0,351,2,5,21,0.19722419138997793,0.08462062571197748,263.5438221011326,538.4459866212053
741,0,0,0,56,18,3,28,0.8916374130640179,0.9109178960788995,272.8479049321067,640.8937897493678
742,0,1,0,8,25,5,23,0.8063855252694339,0.0688752664718777,325.07323280411714,701.2036195316548
743,0,0,1,11,46,5,25,0.7385737628210336,0.10853192373178899,296.77476731952447,556.5332397291025
744,0,1,0,230,22,3,18,0.6013455470092595,0.32826394867151976,287.6136153150792,540.1641236679438
745,1,1,0,33,9,8,21,0.013315835734829307,0.08963611628860235,299.107135737227,630.823215312106
746,0,0,0,183,29,6,19,0.5533483980689198,0.980351353995502,213.1801687301734,522.9412318541429
747,0,0,0,175,48,7,16,0.6061688305344433,0.4517896354664117,318.9836080538774,632.8252921963516
748,0,1,0,422,25,5,20,0.8063855252694339,0.0688752664718777,303.73560177000587,654.0668415696491
749,1,0,1,476,23,1,15,0.03834434738382697,0.6661178111098707,319.4252851955667,685.554038311066
750,1,0,0,454,31,9,17,0.46977853984571993,0.7659584856592119,262.94650260769396,442.4989741342115
751,0,1,0,477,14,4,25,0.14216354000382125,0.6515949983149767,282.20993877728085,589.1877751826305
752,0,1,0,118,31,6,19,0.46977853984571993,0.7659584856592119,303.75891249338775,642.510032334053
753,0,1,0,96,6,4,15,0.7426119421143085,0.6856354165356606,350.2972658404201,752.8897063444924
754,0,0,1,452,6,5,16,0.7426119421143085,0.6856354165356606,296.0551723192535,579.7414439392929
755,0,0,0,198,13,4,20,0.09574478422291577,0.2606025456916541,236.97166049055056,522.8730450650501
756,0,0,0,100,39,5,21,0.7841161577962339,0.6968751777894795,384.0150769769775,653.1096718694249
757,1,1,0,229,27,6,14,0.042702050879597664,0.5714270058088005,324.9256491884311,619.5328011581332
758,1,0,0,261,35,5,19,0.6349153537303209,0.31414990592747927,366.8741346050405,774.5311279141154
759,0,1,0,477,14,4,25,0.14216354000382125,0.6515949983149767,201.89067618948826,502.40270654015916
760,0,1,1,61,2,1,20,0.19722419138997793,0.08462062571197748,264.1765047786726,438.15651413404817
761,0,0,0,485,38,5,21,0.9087103542406112,0.1694229245185852,280.2763565374767,652.2789237179189
762,0,0,1,394,42,5,28,0.5309706551488489,0.07851310959085822,280.15988651737626,658.507634294714
763,0,1,0,221,37,7,22,0.28013089881278574,0.967524380190298,278.16280792157534,605.4035551209878
764,0,0,0,433,23,8,29,0.03834434738382697,0.6661178111098707,297.2495171047317,529.749112489761
765,0,1,1,18,48,5,30,0.6061688305344433,0.4517896354664117,306.44680324526405,624.6348251356268
766,1,1,1,52,33,9,17,0.8046367336064577,0.31251504993997514,321.12162417141536,708.7681040395948
767,0,1,0,366,23,5,18,0.03834434738382697,0.6661178111098707,235.20506628961633,455.87003277386754
768,1,0,0,317,10,7,22,0.25994612858630717,0.03773271921090782,271.7371830652622,520.5716909955653
769,0,0,0,287,15,3,22,0.21112623764202,0.9238038510084152,258.421119628793,516.669333607826
770,0,0,1,283,49,3,20,0.5121942616533488,0.6461082133464515,264.4592044570339,598.7954268329131
771,0,0,1,422,25,5,20,0.8063855252694339,0.0688752664718777,284.56127372818304,607.0476050014961
772,0,1,0,220,38,5,15,0.9087103542406112,0.1694229245185852,376.598484801937,792.5860947293946
773,0,0,0,85,19,3,27,0.48323641112074256,0.5905635331291705,293.5020723333342,632.4165500607157
774,0,1,0,250,28,7,21,0.6121745223645121,0.048944066278636456,302.9414257501098,662.0455292671528
775,0,0,0,330,24,3,29,0.14149569114670157,0.8747874984983355,300.49931165828434,598.5649557656367
776,0,0,1,341,34,3,16,0.5088973850943148,0.8422173084691167,298.660892275521,637.9172916278718
777,0,1,1,500,38,5,15,0.9087103542406112,0.1694229245185852,281.0853474172002,663.6583078222318
778,0,1,0,286,41,6,18,0.24443748919293284,0.13247077818959951,280.850900443223,515.5747191027967
779,0,0,0,225,9,7,22,0.013315835734829307,0.08963611628860235,293.4781894624033,585.5355819552145
780,0,0,0,136,23,6,20,0.03834434738382697,0.6661178111098707,273.91556090739687,624.6986435109245
781,0,1,0,300,20,5,13,0.4666645280085504,0.9181476451922208,274.30714826536905,570.3940394730752
782,0,0,1,377,24,3,22,0.14149569114670157,0.8747874984983355,231.0533106472388,451.2558824525425
783,0,1,0,181,37,7,22,0.28013089881278574,0.967524380190298,262.78287636103744,501.4877568095888
784,1,0,1,13,5,4,16,0.36124442727304995,0.0388791817240417,316.54362304392276,671.7887645343206
785,0,1,0,33,9,8,21,0.013315835734829307,0.08963611628860235,243.6538944978061,591.3624498630674
786,0,1,0,449,33,4,24,0.8046367336064577,0.31251504993997514,332.7026723219006,658.541612964544
787,1,0,0,240,17,8,20,0.03654719586484134,0.2661329871043563,293.96566566540724,690.9972659804995
788,0,0,0,326,14,5,25,0.14216354000382125,0.6515949983149767,205.01655751099372,451.00682706204776
789,0,1,1,178,47,4,18,0.3773106967564672,0.7403151453472674,277.5234540486383,660.58074923931
790,0,0,0,65,43,10,24,0.11839594203047454,0.37822385248728096,288.90920574788936,646.9545762425852
791,0,1,0,272,44,5,19,0.9833834334276617,0.5796247583348304,340.6520867461646,649.9899569008428
792,0,0,0,483,6,6,23,0.7426119421143085,0.6856354165356606,300.58226024379127,632.5935141624865
793,0,0,0,224,9,6,12,0.013315835734829307,0.08963611628860235,269.8540982771466,606.0918960191184
794,0,1,1,129,23,1,19,0.03834434738382697,0.6661178111098707,288.10901688373116,554.8298702145573
795,1,0,0,358,1,1,29,0.774368490325287,0.06913358555175364,367.0871773312351,715.6732587024806
796,0,0,0,61,2,1,20,0.19722419138997793,0.08462062571197748,301.1694046119004,580.2411035543755
797,1,0,1,216,36,4,27,0.49425172130577266,0.7565638932865113,278.6988421363195,525.5066370079946
798,0,1,0,301,25,7,27,0.8063855252694339,0.0688752664718777,313.76226857418123,639.4025329200435
799,0,0,0,52,33,9,17,0.8046367336064577,0.31251504993997514,285.09487899884533,664.9063066287041
800,0,1,0,458,22,9,18,0.6013455470092595,0.32826394867151976,286.9448251301013,601.2560147204903
801,0,0,0,400,3,6,19,0.978013844229281,0.1299455715343356,276.47414108821755,573.521728230759
802,0,0,0,127,28,4,22,0.6121745223645121,0.048944066278636456,338.8229402203632,679.8698911845307
803,0,0,0,93,29,2,12,0.5533483980689198,0.980351353995502,227.31334926645795,461.61693883906065
804,1,0,1,483,6,6,23,0.7426119421143085,0.6856354165356606,306.10554145036804,549.3307091647691
805,0,1,0,488,1,9,17,0.774368490325287,0.06913358555175364,283.27781073401076,540.0304185673759
806,0,0,0,186,36,3,15,0.49425172130577266,0.7565638932865113,297.60787556007165,576.6339068017563
807,1,0,1,491,39,7,21,0.7841161577962339,0.6968751777894795,308.10428715791966,605.8661157199217
808,0,0,0,314,9,6,20,0.013315835734829307,0.08963611628860235,227.48908885177448,639.3455967874638
809,0,0,0,347,2,3,14,0.19722419138997793,0.08462062571197748,250.6703645445788,562.9791327194993
810,0,0,1,360,29,7,33,0.5533483980689198,0.980351353995502,256.267456924699,641.7379474523714
811,1,0,0,183,29,6,19,0.5533483980689198,0.980351353995502,333.5196242522604,666.077481392817
812,1,0,0,206,8,5,13,0.49811370903626084,0.8910799578297883,299.93743957279503,682.2834654250989
813,0,1,0,15,37,6,21,0.28013089881278574,0.967524380190298,293.6035180929539,610.9312217467391
814,0,0,0,377,24,3,22,0.14149569114670157,0.8747874984983355,271.858693408292,606.7157006964733
815,0,0,0,25,20,7,18,0.4666645280085504,0.9181476451922208,304.976211857434,670.9624973474797
816,0,0,0,346,41,8,26,0.24443748919293284,0.13247077818959951,246.69814596689693,472.2672346455468
817,0,1,0,154,16,4,23,0.8112564436160028,0.26610612077638507,331.9706405214994,731.8716020576142
818,0,0,1,432,12,6,22,0.016379052540287375,0.8120638781692833,253.48298213232889,529.7121978333275
819,0,0,1,262,23,5,27,0.03834434738382697,0.6661178111098707,262.37824047636377,503.30542793564734
820,1,0,0,140,38,3,18,0.9087103542406112,0.1694229245185852,353.2477564305789,697.693416036054
821,0,0,1,270,29,7,22,0.5533483980689198,0.980351353995502,248.83897460911174,522.7455049228515
822,1,0,0,22,31,2,14,0.46977853984571993,0.7659584856592119,305.32453540287133,597.7309325833372
823,1,1,0,301,25,7,27,0.8063855252694339,0.0688752664718777,292.01527217935154,592.9435905596201
824,0,0,0,222,2,3,20,0.19722419138997793,0.08462062571197748,257.7606802703729,558.0949683281885
825,0,1,1,69,15,3,15,0.21112623764202,0.9238038510084152,265.9129173214824,606.9328140851098
826,0,0,0,359,41,1,22,0.24443748919293284,0.13247077818959951,229.54793085043298,429.9226254947608
827,0,0,0,46,37,7,20,0.28013089881278574,0.967524380190298,244.13586181965968,563.5695209200054
828,0,1,0,311,9,3,24,0.013315835734829307,0.08963611628860235,245.4702149427147,474.65574603078016
829,0,0,1,109,27,2,33,0.042702050879597664,0.5714270058088005,242.14862576293046,458.1057071648215
830,0,0,0,324,8,2,22,0.49811370903626084,0.8910799578297883,314.9528194151087,589.1822596207593
831,0,0,1,42,48,5,20,0.6061688305344433,0.4517896354664117,247.38081962707747,532.2461386092056
832,0,1,0,258,23,3,21,0.03834434738382697,0.6661178111098707,298.8067644917945,648.7062120919334
833,0,0,1,201,35,2,21,0.6349153537303209,0.31414990592747927,316.52402794572055,647.6063515445456
834,0,0,1,28,29,3,18,0.5533483980689198,0.980351353995502,263.67304524236334,588.0271394099425
835,1,1,0,289,12,4,23,0.016379052540287375,0.8120638781692833,318.06197716169464,785.42349180408155
836,0,1,0,155,33,3,20,0.8046367336064577,0.31251504993997514,294.0163312499485,605.0868333848986
837,0,0,0,63,47,5,28,0.3773106967564672,0.7403151453472674,304.73587315561747,635.9483473535657
838,0,0,0,310,29,6,16,0.5533483980689198,0.980351353995502,288.2762434434271,686.975259314677
839,1,0,1,284,10,6,19,0.25994612858630717,0.03773271921090782,284.29298203605566,574.8233268453266
840,1,0,0,326,14,5,25,0.14216354000382125,0.6515949983149767,287.69375052340297,613.7215822270717
841,0,1,0,218,49,8,27,0.5121942616533488,0.6461082133464515,309.9402883217342,609.0075048503375
842,0,0,1,251,26,3,20,0.26668567629531026,0.7934630094096065,288.28724977235913,559.9247116841117
843,0,0,0,165,13,5,14,0.09574478422291577,0.2606025456916541,277.57205580505126,608.8525078991761
844,0,1,0,219,36,5,23,0.49425172130577266,0.7565638932865113,295.2483301181416,704.2948622311512
845,0,1,0,73,22,3,22,0.6013455470092595,0.32826394867151976,321.45544967173214,734.0976930935949
846,0,0,0,388,50,5,24,0.9892466596793383,0.7492987331934273,350.9221499717638,671.8923727245507
847,0,1,0,364,49,6,18,0.5121942616533488,0.6461082133464515,247.28010526775088,534.9096472277662
848,0,0,1,461,14,5,18,0.14216354000382125,0.6515949983149767,248.97438996037786,578.1472628191405
849,0,1,0,25,20,7,18,0.4666645280085504,0.9181476451922208,268.4918532737673,603.6814918392841
850,0,0,0,285,29,4,24,0.5533483980689198,0.980351353995502,266.67662352709834,635.866042308272
851,1,1,0,287,15,3,22,0.21112623764202,0.9238038510084152,269.5210028304598,546.4768401744752
852,0,1,0,55,6,7,26,0.7426119421143085,0.6856354165356606,294.37935664961356,583.2649215491493
853,0,1,1,332,14,6,16,0.14216354000382125,0.6515949983149767,250.885203492924,595.7761652093717
854,1,0,1,434,4,5,20,0.20132735022343695,0.74613202130422,229.33976813355315,460.73129211352153
855,0,0,1,403,41,3,27,0.24443748919293284,0.13247077818959951,272.5477971095286,497.8103730075065
856,0,1,1,259,39,3,28,0.7841161577962339,0.6968751777894795,365.89896379112605,733.2795101777521
857,0,0,1,147,16,5,19,0.8112564436160028,0.26610612077638507,358.75003358892377,719.3020827180179
858,0,0,0,15,37,6,21,0.28013089881278574,0.967524380190298,278.02735704490044,589.672693661316
859,0,0,0,203,50,3,17,0.9892466596793383,0.7492987331934273,283.03377407310103,578.8051659228338
860,0,0,1,419,15,5,23,0.21112623764202,0.9238038510084152,246.0027071001305,469.61477873191075
861,0,0,0,32,44,2,22,0.9833834334276617,0.5796247583348304,358.3550904122363,682.7437169699169
862,0,0,1,179,28,1,17,0.6121745223645121,0.048944066278636456,325.65558671863465,593.3275073805574
863,0,0,1,79,29,6,23,0.5533483980689198,0.980351353995502,255.04290469415145,558.1983585079963
864,0,0,0,244,34,9,25,0.5088973850943148,0.8422173084691167,235.5306055277116,613.4775996100848
865,0,0,0,371,44,3,15,0.9833834334276617,0.5796247583348304,345.343797185233,570.298849551066
866,0,1,1,318,34,3,21,0.5088973850943148,0.8422173084691167,309.65500822937236,601.6789639156145
867,0,1,0,69,15,3,15,0.21112623764202,0.9238038510084152,268.6739864834493,529.6121946815094
868,1,1,0,63,47,5,28,0.3773106967564672,0.7403151453472674,274.4731906188541,576.9436887275134
869,1,1,0,91,32,3,18,0.39761656103655696,0.7758463725913316,307.94100146581167,545.2686472290499
870,1,1,1,403,41,3,27,0.24443748919293284,0.13247077818959951,319.6705304330527,665.1687324937897
871,1,0,0,32,44,2,22,0.9833834334276617,0.5796247583348304,310.419539607879,568.4989096802904
872,0,0,0,106,33,4,18,0.8046367336064577,0.31251504993997514,292.6942625631339,695.3815230422155
873,0,0,1,409,48,9,16,0.6061688305344433,0.4517896354664117,276.0958300808223,612.9475041474445
874,0,0,1,131,28,5,19,0.6121745223645121,0.048944066278636456,255.17598765956365,551.7287437050858
875,0,1,0,57,24,5,24,0.14149569114670157,0.8747874984983355,212.72376123596578,401.3053278737747
876,0,0,1,297,3,8,23,0.978013844229281,0.1299455715343356,274.77589925588643,573.2747790494808
877,1,0,0,30,47,1,23,0.3773106967564672,0.7403151453472674,289.28902348903875,559.3660399536581
878,1,0,0,433,23,8,29,0.03834434738382697,0.6661178111098707,317.36976141597404,581.1855836159233
879,0,1,0,363,35,5,21,0.6349153537303209,0.31414990592747927,230.0215427546729,567.5602145769836
880,0,0,1,306,46,5,21,0.7385737628210336,0.10853192373178899,315.205249105379,682.0167036609274
881,0,0,0,336,40,0,12,0.5589970224536955,0.8726507888641208,310.8451244122427,585.9447507677149
882,0,0,0,51,40,11,23,0.5589970224536955,0.8726507888641208,307.441677238792,595.0230956302692
883,1,0,1,181,37,7,22,0.28013089881278574,0.967524380190298,292.90998217070666,632.7085402273107
884,0,1,0,229,27,6,14,0.042702050879597664,0.5714270058088005,256.4073111487397,640.1589818879294
885,0,0,0,52,33,9,17,0.8046367336064577,0.31251504993997514,224.338618739768,444.29802988094224
886,0,1,1,378,16,9,18,0.8112564436160028,0.26610612077638507,313.8941855224156,721.8093498632232
887,0,1,0,474,33,2,23,0.8046367336064577,0.31251504993997514,281.8142555883714,570.7504640036888
888,0,0,1,446,29,5,22,0.5533483980689198,0.980351353995502,306.478696013373,618.100537993897
889,1,0,0,216,36,4,27,0.49425172130577266,0.7565638932865113,249.3861446147293,617.8594020899482
890,0,0,0,109,27,2,33,0.042702050879597664,0.5714270058088005,321.55163674386256,707.8275562455385
891,0,1,0,443,22,5,21,0.6013455470092595,0.32826394867151976,316.56119565296365,604.9432715372546
892,0,0,0,274,40,3,20,0.5589970224536955,0.8726507888641208,309.14206530600165,673.217683971006
893,1,0,0,171,28,4,14,0.6121745223645121,0.048944066278636456,342.1488505056222,594.198124885478
894,1,0,1,119,29,3,20,0.5533483980689198,0.980351353995502,321.8454738083421,741.0798913506484
895,0,1,1,384,7,4,21,0.9787284394260496,0.14397736149840057,355.48536358027866,660.6804524543477
896,0,0,1,112,19,5,30,0.48323641112074256,0.5905635331291705,254.37748948276493,494.12261805389244
897,0,0,1,116,48,3,20,0.6061688305344433,0.4517896354664117,286.9020812247399,628.9699099279585
898,0,0,0,222,2,3,20,0.19722419138997793,0.08462062571197748,290.0642544686987,589.6160746172595
899,0,0,0,219,36,5,23,0.49425172130577266,0.7565638932865113,257.346410294799,565.6630631778829
900,1,0,0,27,35,3,22,0.6349153537303209,0.31414990592747927,372.13117952242243,745.939577939253
901,0,0,0,471,35,5,20,0.6349153537303209,0.31414990592747927,283.5680632760534,578.6879021746188
902,0,0,0,233,47,3,19,0.3773106967564672,0.7403151453472674,268.4915190389046,555.5902878274585
903,1,1,1,357,49,8,14,0.5121942616533488,0.6461082133464515,270.5127863660945,485.9980183955938
904,1,0,1,425,2,5,14,0.19722419138997793,0.08462062571197748,301.76658456248674,686.4151052590906
905,0,0,1,118,31,6,19,0.46977853984571993,0.7659584856592119,283.67656613661353,556.6576362742014
906,0,0,0,62,36,2,23,0.49425172130577266,0.7565638932865113,274.488539012776,647.281896500513
907,0,0,1,137,50,2,14,0.9892466596793383,0.7492987331934273,284.76944033202113,630.0304172677371
908,0,0,1,226,21,9,24,0.9842240803409368,0.6037942769471556,285.6774950797644,552.1648707773934
909,0,0,0,350,19,4,16,0.48323641112074256,0.5905635331291705,284.3494896437346,528.8210017499433
910,0,0,0,309,14,2,25,0.14216354000382125,0.6515949983149767,256.2592525923311,572.1571418595425
911,1,0,0,377,24,3,22,0.14149569114670157,0.8747874984983355,275.36102924377144,561.3071712091361
912,0,1,0,192,2,10,19,0.19722419138997793,0.08462062571197748,293.1540836513201,521.6778854945611
913,0,0,0,23,33,2,15,0.8046367336064577,0.31251504993997514,278.46990861386325,570.4123148214985
914,0,0,1,203,50,3,17,0.9892466596793383,0.7492987331934273,303.70685769107325,640.5801098862709
915,0,0,0,182,25,7,21,0.8063855252694339,0.0688752664718777,251.73410686300764,549.9456467270306
916,0,1,0,488,1,9,17,0.774368490325287,0.06913358555175364,311.14149607436127,578.1999464650677
917,0,1,1,148,48,3,17,0.6061688305344433,0.4517896354664117,285.1457771746863,582.9699142631569
918,0,1,1,490,34,7,20,0.5088973850943148,0.8422173084691167,299.0720459651652,623.9977636092124
919,0,0,0,411,5,4,17,0.36124442727304995,0.0388791817240417,246.10482256731876,459.8428203236781
920,0,0,0,124,28,3,18,0.6121745223645121,0.048944066278636456,285.90987042276566,550.9312990110302
921,0,0,0,299,8,4,18,0.49811370903626084,0.8910799578297883,273.3168352184248,561.2076970920028
922,0,1,0,473,9,5,11,0.013315835734829307,0.08963611628860235,250.34467283634197,541.0823151940093
923,0,0,0,107,33,4,15,0.8046367336064577,0.31251504993997514,316.248499105517,523.553134929273
924,1,0,0,176,17,10,21,0.03654719586484134,0.2661329871043563,336.6997374205825,772.9994303897004
925,1,0,0,89,41,5,23,0.24443748919293284,0.13247077818959951,378.10436241971064,691.4739699445645
926,0,1,0,423,49,5,22,0.5121942616533488,0.6461082133464515,335.44836161386826,669.1201297241026
927,0,0,1,128,22,3,25,0.6013455470092595,0.32826394867151976,291.9406643788369,678.412452499868
928,0,0,0,259,39,3,28,0.7841161577962339,0.6968751777894795,300.3780313135472,592.1972557356271
929,0,0,0,424,35,3,19,0.6349153537303209,0.31414990592747927,275.91330225422894,530.5286493413794
930,0,0,0,29,23,3,18,0.03834434738382697,0.6661178111098707,230.2384736644454,488.3856372044334
931,0,1,1,207,24,6,18,0.14149569114670157,0.8747874984983355,287.9435614473931,480.9759075357647
932,1,0,0,453,19,6,23,0.48323641112074256,0.5905635331291705,319.1788709968584,577.9217907111811
933,0,0,1,369,2,4,17,0.19722419138997793,0.08462062571197748,285.16344513378147,663.113518885638
934,0,0,0,368,14,2,14,0.14216354000382125,0.6515949983149767,261.9668857862743,483.9388688841507
935,0,0,1,211,16,8,23,0.8112564436160028,0.26610612077638507,291.7283354179172,536.1381932357322
936,0,0,1,304,50,4,18,0.9892466596793383,0.7492987331934273,306.3161746524413,595.6171946872452
937,0,0,0,354,38,3,27,0.9087103542406112,0.1694229245185852,242.8782176693436,492.85762015847547
938,1,0,0,217,30,6,25,0.8535007652826607,0.9145373487845063,259.68548259357027,563.4730384095146
939,0,0,0,312,50,3,22,0.9892466596793383,0.7492987331934273,295.46114394449063,680.3448356581176
940,0,0,0,345,19,3,33,0.48323641112074256,0.5905635331291705,248.77146377005687,550.5854094824509
941,0,0,0,441,21,3,18,0.9842240803409368,0.6037942769471556,335.3919516164143,618.7106311576302
942,0,1,0,71,45,6,18,0.8977528435643762,0.5364251248538494,340.96507102325603,672.3652186838949
943,0,0,0,185,27,6,20,0.042702050879597664,0.5714270058088005,242.3425080443857,469.28261799366396
944,1,0,0,106,33,4,18,0.8046367336064577,0.31251504993997514,287.38432534335504,735.2494374981014
945,0,0,1,150,3,3,19,0.978013844229281,0.1299455715343356,284.6361267262969,576.9309799382728
946,0,0,1,221,37,7,22,0.28013089881278574,0.967524380190298,237.90822434134373,513.1577745326881
947,0,0,1,47,33,7,27,0.8046367336064577,0.31251504993997514,319.807675387083,628.9439892696728
948,0,0,0,22,31,2,14,0.46977853984571993,0.7659584856592119,274.02828150897744,584.2936091471345
949,0,0,0,171,28,4,14,0.6121745223645121,0.048944066278636456,274.49895672718264,540.7600471205549
950,0,0,0,11,46,5,25,0.7385737628210336,0.10853192373178899,288.6850317003761,617.9979395859975
951,0,0,1,225,9,7,22,0.013315835734829307,0.08963611628860235,295.1092934246933,697.4367404530343
952,1,0,0,489,18,5,26,0.8916374130640179,0.9109178960788995,336.3761378724462,722.2478253983853
953,1,0,0,435,31,6,12,0.46977853984571993,0.7659584856592119,348.77601147023563,712.611723193421
954,0,0,0,128,22,3,25,0.6013455470092595,0.32826394867151976,283.444935616713,670.39867111207775
955,0,1,0,169,39,3,31,0.7841161577962339,0.6968751777894795,309.64210513223327,569.3282916224317
956,0,1,1,379,27,7,22,0.042702050879597664,0.5714270058088005,221.71366701607587,567.3174012980613
957,1,1,0,348,12,6,32,0.016379052540287375,0.8120638781692833,286.8337184223361,596.5710688484671
958,0,0,1,395,50,3,23,0.9892466596793383,0.7492987331934273,334.6564757692356,633.3906286074504
959,0,0,0,403,41,3,27,0.24443748919293284,0.13247077818959951,222.48972871451588,539.4017776910409
960,0,1,1,401,17,7,15,0.03654719586484134,0.2661329871043563,275.8718562565573,563.3604051374689
961,1,1,1,405,49,5,20,0.5121942616533488,0.6461082133464515,297.1766086569278,492.57615382973125
962,0,1,1,446,29,5,22,0.5533483980689198,0.980351353995502,269.60738383700686,539.0522261198953
963,1,0,1,109,27,2,33,0.042702050879597664,0.5714270058088005,268.4727549175089,481.3679917301615
964,0,1,0,1,25,1,21,0.8063855252694339,0.0688752664718777,344.2308064099013,659.4441486031125
965,1,0,0,81,43,4,20,0.11839594203047454,0.37822385248728096,273.302505959034,633.065915608548
966,0,1,1,467,5,4,17,0.36124442727304995,0.0388791817240417,289.706765494987,594.0215922683202
967,0,1,0,264,44,3,16,0.9833834334276617,0.5796247583348304,349.2609652327299,615.5114972504418
968,0,0,1,188,41,1,18,0.24443748919293284,0.13247077818959951,220.25835607005854,424.8962455574887
969,0,0,0,179,28,1,17,0.6121745223645121,0.048944066278636456,299.93062979967146,578.0534138440071
970,0,0,0,425,2,5,14,0.19722419138997793,0.08462062571197748,319.9190453264755,659.730225588228
971,0,0,1,403,41,3,27,0.24443748919293284,0.13247077818959951,290.8343744067333,511.0482736130138
972,0,0,0,246,19,6,19,0.48323641112074256,0.5905635331291705,287.55341360996636,575.5582597141181
973,0,0,0,370,27,6,21,0.042702050879597664,0.5714270058088005,257.84034081945015,557.5202861825005
974,0,1,0,77,7,4,25,0.9787284394260496,0.14397736149840057,347.0718923618932,729.9679801905327
975,0,0,1,158,19,2,24,0.48323641112074256,0.5905635331291705,301.69754829383345,615.251839033483
976,0,0,0,222,2,3,20,0.19722419138997793,0.08462062571197748,290.78227322429524,622.7681578342551
977,1,0,0,60,35,5,21,0.6349153537303209,0.31414990592747927,324.71998251610563,788.0875557368677
978,0,1,1,195,38,7,15,0.9087103542406112,0.1694229245185852,288.0157581542221,602.1905101387342
979,0,1,0,332,14,6,16,0.14216354000382125,0.6515949983149767,272.88492346956707,670.9900304627156
980,1,1,1,55,6,7,26,0.7426119421143085,0.6856354165356606,359.95297376186505,727.7177249135073
981,0,1,1,22,31,2,14,0.46977853984571993,0.7659584856592119,318.6881982944157,621.3066356545572
982,1,0,0,312,50,3,22,0.9892466596793383,0.7492987331934273,309.8944206171385,622.9746358358514
983,0,1,1,353,8,6,23,0.49811370903626084,0.8910799578297883,266.2308104499774,622.1034439658525
984,0,1,1,239,46,4,15,0.7385737628210336,0.10853192373178899,269.7036634599205,545.7852118108134
985,0,0,0,462,27,3,11,0.042702050879597664,0.5714270058088005,238.99185028132513,468.20405507036475
986,0,0,1,301,25,7,27,0.8063855252694339,0.0688752664718777,322.4699035681332,605.857296479474
987,1,0,1,391,14,4,24,0.14216354000382125,0.6515949983149767,272.0462458941993,612.0916390239834
988,1,1,1,124,28,3,18,0.6121745223645121,0.048944066278636456,239.02760789177364,496.197286314036
989,0,0,0,11,46,5,25,0.7385737628210336,0.10853192373178899,298.05286733676155,644.78455751168
990,0,0,0,191,34,6,11,0.5088973850943148,0.8422173084691167,285.1637012179625,657.8089115182943
991,0,0,1,474,33,2,23,0.8046367336064577,0.31251504993997514,300.3065292676211,613.5433370741974
992,1,0,0,341,34,3,16,0.5088973850943148,0.8422173084691167,299.9465946709694,623.3926841476059
993,0,1,1,470,39,5,22,0.7841161577962339,0.6968751777894795,325.29483963647317,669.7855823253576
994,1,0,1,360,29,7,33,0.5533483980689198,0.980351353995502,307.69445046439415,635.9893558737471
995,0,0,1,213,41,2,27,0.24443748919293284,0.13247077818959951,297.01796102738865,479.31325105047057
996,0,0,1,395,50,3,23,0.9892466596793383,0.7492987331934273,288.1535673738245,618.5982324550681
997,0,0,0,18,48,5,30,0.6061688305344433,0.4517896354664117,295.250963777901,687.7075477788927
998,1,0,1,162,31,3,23,0.46977853984571993,0.7659584856592119,292.0042450843355,578.4052254009089
999,0,1,0,36,41,6,20,0.24443748919293284,0.13247077818959951,254.32884355993858,596.1624730912297
1000,0,1,0,397,37,3,15,0.28013089881278574,0.967524380190298,312.9203443804161,603.5848159206247
1001,1,1,1,193,2,3,20,0.19722419138997793,0.08462062571197748,299.206384081429,655.4428632359145
1002,0,1,0,303,38,5,18,0.9087103542406112,0.1694229245185852,333.2309786098613,637.7984010784045
1003,0,1,0,47,33,7,27,0.8046367336064577,0.31251504993997514,311.12030423536254,660.0780816222756
1004,0,1,0,302,19,4,20,0.48323641112074256,0.5905635331291705,338.2483707485218,706.3020736505089
1005,0,1,1,193,2,3,20,0.19722419138997793,0.08462062571197748,320.31461311399073,627.0078413482967
1006,0,0,1,236,38,4,18,0.9087103542406112,0.1694229245185852,319.88869958181954,650.5217975301716
1007,0,0,0,169,39,3,31,0.7841161577962339,0.6968751777894795,297.99351601301714,527.9808939186498
1008,0,0,0,269,15,10,18,0.21112623764202,0.9238038510084152,273.62893729989855,564.3704879850806
1009,0,0,0,124,28,3,18,0.6121745223645121,0.048944066278636456,292.3269966211032,603.1772971412963
1010,0,0,0,226,21,9,24,0.9842240803409368,0.6037942769471556,354.6934576145978,806.2436190977171
1011,1,0,1,219,36,5,23,0.49425172130577266,0.7565638932865113,267.31150420199356,519.423052641227
1012,1,0,0,129,23,1,19,0.03834434738382697,0.6661178111098707,258.85579656269834,472.82516320258634
1013,0,0,0,307,7,7,27,0.9787284394260496,0.14397736149840057,216.05466061906964,462.1660229048119
1014,0,1,0,351,2,5,21,0.19722419138997793,0.08462062571197748,246.11071076840847,503.81039694729617
1015,0,0,1,387,43,12,24,0.11839594203047454,0.37822385248728096,252.72770828946094,520.6069999540396
1016,0,0,0,327,13,5,18,0.09574478422291577,0.2606025456916541,242.78578771123748,474.6881893443613
1017,1,0,0,494,41,3,24,0.24443748919293284,0.13247077818959951,297.99855900700624,634.0262836794592
1018,0,0,0,259,39,3,28,0.7841161577962339,0.6968751777894795,277.0037109226022,542.8179694993544
1019,1,0,0,489,18,5,26,0.8916374130640179,0.9109178960788995,381.23466089166106,758.2469247708987
1020,0,1,0,76,38,9,17,0.9087103542406112,0.1694229245185852,306.9693481934146,639.1109350827054
1021,0,0,1,275,1,5,12,0.774368490325287,0.06913358555175364,324.66327554789547,583.2710922200154
1022,0,0,0,91,32,3,18,0.39761656103655696,0.7758463725913316,266.0213510152858,622.5835974240508
1023,1,1,1,86,22,4,19,0.6013455470092595,0.32826394867151976,346.2144519696656,714.5089014628248
1024,1,0,0,176,17,10,21,0.03654719586484134,0.2661329871043563,267.58146182148346,502.58234807262943
1025,0,1,0,8,25,5,23,0.8063855252694339,0.0688752664718777,224.92013172941734,474.148337937405
1026,1,0,0,249,42,3,20,0.5309706551488489,0.07851310959085822,363.99682172449894,803.9615363577642
1027,0,0,1,118,31,6,19,0.46977853984571993,0.7659584856592119,281.4371521504029,603.1072418612633
1028,1,1,0,293,43,3,32,0.11839594203047454,0.37822385248728096,250.0560061045212,485.8970382954384
1029,0,0,0,205,26,5,20,0.26668567629531026,0.7934630094096065,256.78176391379964,575.72796984982
1030,0,0,1,210,49,6,20,0.5121942616533488,0.6461082133464515,224.4159356139271,500.7799863451041
1031,0,1,0,72,47,7,22,0.3773106967564672,0.7403151453472674,252.50861078045045,561.7263844270313
1032,0,1,0,470,39,5,22,0.7841161577962339,0.6968751777894795,307.45035775926334,690.5046653409835
1033,1,1,0,254,4,3,19,0.20132735022343695,0.74613202130422,257.3712572290362,468.29121461730267
1034,0,0,1,460,32,4,23,0.39761656103655696,0.7758463725913316,256.6965458126489,573.7518788270962
1035,0,1,0,299,8,4,18,0.49811370903626084,0.8910799578297883,246.1797561435961,495.3635858524057
1036,0,0,1,122,44,5,21,0.9833834334276617,0.5796247583348304,304.97932602248505,628.5704152514857
1037,1,1,1,453,19,6,23,0.48323641112074256,0.5905635331291705,289.6968021679511,553.7635836741438
1038,1,0,0,320,40,6,20,0.5589970224536955,0.8726507888641208,314.8526139245319,700.97073114698685
1039,1,0,0,344,50,7,16,0.9892466596793383,0.7492987331934273,308.1766207061364,618.4446624479918
1040,0,0,0,120,1,5,17,0.774368490325287,0.06913358555175364,304.3757711448972,664.435116730375
1041,0,0,0,430,31,2,20,0.46977853984571993,0.7659584856592119,249.5062048949326,532.65364183265
1042,0,0,1,224,9,6,12,0.013315835734829307,0.08963611628860235,257.81183248137677,525.233067002338
1043,1,1,0,111,31,6,19,0.46977853984571993,0.7659584856592119,300.3514214412031,595.6415776493861
1044,0,1,0,89,41,5,23,0.24443748919293284,0.13247077818959951,239.307360187734,489.795626956581
1045,0,1,0,419,15,5,23,0.21112623764202,0.9238038510084152,275.27439096098044,549.5398916687075
1046,1,1,0,169,39,3,31,0.7841161577962339,0.6968751777894795,367.79823801350403,682.6875619221292
1047,0,1,0,444,16,3,16,0.8112564436160028,0.26610612077638507,291.9090114480285,644.345134140086
1048,1,1,0,7,47,3,17,0.3773106967564672,0.7403151453472674,261.41343534270857,491.77265234431854
1049,1,1,1,498,31,5,13,0.46977853984571993,0.7659584856592119,297.77698888645534,599.0328023959489
1050,1,0,0,381,4,6,21,0.20132735022343695,0.74613202130422,317.9814509772264,619.866455929941
1051,1,1,0,228,9,9,21,0.013315835734829307,0.08963611628860235,324.5254492146233,630.1396563031152
1052,0,0,0,330,24,3,29,0.14149569114670157,0.8747874984983355,233.3149689134795,455.6200373669995
1053,0,1,1,215,33,8,15,0.8046367336064577,0.31251504993997514,266.04512567871853,663.2812053841774
1054,0,0,1,226,21,9,24,0.9842240803409368,0.6037942769471556,294.81112890795714,707.2059502025538
1055,1,0,0,446,29,5,22,0.5533483980689198,0.980351353995502,286.92672943279547,554.2845605427644
1056,0,1,0,167,21,6,21,0.9842240803409368,0.6037942769471556,286.91185482052936,657.8291035689612
1057,0,1,0,482,42,5,19,0.5309706551488489,0.07851310959085822,335.34851625695416,727.0981521699648
1058,1,0,0,18,48,5,30,0.6061688305344433,0.4517896354664117,303.581949330972,653.5566833216079
1059,0,0,0,144,19,5,21,0.48323641112074256,0.5905635331291705,311.4397805485172,633.042977897372
1060,1,0,0,181,37,7,22,0.28013089881278574,0.967524380190298,279.50041695807187,621.7608837765652
1061,0,1,0,233,47,3,19,0.3773106967564672,0.7403151453472674,313.4314168954511,584.2747941312401
1062,0,0,1,207,24,6,18,0.14149569114670157,0.8747874984983355,219.90723072879052,592.6728783204007
1063,0,0,0,75,25,3,13,0.8063855252694339,0.0688752664718777,300.4139282218177,665.1287823596986
1064,1,1,0,12,1,3,22,0.774368490325287,0.06913358555175364,328.23687278228306,523.5997759203462
1065,1,1,1,37,7,7,18,0.9787284394260496,0.14397736149840057,392.8482142291824,761.484343428606
1066,0,0,1,416,30,10,14,0.8535007652826607,0.9145373487845063,316.8062480911493,687.8144019520583
1067,0,1,0,44,29,3,19,0.5533483980689198,0.980351353995502,336.62724090329033,617.6166113102921
1068,0,0,1,213,41,2,27,0.24443748919293284,0.13247077818959951,251.38438087228323,639.5899846187658
1069,0,0,0,13,5,4,16,0.36124442727304995,0.0388791817240417,291.17523232536877,540.043781844357
1070,0,0,1,314,9,6,20,0.013315835734829307,0.08963611628860235,300.66843246349197,655.5164064023513
1071,1,1,0,384,7,4,21,0.9787284394260496,0.14397736149840057,365.1750622511261,740.328673223077
1072,0,0,0,81,43,4,20,0.11839594203047454,0.37822385248728096,232.91721758488396,526.8684226649247
1073,1,1,0,173,33,8,23,0.8046367336064577,0.31251504993997514,374.4008506071961,719.2624712463565
1074,0,0,0,361,8,4,20,0.49811370903626084,0.8910799578297883,253.73074678908006,558.971971272557
1075,0,1,0,330,24,3,29,0.14149569114670157,0.8747874984983355,294.5570467330266,663.7416474893541
1076,0,1,0,334,20,1,21,0.4666645280085504,0.9181476451922208,258.07891639466084,603.4953224596051
1077,0,0,0,429,29,7,24,0.5533483980689198,0.980351353995502,273.15916496895227,617.3997699684272
1078,0,0,0,189,1,9,26,0.774368490325287,0.06913358555175364,301.83584786738413,700.627740407337
1079,0,0,0,12,1,3,22,0.774368490325287,0.06913358555175364,253.94331471841053,470.02814509202443
1080,0,1,1,383,14,4,27,0.14216354000382125,0.6515949983149767,262.43106333656687,464.24665576850254
1081,0,0,1,30,47,1,23,0.3773106967564672,0.7403151453472674,269.1472294480128,548.6191289455472
1082,1,1,1,173,33,8,23,0.8046367336064577,0.31251504993997514,306.72480786552444,655.7289583197328
1083,0,0,0,63,47,5,28,0.3773106967564672,0.7403151453472674,317.8152561768674,613.4639006864207
1084,0,0,1,198,13,4,20,0.09574478422291577,0.2606025456916541,326.8684093149922,655.7138600914348
1085,0,0,0,358,1,1,29,0.774368490325287,0.06913358555175364,303.7741617887626,601.0371721071996
1086,0,1,0,89,41,5,23,0.24443748919293284,0.13247077818959951,243.4382278678069,481.9913872110504
1087,0,1,1,316,9,4,22,0.013315835734829307,0.08963611628860235,233.73248189208056,559.1884382404895
1088,0,1,1,206,8,5,13,0.49811370903626084,0.8910799578297883,272.5988497634851,558.553392715426
1089,1,0,0,200,35,6,19,0.6349153537303209,0.31414990592747927,330.3716826051596,720.2840532251882
1090,0,0,0,164,3,5,26,0.978013844229281,0.1299455715343356,328.6032108958706,528.9888913656489
1091,0,1,1,203,50,3,17,0.9892466596793383,0.7492987331934273,327.70749122222946,664.0877332437708
1092,1,0,0,117,39,8,23,0.7841161577962339,0.6968751777894795,322.0174882078518,624.4904172049901
1093,0,0,0,440,26,5,19,0.26668567629531026,0.7934630094096065,246.23056664484142,546.382380185029
1094,0,1,1,197,29,8,24,0.5533483980689198,0.980351353995502,290.91424170356623,581.4031940736384
1095,0,0,1,146,8,6,22,0.49811370903626084,0.8910799578297883,361.1334707598912,732.5774841845163
1096,0,0,0,419,15,5,23,0.21112623764202,0.9238038510084152,293.514972200287,583.4663300044847
1097,1,0,1,325,31,2,17,0.46977853984571993,0.7659584856592119,291.3920455499544,591.6199148218766
1098,0,0,0,70,25,7,23,0.8063855252694339,0.0688752664718777,285.6649961298885,562.4043984174701
1099,1,0,0,440,26,5,19,0.26668567629531026,0.7934630094096065,293.95878286770153,540.7488068727516
1100,1,1,0,226,21,9,24,0.9842240803409368,0.6037942769471556,357.64348793022094,711.1174494018217
1101,1,1,0,293,43,3,32,0.11839594203047454,0.37822385248728096,300.05095368989805,539.2589259373069
1102,0,0,1,387,43,12,24,0.11839594203047454,0.37822385248728096,253.6548611336951,505.8926315683422
1103,0,0,0,202,44,6,16,0.9833834334276617,0.5796247583348304,300.5762551071108,730.5017402783587
1104,0,1,0,391,14,4,24,0.14216354000382125,0.6515949983149767,258.65694938233366,479.1282704760631
1105,0,1,1,42,48,5,20,0.6061688305344433,0.4517896354664117,280.95655613327,597.7091233335444
1106,0,0,0,221,37,7,22,0.28013089881278574,0.967524380190298,225.03976990430562,497.6468946556094
1107,0,1,0,78,6,6,20,0.7426119421143085,0.6856354165356606,275.31354056863785,597.4329741986392
1108,1,0,0,346,41,8,26,0.24443748919293284,0.13247077818959951,342.30334376616605,689.1451980017686
1109,1,0,0,133,20,7,11,0.4666645280085504,0.9181476451922208,299.4929914174044,565.9588573478206
1110,0,0,0,489,18,5,26,0.8916374130640179,0.9109178960788995,260.8163332312462,530.2116791625299
1111,1,0,0,412,18,5,29,0.8916374130640179,0.9109178960788995,389.60089882551733,778.8829711583803
1112,0,0,1,455,50,3,19,0.9892466596793383,0.7492987331934273,292.0668808067811,570.2113430144256
1113,1,0,1,315,3,6,23,0.978013844229281,0.1299455715343356,314.4634095041912,614.1466978580551
1114,0,0,1,312,50,3,22,0.9892466596793383,0.7492987331934273,326.0169085969818,657.0640694788498
1115,0,0,0,325,31,2,17,0.46977853984571993,0.7659584856592119,268.3417169752517,563.5434534640929
1116,0,0,0,15,37,6,21,0.28013089881278574,0.967524380190298,272.02802827412853,578.2836511358287
1117,0,1,0,368,14,2,14,0.14216354000382125,0.6515949983149767,257.19324500467616,607.4376606532976
1118,1,0,1,2,8,3,15,0.49811370903626084,0.8910799578297883,336.9616305637908,672.1359918355319
1119,0,0,1,402,2,6,20,0.19722419138997793,0.08462062571197748,211.48554550553942,439.34518532050254
1120,0,0,0,436,15,5,17,0.21112623764202,0.9238038510084152,279.97156370894396,626.023966716078
1121,0,0,0,377,24,3,22,0.14149569114670157,0.8747874984983355,254.8792297805221,499.0727401801257
1122,0,0,0,75,25,3,13,0.8063855252694339,0.0688752664718777,335.9782840535686,682.5311988699965
1123,0,0,1,464,41,4,26,0.24443748919293284,0.13247077818959951,265.58022414719636,603.6677653794269
1124,1,0,0,138,14,5,17,0.14216354000382125,0.6515949983149767,246.28368141510524,592.0318742268746
1125,1,0,0,53,19,10,11,0.48323641112074256,0.5905635331291705,288.0208808051607,570.1796711859835
1126,0,0,0,299,8,4,18,0.49811370903626084,0.8910799578297883,349.70534395828076,668.6206090847213
1127,0,0,1,161,41,3,18,0.24443748919293284,0.13247077818959951,271.62420208388835,540.7196535060646
1128,0,0,0,406,32,6,19,0.39761656103655696,0.7758463725913316,297.9019455591336,638.6829484395931
1129,0,0,1,465,3,5,16,0.978013844229281,0.1299455715343356,344.4348639452357,622.6373062906544
1130,0,1,0,130,11,8,16,0.775893080746755,0.774874358670786,356.87240408092356,773.8140310662013
1131,0,1,1,90,46,9,18,0.7385737628210336,0.10853192373178899,312.06020661618123,617.8427665675215
1132,0,1,1,238,18,3,14,0.8916374130640179,0.9109178960788995,279.8369250253767,565.0983058081989
1133,0,1,0,404,11,4,17,0.775893080746755,0.774874358670786,282.95613583015313,650.7524305581185
1134,0,0,0,301,25,7,27,0.8063855252694339,0.0688752664718777,349.02770405484955,656.8280178566038
1135,1,0,0,7,47,3,17,0.3773106967564672,0.7403151453472674,296.88743180103415,592.954437136825
1136,0,0,0,128,22,3,25,0.6013455470092595,0.32826394867151976,266.9392895689841,507.6402943080962
1137,1,0,0,477,14,4,25,0.14216354000382125,0.6515949983149767,247.26628747076055,466.25919294620576
1138,1,0,0,106,33,4,18,0.8046367336064577,0.31251504993997514,291.9420770412294,585.4225889963858
1139,0,0,0,247,48,5,18,0.6061688305344433,0.4517896354664117,276.9170161030771,657.7051261844064
1140,0,0,0,398,47,4,13,0.3773106967564672,0.7403151453472674,296.2269006838363,702.3747362619607
1141,0,0,0,61,2,1,20,0.19722419138997793,0.08462062571197748,235.15316033735553,449.1977161071143
1142,0,0,1,59,31,6,14,0.46977853984571993,0.7659584856592119,271.8247404642432,495.7432359700757
1143,1,0,0,244,34,9,25,0.5088973850943148,0.8422173084691167,321.5777071981685,669.2036110841797
1144,0,0,1,354,38,3,27,0.9087103542406112,0.1694229245185852,317.72938552717864,612.6903034198878
1145,0,0,0,162,31,3,23,0.46977853984571993,0.7659584856592119,282.5977109593587,563.4110210687238
1146,0,1,0,414,39,3,29,0.7841161577962339,0.6968751777894795,318.8305758632427,666.4416492877074
1147,0,1,0,141,23,3,13,0.03834434738382697,0.6661178111098707,227.55637034615847,432.2577908049309
1148,0,0,0,159,25,1,14,0.8063855252694339,0.0688752664718777,340.69576822885534,657.1314883596573
1149,0,1,1,199,7,7,24,0.9787284394260496,0.14397736149840057,341.68297946971416,667.7842483030144
1150,0,0,0,477,14,4,25,0.14216354000382125,0.6515949983149767,247.32996496641135,459.1782138619823
1151,0,0,0,29,23,3,18,0.03834434738382697,0.6661178111098707,275.24064879143236,508.19392770800147
1152,0,0,0,428,38,11,25,0.9087103542406112,0.1694229245185852,296.2009686829651,669.6101954725117
1153,1,0,1,41,11,5,27,0.775893080746755,0.774874358670786,355.48766007747065,648.8503964036095
1154,0,0,0,412,18,5,29,0.8916374130640179,0.9109178960788995,262.5205287598788,535.583497207724
1155,1,0,0,329,6,3,18,0.7426119421143085,0.6856354165356606,361.53217374098483,769.2242531233492
1156,0,0,0,113,29,5,24,0.5533483980689198,0.980351353995502,268.48617805830463,542.7996261277788
1157,0,0,1,244,34,9,25,0.5088973850943148,0.8422173084691167,279.8870366068481,570.2391690779451
1158,1,0,0,163,48,6,19,0.6061688305344433,0.4517896354664117,276.6397020886965,504.14318134881535
1159,0,0,0,216,36,4,27,0.49425172130577266,0.7565638932865113,270.6002929588876,557.0462311466013
1160,0,0,0,484,25,6,18,0.8063855252694339,0.0688752664718777,329.7457161293712,688.9678707252616
1161,0,1,0,444,16,3,16,0.8112564436160028,0.26610612077638507,297.4469811798531,561.7358963407318
1162,1,1,0,52,33,9,17,0.8046367336064577,0.31251504993997514,383.6563853081655,797.9243698829529
1163,0,0,0,89,41,5,23,0.24443748919293284,0.13247077818959951,244.84965535157804,517.9948530095598
1164,0,0,0,485,38,5,21,0.9087103542406112,0.1694229245185852,329.5293683055717,648.8986713665003
1165,0,1,0,234,22,8,19,0.6013455470092595,0.32826394867151976,266.74632219625954,530.6039525885751
1166,0,0,1,401,17,7,15,0.03654719586484134,0.2661329871043563,219.42255172204935,429.26825262862576
1167,1,0,1,215,33,8,15,0.8046367336064577,0.31251504993997514,349.5159651531864,678.0086735326404
1168,0,0,0,90,46,9,18,0.7385737628210336,0.10853192373178899,296.95984883145996,531.0606016514755
1169,0,0,1,3,8,4,20,0.49811370903626084,0.8910799578297883,284.2331982903109,581.9754500657141
1170,0,0,0,11,46,5,25,0.7385737628210336,0.10853192373178899,343.3819426902887,723.4809643490219
1171,0,1,0,153,10,6,20,0.25994612858630717,0.03773271921090782,314.31187894726395,762.5240949219165
1172,0,0,0,202,44,6,16,0.9833834334276617,0.5796247583348304,349.7862577220241,623.6022884362438
1173,0,0,0,28,29,3,18,0.5533483980689198,0.980351353995502,246.6458577358039,486.00074585030615
1174,1,1,0,73,22,3,22,0.6013455470092595,0.32826394867151976,317.89968078953046,682.1334434388042
1175,0,1,0,251,26,3,20,0.26668567629531026,0.7934630094096065,272.6226183331824,494.81514158103465
1176,0,0,0,200,35,6,19,0.6349153537303209,0.31414990592747927,336.6329133766421,635.2912322659045
1177,1,0,0,35,29,8,25,0.5533483980689198,0.980351353995502,280.67367434917236,601.1997261911198
1178,0,1,1,217,30,6,25,0.8535007652826607,0.9145373487845063,322.7720289656098,674.598610648567
1179,1,0,0,2,8,3,15,0.49811370903626084,0.8910799578297883,295.52974472324007,578.2862073193058
1180,0,0,1,462,27,3,11,0.042702050879597664,0.5714270058088005,233.69348737093844,605.5631462064312
1181,0,0,0,159,25,1,14,0.8063855252694339,0.0688752664718777,334.9222848342193,645.384814115004
1182,0,0,1,233,47,3,19,0.3773106967564672,0.7403151453472674,242.08128442136896,545.4262790397497
1183,0,1,0,218,49,8,27,0.5121942616533488,0.6461082133464515,299.4388317345682,617.0712222872147
1184,0,0,0,276,24,6,16,0.14149569114670157,0.8747874984983355,198.88920539427613,485.85146161502
1185,0,0,0,94,32,2,21,0.39761656103655696,0.7758463725913316,282.372532292356,542.2765423615479
1186,1,0,1,478,14,3,20,0.14216354000382125,0.6515949983149767,260.4875697571369,506.38810094283093
1187,1,1,0,361,8,4,20,0.49811370903626084,0.8910799578297883,337.5007015674853,714.1526339048621
1188,0,1,1,181,37,7,22,0.28013089881278574,0.967524380190298,299.67466297981304,559.602333556086
1189,1,0,1,265,27,5,24,0.042702050879597664,0.5714270058088005,312.8884772464669,570.8718830074763
1190,0,0,0,62,36,2,23,0.49425172130577266,0.7565638932865113,289.72115911110023,653.0274263410678
1191,0,0,1,48,10,5,21,0.25994612858630717,0.03773271921090782,253.9003721187612,490.54942564800143
1192,0,1,1,458,22,9,18,0.6013455470092595,0.32826394867151976,238.5167345207177,584.1922785052745
1193,1,1,1,241,49,4,22,0.5121942616533488,0.6461082133464515,327.9885436949356,650.599575398808
1194,0,0,1,245,41,6,30,0.24443748919293284,0.13247077818959951,270.89444932725286,455.33837190348436
1195,0,0,0,30,47,1,23,0.3773106967564672,0.7403151453472674,208.38021983995952,395.23796932535157
1196,0,0,0,283,49,3,20,0.5121942616533488,0.6461082133464515,296.2157731682098,600.903445362576
1197,0,1,0,270,29,7,22,0.5533483980689198,0.980351353995502,310.99598567393144,574.2576846030627
1198,0,1,0,7,47,3,17,0.3773106967564672,0.7403151453472674,253.33031149347968,535.4786196118507
1199,1,1,0,470,39,5,22,0.7841161577962339,0.6968751777894795,295.6118972273208,562.017105292817
1200,0,0,1,99,42,5,22,0.5309706551488489,0.07851310959085822,228.2811402268638,425.8714643962754
1201,0,0,0,205,26,5,20,0.26668567629531026,0.7934630094096065,219.3276346325004,487.4673605054709
1202,0,0,0,362,27,5,23,0.042702050879597664,0.5714270058088005,288.2066879934177,521.0733465110337
1203,0,1,1,466,29,6,18,0.5533483980689198,0.980351353995502,311.50765996956,649.3014918266196
1204,0,0,1,389,10,7,21,0.25994612858630717,0.03773271921090782,262.2337433862877,554.4608623438841
1205,0,1,1,292,46,4,21,0.7385737628210336,0.10853192373178899,287.4613837827611,611.6822805869627
1206,0,1,1,187,47,3,20,0.3773106967564672,0.7403151453472674,254.1437467742926,565.7475610307868
1207,0,0,0,316,9,4,22,0.013315835734829307,0.08963611628860235,248.05193043611996,443.68899691330876
1208,0,1,0,231,38,5,14,0.9087103542406112,0.1694229245185852,243.31909234002947,515.4182390235923
1209,1,0,0,174,37,8,22,0.28013089881278574,0.967524380190298,325.1058075147359,782.9760004767434
1210,1,0,1,354,38,3,27,0.9087103542406112,0.1694229245185852,317.6948640336663,634.3880502064184
1211,0,0,0,142,23,7,15,0.03834434738382697,0.6661178111098707,237.24035936617517,561.7714393958752
1212,1,0,0,305,28,5,17,0.6121745223645121,0.048944066278636456,318.15559816061796,643.4659343707058
1213,0,1,1,25,20,7,18,0.4666645280085504,0.9181476451922208,294.40098605648603,588.2082675982939
1214,1,0,1,356,47,10,25,0.3773106967564672,0.7403151453472674,297.86737913527804,624.5147486272441
1215,0,0,0,496,41,4,22,0.24443748919293284,0.13247077818959951,257.1733264005147,524.2371834739721
1216,0,1,0,182,25,7,21,0.8063855252694339,0.0688752664718777,397.57263568484063,762.4067719611517
1217,0,0,0,314,9,6,20,0.013315835734829307,0.08963611628860235,287.4704499252031,638.3150130269015
1218,0,1,1,336,40,0,12,0.5589970224536955,0.8726507888641208,272.9455065350352,555.9760696759388
1219,0,0,1,3,8,4,20,0.49811370903626084,0.8910799578297883,261.4265595722229,507.7886584168274
1220,0,1,0,284,10,6,19,0.25994612858630717,0.03773271921090782,263.8960457456126,602.3250350319797
1221,0,0,1,174,37,8,22,0.28013089881278574,0.967524380190298,294.63011668234276,634.8037844188607
1222,0,0,1,421,12,5,20,0.016379052540287375,0.8120638781692833,263.2966706604334,530.1147882878931
1223,0,0,0,8,25,5,23,0.8063855252694339,0.0688752664718777,295.8232958123638,503.71992625546955
1224,1,0,0,165,13,5,14,0.09574478422291577,0.2606025456916541,298.963312119974,564.7603517724699
1225,0,1,1,458,22,9,18,0.6013455470092595,0.32826394867151976,330.0354463767548,638.6359154704842
1226,0,0,0,194,40,3,17,0.5589970224536955,0.8726507888641208,260.3614844108119,553.8406966808681
1227,0,0,0,244,34,9,25,0.5088973850943148,0.8422173084691167,253.97118708377582,556.7513723559755
1228,1,0,0,267,45,6,15,0.8977528435643762,0.5364251248538494,359.2995481228751,724.6994420346072
1229,1,1,1,477,14,4,25,0.14216354000382125,0.6515949983149767,278.1815640357235,564.2077630211705
1230,0,0,1,187,47,3,20,0.3773106967564672,0.7403151453472674,284.8056527589256,584.4278411021372
1231,0,0,0,428,38,11,25,0.9087103542406112,0.1694229245185852,364.5463442978348,800.1483144221083
1232,0,0,1,117,39,8,23,0.7841161577962339,0.6968751777894795,338.00081592846067,731.0634949763165
1233,0,1,0,399,24,2,14,0.14149569114670157,0.8747874984983355,265.36596529909036,393.71628704816567
1234,0,0,0,156,6,4,19,0.7426119421143085,0.6856354165356606,321.3937810412261,641.1386847640613
1235,0,0,0,29,23,3,18,0.03834434738382697,0.6661178111098707,271.0752971365518,604.0195139448216
1236,0,0,1,33,9,8,21,0.013315835734829307,0.08963611628860235,230.87924425410856,628.2745289216248
1237,0,0,1,203,50,3,17,0.9892466596793383,0.7492987331934273,340.60772006101655,708.6612563748496
1238,0,0,0,102,18,5,22,0.8916374130640179,0.9109178960788995,305.88667717682694,599.7790229802986
1239,0,0,0,282,36,9,21,0.49425172130577266,0.7565638932865113,304.8721043644063,621.2119323751075
1240,0,0,0,148,48,3,17,0.6061688305344433,0.4517896354664117,332.0815551531439,595.3097378831393
1241,1,0,0,212,38,5,23,0.9087103542406112,0.1694229245185852,329.8666574478144,597.0913961490799
1242,1,0,1,9,19,5,21,0.48323641112074256,0.5905635331291705,306.31309814413623,630.1115918865725
1243,0,1,0,383,14,4,27,0.14216354000382125,0.6515949983149767,249.06341988386384,544.1197913352341
1244,0,1,1,421,12,5,20,0.016379052540287375,0.8120638781692833,280.66906809211036,592.7131350654115
1245,1,0,0,226,21,9,24,0.9842240803409368,0.6037942769471556,370.5485641702116,789.9393415533126
1246,0,0,1,297,3,8,23,0.978013844229281,0.1299455715343356,347.2359130133073,726.280633779481
1247,0,1,0,499,13,5,16,0.09574478422291577,0.2606025456916541,335.48944686760325,703.0687725273015
1248,0,0,0,178,47,4,18,0.3773106967564672,0.7403151453472674,231.01686372707366,517.2287039490827
1249,0,0,1,386,10,8,30,0.25994612858630717,0.03773271921090782,253.44268728321072,490.1070313422409
1250,0,0,1,424,35,3,19,0.6349153537303209,0.31414990592747927,303.6348461867993,679.7441906394004
1251,0,0,0,24,35,2,27,0.6349153537303209,0.31414990592747927,324.70772285938534,609.260459770736
1252,1,0,1,87,4,5,28,0.20132735022343695,0.74613202130422,287.6660368064292,624.1086654937957
1253,1,1,0,233,47,3,19,0.3773106967564672,0.7403151453472674,230.2224652756047,484.73866930949964
1254,0,0,0,168,39,6,24,0.7841161577962339,0.6968751777894795,325.8665383760492,650.3618362353267
1255,0,0,1,356,47,10,25,0.3773106967564672,0.7403151453472674,282.958935344129,637.7699499229644
1256,0,1,0,126,11,10,20,0.775893080746755,0.774874358670786,322.6670283882048,696.1046348629181
1257,0,0,1,491,39,7,21,0.7841161577962339,0.6968751777894795,271.47587096923934,551.6358576343011
1258,0,0,0,344,50,7,16,0.9892466596793383,0.7492987331934273,373.42594159724405,686.9020692950559
1259,0,1,1,449,33,4,24,0.8046367336064577,0.31251504993997514,349.3620895092063,622.7901623601074
1260,0,0,1,7,47,3,17,0.3773106967564672,0.7403151453472674,226.8000166903056,516.9863560867003
1261,0,0,0,160,20,6,19,0.4666645280085504,0.9181476451922208,257.16715832103534,608.938366915366
1262,0,0,1,382,21,4,28,0.9842240803409368,0.6037942769471556,300.46381910598143,620.2530356508645
1263,0,0,0,464,41,4,26,0.24443748919293284,0.13247077818959951,279.8535835838077,612.9760872446104
1264,0,0,0,36,41,6,20,0.24443748919293284,0.13247077818959951,252.76079359848345,471.1687287852576
1265,0,0,0,269,15,10,18,0.21112623764202,0.9238038510084152,323.065667571605,673.0551225323615
1266,1,0,1,125,38,5,23,0.9087103542406112,0.1694229245185852,313.48459559342007,591.8084750006448
1267,1,1,0,30,47,1,23,0.3773106967564672,0.7403151453472674,322.19068475447443,679.3211904671402
1268,0,1,1,317,10,7,22,0.25994612858630717,0.03773271921090782,293.3730625971761,609.5456807746635
1269,0,0,0,440,26,5,19,0.26668567629531026,0.7934630094096065,283.2580070258616,600.45325817119965
1270,1,1,1,353,8,6,23,0.49811370903626084,0.8910799578297883,381.21684941958864,768.910345100347
1271,1,1,0,247,48,5,18,0.6061688305344433,0.4517896354664117,299.889510631924,644.5460035251431
1272,0,0,1,406,32,6,19,0.39761656103655696,0.7758463725913316,298.42533847882083,641.9030002341948
1273,0,0,1,193,2,3,20,0.19722419138997793,0.08462062571197748,288.38520753071816,498.76408719823763
1274,0,1,1,252,21,2,17,0.9842240803409368,0.6037942769471556,295.8115578343959,646.2672733596318
1275,0,0,0,469,50,7,28,0.9892466596793383,0.7492987331934273,312.228403823336,724.1365416046355
1276,1,0,1,497,42,5,19,0.5309706551488489,0.07851310959085822,324.60678269568126,706.0520392452449
1277,0,0,0,108,30,4,23,0.8535007652826607,0.9145373487845063,311.3954935655954,570.8338530265283
1278,0,0,0,102,18,5,22,0.8916374130640179,0.9109178960788995,310.0373786697136,674.9730400119416
1279,0,1,1,88,14,4,18,0.14216354000382125,0.6515949983149767,253.93944170323775,446.5956898001486
1280,1,0,1,161,41,3,18,0.24443748919293284,0.13247077818959951,266.9632536042212,517.953414594008
1281,0,0,1,412,18,5,29,0.8916374130640179,0.9109178960788995,354.0083601804235,659.3766024456584
1282,0,0,0,100,39,5,21,0.7841161577962339,0.6968751777894795,293.82230021904286,565.3686815426147
1283,1,0,1,198,13,4,20,0.09574478422291577,0.2606025456916541,245.08462180377305,567.2089461270314
1284,0,0,0,326,14,5,25,0.14216354000382125,0.6515949983149767,247.54205427984272,465.07946583258945
1285,0,1,1,104,9,3,21,0.013315835734829307,0.08963611628860235,258.12114800760793,563.6828024373976
1286,0,1,1,281,37,4,27,0.28013089881278574,0.967524380190298,212.12672743175554,455.09904085052216
1287,0,1,1,374,33,6,16,0.8046367336064577,0.31251504993997514,377.8084670997695,654.0736110272841
1288,0,1,0,208,17,5,27,0.03654719586484134,0.2661329871043563,288.2839193421127,565.7551926523466
1289,0,0,0,145,14,2,23,0.14216354000382125,0.6515949983149767,297.8812124194759,561.9886477924757
1290,1,0,1,128,22,3,25,0.6013455470092595,0.32826394867151976,270.72570550082906,541.4514652214262
1291,1,0,0,474,33,2,23,0.8046367336064577,0.31251504993997514,327.28031720740455,599.1008679959692
1292,0,0,0,262,23,5,27,0.03834434738382697,0.6661178111098707,277.63513778702173,553.0205115668618
1293,0,0,0,15,37,6,21,0.28013089881278574,0.967524380190298,276.8172595423255,553.3434074033654
1294,0,0,1,316,9,4,22,0.013315835734829307,0.08963611628860235,227.45523869235683,576.5737927415068
1295,0,0,0,209,24,1,26,0.14149569114670157,0.8747874984983355,218.02625538282217,441.8953385042264
1296,0,0,0,358,1,1,29,0.774368490325287,0.06913358555175364,263.986831642825,607.7111159759537
1297,1,0,0,309,14,2,25,0.14216354000382125,0.6515949983149767,234.9366098344703,524.3278298716635
1298,0,0,1,8,25,5,23,0.8063855252694339,0.0688752664718777,362.71340190521903,794.3751589334653
1299,1,0,0,198,13,4,20,0.09574478422291577,0.2606025456916541,280.27217512029546,483.25038979399744
1300,1,1,1,423,49,5,22,0.5121942616533488,0.6461082133464515,344.6380646399543,743.5685160444864
1301,0,0,0,235,1,5,19,0.774368490325287,0.06913358555175364,272.54556949352633,635.4651792101937
1302,0,0,1,35,29,8,25,0.5533483980689198,0.980351353995502,306.33305938760674,618.0610062619022
1303,0,0,0,138,14,5,17,0.14216354000382125,0.6515949983149767,229.0537723301069,404.7537310553565
1304,1,0,0,294,50,9,17,0.9892466596793383,0.7492987331934273,341.2216368690192,694.8473589006654
1305,0,1,0,377,24,3,22,0.14149569114670157,0.8747874984983355,291.1280759766759,505.17343361111415
1306,0,0,1,465,3,5,16,0.978013844229281,0.1299455715343356,379.46631627465524,730.7714337673087
1307,0,0,0,349,28,3,19,0.6121745223645121,0.048944066278636456,356.2652113167503,716.0204609546213
1308,0,0,1,210,49,6,20,0.5121942616533488,0.6461082133464515,262.64499538439185,595.9268400175798
1309,1,0,0,109,27,2,33,0.042702050879597664,0.5714270058088005,295.84477330477955,532.7529092726421
1310,0,0,1,20,30,6,26,0.8535007652826607,0.9145373487845063,381.28515995769334,740.0833800807949
1311,1,1,0,31,17,5,16,0.03654719586484134,0.2661329871043563,255.7658073798645,525.8288351087684
1312,1,0,0,67,29,5,28,0.5533483980689198,0.980351353995502,283.4120316561683,560.1418309265682
1313,0,1,0,245,41,6,30,0.24443748919293284,0.13247077818959951,294.52888898686945,499.4567859013262
1314,1,1,1,221,37,7,22,0.28013089881278574,0.967524380190298,294.6794797021793,624.2423715369755
1315,0,0,1,480,47,2,22,0.3773106967564672,0.7403151453472674,281.15080722939337,629.1802604280476
1316,0,0,1,166,21,5,17,0.9842240803409368,0.6037942769471556,351.6097221989372,708.2115701370288
1317,0,0,0,379,27,7,22,0.042702050879597664,0.5714270058088005,256.5455589992628,530.6497612894401
1318,0,0,1,168,39,6,24,0.7841161577962339,0.6968751777894795,271.9469556690641,555.5973946877558
1319,0,0,0,385,45,7,17,0.8977528435643762,0.5364251248538494,307.48654631429247,574.0986643722218
1320,0,0,0,79,29,6,23,0.5533483980689198,0.980351353995502,266.62396766335024,585.6422606649096
1321,0,0,0,142,23,7,15,0.03834434738382697,0.6661178111098707,243.71611990588858,515.6358737084696
1322,0,0,0,111,31,6,19,0.46977853984571993,0.7659584856592119,288.2477223994232,553.6217246843851
1323,1,0,1,190,10,7,25,0.25994612858630717,0.03773271921090782,282.64859858995646,609.7725796843816
1324,0,0,1,59,31,6,14,0.46977853984571993,0.7659584856592119,312.6700194425966,603.590038168278
1325,1,0,1,115,26,6,26,0.26668567629531026,0.7934630094096065,279.61565841094114,621.1092112879095
1326,0,0,0,77,7,4,25,0.9787284394260496,0.14397736149840057,316.7013465706627,594.402110443404
1327,0,0,1,87,4,5,28,0.20132735022343695,0.74613202130422,261.1726874248301,537.2935962851979
1328,1,0,0,161,41,3,18,0.24443748919293284,0.13247077818959951,280.6094394304232,562.9135307154228
1329,0,0,0,65,43,10,24,0.11839594203047454,0.37822385248728096,190.90359916161137,500.5917300036276
1330,0,0,0,193,2,3,20,0.19722419138997793,0.08462062571197748,266.1904408466169,497.9690634066189
1331,1,0,0,385,45,7,17,0.8977528435643762,0.5364251248538494,337.2053928125155,667.012648647297
1332,0,1,1,178,47,4,18,0.3773106967564672,0.7403151453472674,316.5666269883708,515.8338322806492
1333,0,1,1,327,13,5,18,0.09574478422291577,0.2606025456916541,283.0480794920735,567.7313514215866
1334,0,0,1,484,25,6,18,0.8063855252694339,0.0688752664718777,361.3937593415022,779.5478403049776
1335,1,1,1,426,42,5,11,0.5309706551488489,0.07851310959085822,287.8625205818953,566.756913715315
1336,0,0,1,80,19,3,18,0.48323641112074256,0.5905635331291705,286.3516562105074,543.398081533847
1337,1,0,0,217,30,6,25,0.8535007652826607,0.9145373487845063,297.5324732141834,619.6228695412947
1338,0,0,0,469,50,7,28,0.9892466596793383,0.7492987331934273,285.8022750382224,642.7946521541791
1339,0,1,1,164,3,5,26,0.978013844229281,0.1299455715343356,310.32978271174903,588.199777536866
1340,0,1,0,471,35,5,20,0.6349153537303209,0.31414990592747927,348.14495634371923,659.9322443271514
1341,0,0,0,413,8,3,18,0.49811370903626084,0.8910799578297883,311.9410786425194,596.9456644895151
1342,0,0,0,388,50,5,24,0.9892466596793383,0.7492987331934273,235.37364358919584,450.0879442892062
1343,0,1,0,212,38,5,23,0.9087103542406112,0.1694229245185852,333.10180530565134,610.7646946976289
1344,1,0,1,245,41,6,30,0.24443748919293284,0.13247077818959951,307.47202803969617,653.2171812030999
1345,0,1,1,369,2,4,17,0.19722419138997793,0.08462062571197748,307.3113897243992,657.9223769819514
1346,0,1,0,217,30,6,25,0.8535007652826607,0.9145373487845063,285.0125946121821,573.838045313469
1347,0,0,0,247,48,5,18,0.6061688305344433,0.4517896354664117,284.8418456881942,569.6528843610237
1348,0,1,0,283,49,3,20,0.5121942616533488,0.6461082133464515,281.8666858507446,605.1519031039153
1349,0,0,0,480,47,2,22,0.3773106967564672,0.7403151453472674,302.33148837117716,580.402038332944
1350,0,0,1,88,14,4,18,0.14216354000382125,0.6515949983149767,272.9668278690356,679.0565758566063
1351,1,0,0,30,47,1,23,0.3773106967564672,0.7403151453472674,326.95517676406257,690.0432023005746
1352,0,1,0,209,24,1,26,0.14149569114670157,0.8747874984983355,290.91371612069867,578.538192481123
1353,0,0,0,363,35,5,21,0.6349153537303209,0.31414990592747927,263.4433054498936,499.5358633166585
1354,0,0,0,324,8,2,22,0.49811370903626084,0.8910799578297883,319.6522507268753,537.6510889642636
1355,0,0,0,491,39,7,21,0.7841161577962339,0.6968751777894795,284.65250614556066,576.2328566482348
1356,0,1,0,189,1,9,26,0.774368490325287,0.06913358555175364,318.55426054576446,720.8432439507355
1357,0,0,0,44,29,3,19,0.5533483980689198,0.980351353995502,309.95982158091124,686.7648133488689
1358,0,0,0,54,41,3,19,0.24443748919293284,0.13247077818959951,250.55426213667275,534.3019947089381
1359,0,0,1,99,42,5,22,0.5309706551488489,0.07851310959085822,255.9239628505866,578.1447290580642
1360,0,0,1,418,5,2,19,0.36124442727304995,0.0388791817240417,302.7240170416088,649.1863187849813
1361,0,0,1,405,49,5,20,0.5121942616533488,0.6461082133464515,244.19763934301056,530.8047779447808
1362,0,0,0,366,23,5,18,0.03834434738382697,0.6661178111098707,260.2375820255457,516.7905294696119
1363,0,0,0,189,1,9,26,0.774368490325287,0.06913358555175364,293.45535273461036,637.730939012538
1364,0,0,1,390,6,6,25,0.7426119421143085,0.6856354165356606,353.53095833522104,685.532834178719
1365,0,0,1,134,40,8,18,0.5589970224536955,0.8726507888641208,298.3384078195038,567.4882659329143
1366,0,1,0,353,8,6,23,0.49811370903626084,0.8910799578297883,329.74280148622336,683.7797348637714
1367,1,0,1,245,41,6,30,0.24443748919293284,0.13247077818959951,347.291430135564,669.5063549031464
1368,0,0,1,103,5,6,17,0.36124442727304995,0.0388791817240417,299.53132226462895,618.5906560713413
1369,0,1,1,166,21,5,17,0.9842240803409368,0.6037942769471556,321.8854958681325,653.338538785295
1370,0,0,0,482,42,5,19,0.5309706551488489,0.07851310959085822,314.325751237887,612.5932481734842
1371,0,0,1,174,37,8,22,0.28013089881278574,0.967524380190298,228.1882496561559,421.9027658641494
1372,0,1,0,326,14,5,25,0.14216354000382125,0.6515949983149767,253.49407328841025,472.9702348329351
1373,0,0,0,160,20,6,19,0.4666645280085504,0.9181476451922208,231.77464728594532,470.26179597293594
1374,1,0,0,476,23,1,15,0.03834434738382697,0.6661178111098707,301.55605497384875,665.904092693005
1375,0,0,1,61,2,1,20,0.19722419138997793,0.08462062571197748,247.0133333268804,492.1439387350144
1376,1,0,1,428,38,11,25,0.9087103542406112,0.1694229245185852,328.0510395426157,714.7457041761086
1377,1,0,0,405,49,5,20,0.5121942616533488,0.6461082133464515,328.82959368584653,674.1181980270635
1378,1,1,1,236,38,4,18,0.9087103542406112,0.1694229245185852,291.9411675040584,627.0293847035942
1379,0,1,0,136,23,6,20,0.03834434738382697,0.6661178111098707,264.693126313167,502.98516039956303
1380,0,0,0,319,50,4,21,0.9892466596793383,0.7492987331934273,350.4744149638555,683.4501969288679
1381,0,1,0,399,24,2,14,0.14149569114670157,0.8747874984983355,241.9725191309779,494.13208255994954
1382,0,0,0,166,21,5,17,0.9842240803409368,0.6037942769471556,328.7949940486484,689.5589491437867
1383,0,0,1,57,24,5,24,0.14149569114670157,0.8747874984983355,268.84324455751124,515.4912399182834
1384,0,0,1,248,50,8,17,0.9892466596793383,0.7492987331934273,347.2950532107236,664.2353283474349
1385,0,0,0,390,6,6,25,0.7426119421143085,0.6856354165356606,285.78368131052747,582.3894529482517
1386,0,0,0,295,4,3,28,0.20132735022343695,0.74613202130422,234.73933298107525,609.7197546751617
1387,0,1,0,72,47,7,22,0.3773106967564672,0.7403151453472674,280.3232034049621,628.410883088553
1388,0,0,0,438,48,10,11,0.6061688305344433,0.4517896354664117,275.4476042909001,511.8451323746698
1389,1,0,1,151,24,6,17,0.14149569114670157,0.8747874984983355,274.9022669670334,552.3915463215886
1390,1,1,0,39,26,5,12,0.26668567629531026,0.7934630094096065,320.5108226603898,589.9574336581076
1391,0,0,0,331,9,2,10,0.013315835734829307,0.08963611628860235,245.41671384479224,576.3705178746594
1392,0,1,0,98,43,0,23,0.11839594203047454,0.37822385248728096,258.6295424481779,526.5652685830099
1393,1,0,1,127,28,4,22,0.6121745223645121,0.048944066278636456,322.5849640117562,604.3736553520596
1394,0,0,0,98,43,0,23,0.11839594203047454,0.37822385248728096,290.5131399490472,526.2447663956003
1395,0,1,1,449,33,4,24,0.8046367336064577,0.31251504993997514,302.23932188442996,527.3880986082497
1396,0,0,1,187,47,3,20,0.3773106967564672,0.7403151453472674,306.2717987980686,501.55035564907394
1397,0,1,1,192,2,10,19,0.19722419138997793,0.08462062571197748,315.52493421997303,652.82170483772
1398,0,1,0,97,23,10,28,0.03834434738382697,0.6661178111098707,216.82621027612996,400.1109507502755
1399,0,1,0,154,16,4,23,0.8112564436160028,0.26610612077638507,360.81123432662906,609.9390101162293
1400,1,0,1,468,48,6,14,0.6061688305344433,0.4517896354664117,341.1772369145331,644.0946602866425
1401,0,0,1,285,29,4,24,0.5533483980689198,0.980351353995502,249.62162236287867,489.5964609943801
1402,0,0,0,480,47,2,22,0.3773106967564672,0.7403151453472674,251.8956280739102,518.0395723706719
1403,0,0,0,89,41,5,23,0.24443748919293284,0.13247077818959951,260.1267291365106,542.8490155451832
1404,0,0,1,132,42,5,17,0.5309706551488489,0.07851310959085822,283.21359833216303,546.3195768761024
1405,1,0,0,212,38,5,23,0.9087103542406112,0.1694229245185852,365.47561284308796,800.2648013326753
1406,0,0,0,36,41,6,20,0.24443748919293284,0.13247077818959951,230.19811605259386,532.6663944881635
1407,1,0,0,493,13,6,22,0.09574478422291577,0.2606025456916541,280.30075246665973,571.6199303896178
1408,0,0,0,80,19,3,18,0.48323641112074256,0.5905635331291705,309.0637223159114,686.3834658781816
1409,1,0,0,459,48,4,11,0.6061688305344433,0.4517896354664117,309.1915201370129,546.4598583271529
1410,1,1,1,324,8,2,22,0.49811370903626084,0.8910799578297883,330.98728771466705,602.554549577725
1411,1,0,1,206,8,5,13,0.49811370903626084,0.8910799578297883,287.87832802456137,569.5888482963616
1412,0,0,1,308,30,6,25,0.8535007652826607,0.9145373487845063,319.40273679491133,637.8324518098907
1413,0,0,0,401,17,7,15,0.03654719586484134,0.2661329871043563,208.49100921169855,474.77464170794514
1414,1,1,0,199,7,7,24,0.9787284394260496,0.14397736149840057,381.91032871868873,779.3606385210596
1415,0,0,0,162,31,3,23,0.46977853984571993,0.7659584856592119,312.9759748741743,558.9803051994581
1416,0,1,0,174,37,8,22,0.28013089881278574,0.967524380190298,238.9965795540809,498.4213577078886
1417,1,0,0,66,43,4,21,0.11839594203047454,0.37822385248728096,266.774427572264,591.8766102044632
1418,0,0,1,293,43,3,32,0.11839594203047454,0.37822385248728096,246.38613299812832,664.0389244680897
1419,1,1,1,383,14,4,27,0.14216354000382125,0.6515949983149767,238.11247058393863,481.4278149662653
1420,0,0,0,227,44,10,24,0.9833834334276617,0.5796247583348304,343.17995682408605,702.3174270687259
1421,1,1,0,183,29,6,19,0.5533483980689198,0.980351353995502,323.90099002629745,794.9051367996951
1422,0,1,0,82,27,3,27,0.042702050879597664,0.5714270058088005,248.29683358080553,493.6628597242338
1423,0,1,1,270,29,7,22,0.5533483980689198,0.980351353995502,292.05673957664703,592.4435983207192
1424,1,0,1,6,41,7,27,0.24443748919293284,0.13247077818959951,322.1683468583181,601.6913226699725
1425,0,0,0,159,25,1,14,0.8063855252694339,0.0688752664718777,304.76938885403297,664.475771477095
1426,1,0,1,146,8,6,22,0.49811370903626084,0.8910799578297883,295.27556444756215,673.2706170440175
1427,0,1,1,358,1,1,29,0.774368490325287,0.06913358555175364,282.9337031079538,601.338918648365
1428,1,0,0,78,6,6,20,0.7426119421143085,0.6856354165356606,334.83504351054,701.0822200870489
1429,0,1,0,270,29,7,22,0.5533483980689198,0.980351353995502,239.15717606819373,530.2795972502112
1430,0,0,0,171,28,4,14,0.6121745223645121,0.048944066278636456,280.5569761648626,605.7211636811959
1431,0,0,0,423,49,5,22,0.5121942616533488,0.6461082133464515,302.0266026288309,680.0821047370445
1432,0,1,0,406,32,6,19,0.39761656103655696,0.7758463725913316,299.6046252175292,590.0244582338734
1433,0,0,1,20,30,6,26,0.8535007652826607,0.9145373487845063,275.1015840109804,587.8720517984773
1434,0,0,0,112,19,5,30,0.48323641112074256,0.5905635331291705,265.39738742473105,486.50306954002644
1435,1,1,1,124,28,3,18,0.6121745223645121,0.048944066278636456,376.6751019272788,823.958121577555
1436,1,0,0,329,6,3,18,0.7426119421143085,0.6856354165356606,272.1316187129619,563.6162997337317
1437,1,1,0,45,11,3,17,0.775893080746755,0.774874358670786,330.255506116164,645.5713162224428
1438,0,1,0,19,38,6,21,0.9087103542406112,0.1694229245185852,276.32616053352695,677.0546106976989
1439,0,0,0,351,2,5,21,0.19722419138997793,0.08462062571197748,269.8040344306881,567.2399151998784
1440,0,0,0,364,49,6,18,0.5121942616533488,0.6461082133464515,290.1227976631532,553.8469268946158
1441,0,1,1,309,14,2,25,0.14216354000382125,0.6515949983149767,264.9566797815537,454.6821307198953
1442,0,0,0,147,16,5,19,0.8112564436160028,0.26610612077638507,314.511837086525,586.8434570628917
1443,0,1,0,68,16,2,18,0.8112564436160028,0.26610612077638507,363.32997635158256,739.6302103616991
1444,0,0,1,407,15,6,19,0.21112623764202,0.9238038510084152,318.7116264937177,596.3572932568923
1445,0,0,1,74,43,6,13,0.11839594203047454,0.37822385248728096,251.3980379538968,587.6632180258007
1446,0,1,0,445,38,9,16,0.9087103542406112,0.1694229245185852,291.06746388315054,704.510241407684
1447,0,1,0,138,14,5,17,0.14216354000382125,0.6515949983149767,255.53682711048876,555.8651264930583
1448,1,0,1,318,34,3,21,0.5088973850943148,0.8422173084691167,334.11652991152295,533.6780935286303
1449,0,0,0,102,18,5,22,0.8916374130640179,0.9109178960788995,295.1669742818377,675.6195846784219
1450,1,1,1,17,30,6,13,0.8535007652826607,0.9145373487845063,352.87321388336164,791.3025521662705
1451,0,1,0,381,4,6,21,0.20132735022343695,0.74613202130422,239.86945288242057,582.9220910212089
1452,0,0,1,218,49,8,27,0.5121942616533488,0.6461082133464515,330.84712904133903,689.8550339000152
1453,0,0,0,208,17,5,27,0.03654719586484134,0.2661329871043563,235.39359078607887,503.4135957295837
1454,0,1,0,228,9,9,21,0.013315835734829307,0.08963611628860235,306.6167108090657,608.9109896459173
1455,1,0,0,288,13,2,11,0.09574478422291577,0.2606025456916541,343.9536450748321,652.7508931492375
1456,0,0,0,102,18,5,22,0.8916374130640179,0.9109178960788995,266.4835316328845,558.6361406208583
1457,0,0,1,45,11,3,17,0.775893080746755,0.774874358670786,291.12770590050644,596.7738561029828
1458,0,1,0,216,36,4,27,0.49425172130577266,0.7565638932865113,259.07359696338466,523.7741437178988
1459,0,0,1,282,36,9,21,0.49425172130577266,0.7565638932865113,234.80875761353258,546.6612616211381
1460,0,0,0,324,8,2,22,0.49811370903626084,0.8910799578297883,280.50673636330333,537.4559170179533
1461,0,1,0,434,4,5,20,0.20132735022343695,0.74613202130422,246.69700117775517,550.8545901253558
1462,0,1,1,408,33,5,16,0.8046367336064577,0.31251504993997514,300.99768637750304,585.6716806179912
1463,0,1,1,193,2,3,20,0.19722419138997793,0.08462062571197748,237.88606620066807,547.7766174949833
1464,0,0,1,194,40,3,17,0.5589970224536955,0.8726507888641208,266.7311878204533,568.9688929851534
1465,0,0,0,253,18,4,24,0.8916374130640179,0.9109178960788995,277.197333025143,541.5708411319143
1466,0,0,1,287,15,3,22,0.21112623764202,0.9238038510084152,203.56805354941295,492.1420815099675
1467,0,0,1,233,47,3,19,0.3773106967564672,0.7403151453472674,247.571410923247,472.9357897756542
1468,1,0,1,349,28,3,19,0.6121745223645121,0.048944066278636456,256.3090865681006,604.827154987305
1469,0,0,1,448,30,4,15,0.8535007652826607,0.9145373487845063,281.472484179482,523.9836693544045
1470,0,0,1,125,38,5,23,0.9087103542406112,0.1694229245185852,310.70078412971293,610.6135219486699
1471,0,0,1,417,46,5,16,0.7385737628210336,0.10853192373178899,250.0314997759652,493.248758751554
1472,0,1,1,394,42,5,28,0.5309706551488489,0.07851310959085822,277.76843303852013,589.6246615694765
1473,0,0,0,438,48,10,11,0.6061688305344433,0.4517896354664117,312.10579232201906,682.6270506484177
1474,0,0,1,304,50,4,18,0.9892466596793383,0.7492987331934273,348.1546901335245,709.7545909819298
1475,0,1,0,161,41,3,18,0.24443748919293284,0.13247077818959951,341.345328231171,681.3154245814952
1476,0,0,1,276,24,6,16,0.14149569114670157,0.8747874984983355,234.1566193298661,390.11830337334914
1477,1,0,1,414,39,3,29,0.7841161577962339,0.6968751777894795,336.4054265303316,660.1225123857396
1478,1,0,1,265,27,5,24,0.042702050879597664,0.5714270058088005,314.4176643628327,648.7563573610208
1479,0,0,0,23,33,2,15,0.8046367336064577,0.31251504993997514,304.9026093698123,576.6838823602295
1480,0,0,1,257,4,7,24,0.20132735022343695,0.74613202130422,287.33465182666686,582.0299506788754
1481,0,0,1,79,29,6,23,0.5533483980689198,0.980351353995502,259.3543765830484,481.13765614839383
1482,0,0,1,89,41,5,23,0.24443748919293284,0.13247077818959951,227.92131698524034,498.216253188864
1483,0,1,1,472,45,6,13,0.8977528435643762,0.5364251248538494,327.8402038487989,651.3096166801289
1484,1,0,0,188,41,1,18,0.24443748919293284,0.13247077818959951,316.4849348517423,733.6305863439111
1485,0,0,0,194,40,3,17,0.5589970224536955,0.8726507888641208,262.7063374211707,545.0151703322774
1486,0,1,0,481,3,7,21,0.978013844229281,0.1299455715343356,395.93413629505284,869.7936173220447
1487,0,0,0,234,22,8,19,0.6013455470092595,0.32826394867151976,237.23851189012979,490.3655647819405
1488,0,1,1,464,41,4,26,0.24443748919293284,0.13247077818959951,310.16269507373386,588.7708708137362
1489,0,0,1,65,43,10,24,0.11839594203047454,0.37822385248728096,238.16177103594126,526.7230601596984
1490,0,1,0,55,6,7,26,0.7426119421143085,0.6856354165356606,330.1172281284843,735.1537656965373
1491,0,1,1,346,41,8,26,0.24443748919293284,0.13247077818959951,311.5020809469951,618.5223572724816
1492,1,0,0,106,33,4,18,0.8046367336064577,0.31251504993997514,331.58190971248405,608.8821408888468
1493,0,0,1,226,21,9,24,0.9842240803409368,0.6037942769471556,345.7425335891082,677.5763041116448
1494,0,0,0,193,2,3,20,0.19722419138997793,0.08462062571197748,242.489895342926,611.435551070256
1495,1,1,0,460,32,4,23,0.39761656103655696,0.7758463725913316,398.4510728635188,724.2211364041167
1496,1,1,1,440,26,5,19,0.26668567629531026,0.7934630094096065,292.09195373125806,565.8031625116909
1497,0,1,1,370,27,6,21,0.042702050879597664,0.5714270058088005,286.30899215303316,534.9725892470317
1498,0,0,0,420,12,8,22,0.016379052540287375,0.8120638781692833,254.1115563155712,634.8790050143647
1499,0,0,1,109,27,2,33,0.042702050879597664,0.5714270058088005,235.36743125778673,441.2491292836498
1500,0,0,0,223,39,5,17,0.7841161577962339,0.6968751777894795,330.17776903097496,745.1540393553423
1501,0,0,0,435,31,6,12,0.46977853984571993,0.7659584856592119,270.0163446951701,488.3826884536386
1502,0,1,0,189,1,9,26,0.774368490325287,0.06913358555175364,325.44508662867685,648.6917024471421
1503,0,0,1,27,35,3,22,0.6349153537303209,0.31414990592747927,238.12158753323905,448.49366830586825
1504,0,0,0,371,44,3,15,0.9833834334276617,0.5796247583348304,246.09627716185963,498.9957985788429
1505,0,0,0,437,22,1,25,0.6013455470092595,0.32826394867151976,318.9721234384434,720.1283199031526
1506,0,0,0,121,30,7,24,0.8535007652826607,0.9145373487845063,256.3138763656137,580.2011798486747
1507,0,1,0,203,50,3,17,0.9892466596793383,0.7492987331934273,321.17019671110114,662.2226187313514
1508,1,0,0,394,42,5,28,0.5309706551488489,0.07851310959085822,294.8526377583541,566.3676974395058
1509,1,0,1,345,19,3,33,0.48323641112074256,0.5905635331291705,242.82564711362713,481.7541680038663
1510,0,0,1,435,31,6,12,0.46977853984571993,0.7659584856592119,229.82464950599098,552.8906831579862
1511,0,1,0,142,23,7,15,0.03834434738382697,0.6661178111098707,246.0969306722545,500.4112054341775
1512,0,1,0,448,30,4,15,0.8535007652826607,0.9145373487845063,312.91561903152433,634.8983903150177
1513,0,1,0,167,21,6,21,0.9842240803409368,0.6037942769471556,306.39610495254743,601.795290951966
1514,0,1,0,212,38,5,23,0.9087103542406112,0.1694229245185852,299.5125503057293,634.0834730710895
1515,0,0,0,146,8,6,22,0.49811370903626084,0.8910799578297883,265.49463289308454,568.4693735827007
1516,0,0,0,90,46,9,18,0.7385737628210336,0.10853192373178899,241.80673390976605,523.0552908093742
1517,0,1,0,151,24,6,17,0.14149569114670157,0.8747874984983355,254.86742185852663,488.5112290964186
1518,1,1,0,209,24,1,26,0.14149569114670157,0.8747874984983355,299.05523694232045,584.6180665712609
1519,1,0,0,388,50,5,24,0.9892466596793383,0.7492987331934273,273.65838060803276,525.728528424841
1520,0,1,1,393,20,2,24,0.4666645280085504,0.9181476451922208,327.79565133274394,689.9927417607012
1521,0,1,0,318,34,3,21,0.5088973850943148,0.8422173084691167,266.42434585166654,496.9246898810999
1522,0,1,1,146,8,6,22,0.49811370903626084,0.8910799578297883,254.81264239737126,540.2571462436625
1523,0,0,1,47,33,7,27,0.8046367336064577,0.31251504993997514,275.1264785884755,608.2315092045626
1524,0,0,1,237,28,3,17,0.6121745223645121,0.048944066278636456,319.98249863216824,583.8113831893538
1525,1,0,0,422,25,5,20,0.8063855252694339,0.0688752664718777,360.4063654394463,719.5452697087047
1526,1,0,0,383,14,4,27,0.14216354000382125,0.6515949983149767,263.94343369525876,589.1242519622937
1527,0,1,0,214,15,4,20,0.21112623764202,0.9238038510084152,259.0554265207397,539.2885345348943
1528,0,0,1,229,27,6,14,0.042702050879597664,0.5714270058088005,302.51321970757186,551.8196469714167
1529,0,1,0,40,48,7,21,0.6061688305344433,0.4517896354664117,230.23144496167373,514.5620953980895
1530,0,0,0,13,5,4,16,0.36124442727304995,0.0388791817240417,274.0891305243816,594.6522731935457
1531,1,0,1,415,34,6,13,0.5088973850943148,0.8422173084691167,315.06225176006785,679.6620511696913
1532,1,0,0,175,48,7,16,0.6061688305344433,0.4517896354664117,344.87887850543274,754.0314181038245
1533,1,0,1,380,6,8,17,0.7426119421143085,0.6856354165356606,321.27268289682803,717.5530982261182
1534,0,0,0,351,2,5,21,0.19722419138997793,0.08462062571197748,277.98117362722843,544.0806926304656
1535,0,0,1,173,33,8,23,0.8046367336064577,0.31251504993997514,305.6846194854158,668.0664196425416
1536,0,0,0,351,2,5,21,0.19722419138997793,0.08462062571197748,249.37438913523948,525.4327845261246
1537,1,0,0,457,49,5,22,0.5121942616533488,0.6461082133464515,295.10267181904925,595.120031165939
1538,0,1,1,362,27,5,23,0.042702050879597664,0.5714270058088005,267.23617683924,486.11600714693446
1539,0,1,0,470,39,5,22,0.7841161577962339,0.6968751777894795,316.20185210731836,634.6237413367521
1540,1,0,0,62,36,2,23,0.49425172130577266,0.7565638932865113,314.7536518054816,581.1849294160097
1541,0,0,0,379,27,7,22,0.042702050879597664,0.5714270058088005,248.86191774383943,526.654591998397
1542,1,0,1,392,47,7,15,0.3773106967564672,0.7403151453472674,331.59390837044566,693.5872702592175
1543,0,0,0,198,13,4,20,0.09574478422291577,0.2606025456916541,302.6230525633877,650.6830039119413
1544,1,0,0,87,4,5,28,0.20132735022343695,0.74613202130422,260.9851422177413,609.7670717770012
1545,0,1,0,408,33,5,16,0.8046367336064577,0.31251504993997514,333.43001999156473,714.2301621970715
1546,0,0,0,291,39,6,15,0.7841161577962339,0.6968751777894795,284.63361384385814,589.5817498598001
1547,1,0,1,152,17,4,17,0.03654719586484134,0.2661329871043563,309.13301992577027,612.4227785988846
1548,1,0,0,9,19,5,21,0.48323641112074256,0.5905635331291705,245.96667400080025,533.6903098826326
1549,0,0,1,416,30,10,14,0.8535007652826607,0.9145373487845063,304.39408564940715,667.4094057537617
1550,0,0,0,183,29,6,19,0.5533483980689198,0.980351353995502,272.338944871587,614.9913193308535
1551,0,0,0,216,36,4,27,0.49425172130577266,0.7565638932865113,285.69065695507874,573.867256813069
1552,0,0,1,447,31,1,18,0.46977853984571993,0.7659584856592119,260.70652578488904,549.459484182949
1553,0,0,1,443,22,5,21,0.6013455470092595,0.32826394867151976,312.0163355715152,563.1343839016258
1554,0,0,1,489,18,5,26,0.8916374130640179,0.9109178960788995,301.3341139990953,649.7113280443832
1555,1,0,1,445,38,9,16,0.9087103542406112,0.1694229245185852,298.05957101286236,676.8486117561348
1556,0,0,0,320,40,6,20,0.5589970224536955,0.8726507888641208,284.92919317791586,569.5515350893928
1557,1,1,0,317,10,7,22,0.25994612858630717,0.03773271921090782,302.96699511927886,725.3555516538976
1558,1,0,1,333,1,2,36,0.774368490325287,0.06913358555175364,317.41258208757216,603.6656512762145
1559,1,0,0,8,25,5,23,0.8063855252694339,0.0688752664718777,339.58183802306513,631.2309819929266
1560,0,1,0,415,34,6,13,0.5088973850943148,0.8422173084691167,344.35552676445604,679.5919520862606
1561,1,0,1,202,44,6,16,0.9833834334276617,0.5796247583348304,326.1366140558914,622.7562561117588
1562,0,0,1,270,29,7,22,0.5533483980689198,0.980351353995502,290.57313464414233,683.3414032688115
1563,0,1,0,57,24,5,24,0.14149569114670157,0.8747874984983355,250.91322683349426,536.5744354963613
1564,0,0,0,148,48,3,17,0.6061688305344433,0.4517896354664117,313.8163227230917,629.8646065786179
1565,0,0,0,477,14,4,25,0.14216354000382125,0.6515949983149767,266.345879244883,552.2498369930503
1566,0,1,1,11,46,5,25,0.7385737628210336,0.10853192373178899,355.95771122287067,676.4840607495921
1567,0,1,0,209,24,1,26,0.14149569114670157,0.8747874984983355,274.0692661166911,580.8342923792371
1568,0,1,0,308,30,6,25,0.8535007652826607,0.9145373487845063,330.4089765767608,697.142387501246
1569,0,0,0,295,4,3,28,0.20132735022343695,0.74613202130422,271.9752909894167,508.2588161978292
1570,1,0,0,27,35,3,22,0.6349153537303209,0.31414990592747927,321.8492007369736,681.5465109801173
1571,0,0,0,90,46,9,18,0.7385737628210336,0.10853192373178899,365.03671020543175,756.5651928337921
1572,0,1,0,61,2,1,20,0.19722419138997793,0.08462062571197748,321.5669038472269,610.5961387517093
1573,0,0,0,157,46,8,28,0.7385737628210336,0.10853192373178899,299.9311682059782,756.7117861378779
1574,0,1,1,280,42,4,15,0.5309706551488489,0.07851310959085822,288.44958583878883,522.1567965070382
1575,0,1,0,396,29,5,18,0.5533483980689198,0.980351353995502,321.84033530664715,610.6551083313237
1576,0,1,0,472,45,6,13,0.8977528435643762,0.5364251248538494,362.29476982180944,670.7930149365396
1577,0,0,1,484,25,6,18,0.8063855252694339,0.0688752664718777,314.7881622185747,672.0334945117407
1578,0,0,1,500,38,5,15,0.9087103542406112,0.1694229245185852,262.11688596826787,538.0145747013048
1579,0,0,1,485,38,5,21,0.9087103542406112,0.1694229245185852,317.6928479482844,685.6567773877682
1580,1,0,0,169,39,3,31,0.7841161577962339,0.6968751777894795,293.7339312178975,667.6366431482842
1581,0,1,0,86,22,4,19,0.6013455470092595,0.32826394867151976,323.8167201482192,631.1431883756137
1582,0,1,0,94,32,2,21,0.39761656103655696,0.7758463725913316,277.9225963268056,491.479356503961
1583,0,1,0,211,16,8,23,0.8112564436160028,0.26610612077638507,344.27749301640836,728.7146253911624
1584,0,1,1,78,6,6,20,0.7426119421143085,0.6856354165356606,280.7526988850768,593.6481932433604
1585,0,0,0,45,11,3,17,0.775893080746755,0.774874358670786,300.26778786146707,664.5934350889195
1586,1,0,1,55,6,7,26,0.7426119421143085,0.6856354165356606,315.7093761669062,719.2529291103717
1587,0,0,0,4,40,6,11,0.5589970224536955,0.8726507888641208,242.944883531754,453.88756277979377
1588,0,0,0,47,33,7,27,0.8046367336064577,0.31251504993997514,302.2953826245061,605.2989619373097
1589,0,1,0,450,30,4,23,0.8535007652826607,0.9145373487845063,301.1482154899195,586.7183519433748
1590,0,0,1,26,38,2,23,0.9087103542406112,0.1694229245185852,347.8406312382975,672.3227878933034
1591,0,0,0,208,17,5,27,0.03654719586484134,0.2661329871043563,268.81391391467236,464.8463778885696
1592,1,1,0,65,43,10,24,0.11839594203047454,0.37822385248728096,346.0273374993726,728.3234371664731
1593,0,1,0,82,27,3,27,0.042702050879597664,0.5714270058088005,272.181759534051,542.3007955020365
1594,0,0,1,158,19,2,24,0.48323641112074256,0.5905635331291705,294.05071933923904,542.0796548197798
1595,0,0,0,232,21,8,29,0.9842240803409368,0.6037942769471556,300.7951513796062,745.5058831108335
1596,0,0,1,144,19,5,21,0.48323641112074256,0.5905635331291705,242.28080847676375,457.7629956619236
1597,0,1,0,189,1,9,26,0.774368490325287,0.06913358555175364,324.83784851505396,610.334411465411
1598,0,0,1,120,1,5,17,0.774368490325287,0.06913358555175364,315.23648288943883,601.516285016679
1599,0,0,1,79,29,6,23,0.5533483980689198,0.980351353995502,296.94458659713496,702.0843811383464
1600,0,1,1,299,8,4,18,0.49811370903626084,0.8910799578297883,264.8366647221193,545.9705127274207
1601,0,0,0,358,1,1,29,0.774368490325287,0.06913358555175364,275.79683026701025,624.3407536295292
1602,1,0,1,208,17,5,27,0.03654719586484134,0.2661329871043563,316.4401918451478,566.594848478509
1603,1,0,1,328,22,3,23,0.6013455470092595,0.32826394867151976,346.14042811421905,675.131167684491
1604,0,0,0,234,22,8,19,0.6013455470092595,0.32826394867151976,293.5010549815375,623.3134449539032
1605,0,0,0,340,14,2,21,0.14216354000382125,0.6515949983149767,260.95570550112296,451.2715288886561
1606,0,0,0,10,19,2,22,0.48323641112074256,0.5905635331291705,262.81525394189947,449.8175167096383
1607,1,0,0,337,6,7,22,0.7426119421143085,0.6856354165356606,312.84321149726117,639.9301891492944
1608,0,1,0,65,43,10,24,0.11839594203047454,0.37822385248728096,245.51631284940578,544.835178266561
1609,0,1,1,100,39,5,21,0.7841161577962339,0.6968751777894795,315.0008378498647,642.0841351862333
1610,0,1,0,430,31,2,20,0.46977853984571993,0.7659584856592119,260.11838106525107,571.5378224958371
1611,0,1,1,396,29,5,18,0.5533483980689198,0.980351353995502,280.92347123665513,623.4835818160578
1612,0,1,1,180,29,2,19,0.5533483980689198,0.980351353995502,296.661928833693,618.3142899580139
1613,0,0,0,304,50,4,18,0.9892466596793383,0.7492987331934273,324.9548837527693,597.543779680341
1614,0,0,0,87,4,5,28,0.20132735022343695,0.74613202130422,281.2430043580439,556.3091864544488
1615,0,0,0,338,7,3,26,0.9787284394260496,0.14397736149840057,312.30108324827995,608.1882754986954
1616,0,1,0,123,7,5,17,0.9787284394260496,0.14397736149840057,362.1920030898901,884.3160012891456
1617,0,0,0,289,12,4,23,0.016379052540287375,0.8120638781692833,208.84489693403432,441.8462562384579
1618,1,1,1,30,47,1,23,0.3773106967564672,0.7403151453472674,269.5737161652896,543.4987938894989
1619,1,0,0,44,29,3,19,0.5533483980689198,0.980351353995502,278.2534669102843,556.0601597995918
1620,0,0,1,14,25,5,22,0.8063855252694339,0.0688752664718777,300.4779813713978,617.4967513894765
1621,0,0,0,97,23,10,28,0.03834434738382697,0.6661178111098707,295.8453506282269,668.3234290001018
1622,0,0,0,414,39,3,29,0.7841161577962339,0.6968751777894795,288.94886152694215,569.5320144931637
1623,0,0,0,485,38,5,21,0.9087103542406112,0.1694229245185852,312.9111542579303,665.8871458312616
1624,1,1,0,16,26,3,16,0.26668567629531026,0.7934630094096065,302.4948697424166,596.9074280676001
1625,0,0,0,15,37,6,21,0.28013089881278574,0.967524380190298,233.49262090038147,453.2154974902826
1626,0,0,0,90,46,9,18,0.7385737628210336,0.10853192373178899,324.39016225376105,773.5279462151333
1627,0,0,0,480,47,2,22,0.3773106967564672,0.7403151453472674,325.61298614297016,562.9619179011602
1628,0,0,0,127,28,4,22,0.6121745223645121,0.048944066278636456,307.44670283624123,609.7409238644042
1629,0,1,1,397,37,3,15,0.28013089881278574,0.967524380190298,328.23331910573756,676.7987557827491
1630,0,1,1,68,16,2,18,0.8112564436160028,0.26610612077638507,309.3703840839858,638.3905564724478
1631,0,0,0,68,16,2,18,0.8112564436160028,0.26610612077638507,339.82000680056774,577.1763308866257
1632,0,0,0,70,25,7,23,0.8063855252694339,0.0688752664718777,253.01589469504728,590.8840191016967
1633,0,0,0,476,23,1,15,0.03834434738382697,0.6661178111098707,277.5935005112889,600.4866689585238
1634,1,0,0,15,37,6,21,0.28013089881278574,0.967524380190298,267.3274056304023,551.6913897273512
1635,1,1,1,317,10,7,22,0.25994612858630717,0.03773271921090782,270.63430834209197,651.471050318717
1636,0,0,0,109,27,2,33,0.042702050879597664,0.5714270058088005,218.94862266270027,420.39766036600287
1637,0,0,0,106,33,4,18,0.8046367336064577,0.31251504993997514,271.20175163190765,596.2925094923418
1638,0,0,0,383,14,4,27,0.14216354000382125,0.6515949983149767,235.0956443097067,531.3794826157508
1639,0,0,0,23,33,2,15,0.8046367336064577,0.31251504993997514,310.34241660805577,601.962654599808
1640,0,0,0,436,15,5,17,0.21112623764202,0.9238038510084152,204.95994922632906,461.7137554807549
1641,0,1,0,207,24,6,18,0.14149569114670157,0.8747874984983355,248.50447023411226,490.84403591241175
1642,0,0,1,434,4,5,20,0.20132735022343695,0.74613202130422,243.90112991907841,479.6661746338335
1643,0,1,0,277,48,5,24,0.6061688305344433,0.4517896354664117,237.83699260445883,487.4642541508073
1644,1,1,0,114,35,9,14,0.6349153537303209,0.31414990592747927,316.6047954054383,717.8574492156757
1645,1,1,0,14,25,5,22,0.8063855252694339,0.0688752664718777,382.28628230517114,689.7243994011008
1646,0,1,0,421,12,5,20,0.016379052540287375,0.8120638781692833,281.2287251741733,614.9418865011868
1647,1,0,0,493,13,6,22,0.09574478422291577,0.2606025456916541,273.3413047789794,578.4196384851821
1648,1,0,0,222,2,3,20,0.19722419138997793,0.08462062571197748,321.8360568015215,646.1175126504062
1649,0,0,1,495,44,0,14,0.9833834334276617,0.5796247583348304,358.559899791235,696.1109492578984
1650,0,1,1,400,3,6,19,0.978013844229281,0.1299455715343356,307.920215256546,605.4844972529452
1651,0,0,0,17,30,6,13,0.8535007652826607,0.9145373487845063,303.0096001728355,667.8886705608919
1652,0,0,0,98,43,0,23,0.11839594203047454,0.37822385248728096,289.81987636624666,582.3875779184112
1653,0,0,1,167,21,6,21,0.9842240803409368,0.6037942769471556,282.93686154616245,620.204222065184
1654,0,0,1,466,29,6,18,0.5533483980689198,0.980351353995502,212.55484171015829,516.5567689355903
1655,0,0,0,270,29,7,22,0.5533483980689198,0.980351353995502,254.8233325045814,558.0500994462027
1656,0,1,0,400,3,6,19,0.978013844229281,0.1299455715343356,397.7949851737402,827.3670519849251
1657,1,0,0,63,47,5,28,0.3773106967564672,0.7403151453472674,276.8026257913338,602.300996759255
1658,0,0,0,386,10,8,30,0.25994612858630717,0.03773271921090782,300.1509693518154,670.0752705646013
1659,1,1,1,256,10,9,27,0.25994612858630717,0.03773271921090782,260.49727589373725,550.8059669993906
1660,0,1,1,478,14,3,20,0.14216354000382125,0.6515949983149767,219.60340157138356,491.8987191024116
1661,0,1,1,240,17,8,20,0.03654719586484134,0.2661329871043563,250.92968136803094,470.72592550470586
1662,0,1,1,138,14,5,17,0.14216354000382125,0.6515949983149767,223.5709566373243,514.6813165925632
1663,0,0,1,292,46,4,21,0.7385737628210336,0.10853192373178899,304.9521356035931,670.8987216332021
1664,0,0,0,177,19,5,23,0.48323641112074256,0.5905635331291705,270.72463454803216,623.968591122571
1665,1,1,1,139,3,4,20,0.978013844229281,0.1299455715343356,295.67922274802913,605.8603071608164
1666,0,0,0,414,39,3,29,0.7841161577962339,0.6968751777894795,305.71833376840766,678.2732726482374
1667,0,0,0,156,6,4,19,0.7426119421143085,0.6856354165356606,294.91495705755085,562.7129157716382
1668,0,0,0,320,40,6,20,0.5589970224536955,0.8726507888641208,287.27074098375914,616.2218872039775
1669,1,0,1,197,29,8,24,0.5533483980689198,0.980351353995502,330.7259451253852,671.5022839713789
1670,1,0,1,51,40,11,23,0.5589970224536955,0.8726507888641208,368.0944580451386,672.0718977203865
1671,0,0,0,299,8,4,18,0.49811370903626084,0.8910799578297883,239.8862846109381,485.40293542956
1672,0,1,1,406,32,6,19,0.39761656103655696,0.7758463725913316,299.8949833765567,588.2613565700124
1673,0,0,0,390,6,6,25,0.7426119421143085,0.6856354165356606,282.43420535142945,575.697869146495
1674,0,1,0,241,49,4,22,0.5121942616533488,0.6461082133464515,271.9115975868302,586.6704853513737
1675,0,0,0,418,5,2,19,0.36124442727304995,0.0388791817240417,254.7560986888777,574.7473480068849
1676,0,0,0,357,49,8,14,0.5121942616533488,0.6461082133464515,311.68519421840494,718.2714991688459
1677,0,0,0,441,21,3,18,0.9842240803409368,0.6037942769471556,281.7778088723215,600.339745367155
1678,0,0,0,128,22,3,25,0.6013455470092595,0.32826394867151976,270.4604800208347,507.8582768846175
1679,0,0,0,411,5,4,17,0.36124442727304995,0.0388791817240417,265.0192434057499,593.7289255785367
1680,0,0,0,18,48,5,30,0.6061688305344433,0.4517896354664117,255.13562505354616,575.1624968528904
1681,0,0,1,192,2,10,19,0.19722419138997793,0.08462062571197748,321.6041558213523,629.6214111501185
1682,0,1,0,323,27,9,11,0.042702050879597664,0.5714270058088005,268.9718287087556,539.1848682333745
1683,0,1,1,477,14,4,25,0.14216354000382125,0.6515949983149767,311.02476997837346,692.369432314342
1684,0,0,0,121,30,7,24,0.8535007652826607,0.9145373487845063,291.5506275018374,569.388399718536
1685,1,1,0,182,25,7,21,0.8063855252694339,0.0688752664718777,353.5019941924022,676.6727203717663
1686,0,0,1,177,19,5,23,0.48323641112074256,0.5905635331291705,293.60635203513374,544.3056518632808
1687,0,1,0,45,11,3,17,0.775893080746755,0.774874358670786,337.5479123292895,669.4843265939273
1688,0,0,0,64,45,1,18,0.8977528435643762,0.5364251248538494,259.1059570442197,520.4983735706061
1689,0,1,0,243,32,7,13,0.39761656103655696,0.7758463725913316,259.73416757218774,461.76211730662766
1690,1,1,1,265,27,5,24,0.042702050879597664,0.5714270058088005,232.5970814701244,517.4989698850081
1691,0,1,1,158,19,2,24,0.48323641112074256,0.5905635331291705,289.2637415427679,507.6793896199915
1692,0,1,1,175,48,7,16,0.6061688305344433,0.4517896354664117,267.09485681502224,641.8854586303065
1693,0,0,0,257,4,7,24,0.20132735022343695,0.74613202130422,235.77807377344112,442.77118549773724
1694,0,0,0,481,3,7,21,0.978013844229281,0.1299455715343356,378.5952225608854,761.9954307349255
1695,0,0,0,323,27,9,11,0.042702050879597664,0.5714270058088005,247.1507074138595,587.901250520081
1696,0,0,0,144,19,5,21,0.48323641112074256,0.5905635331291705,308.8918870997647,642.8914692538307
1697,0,0,0,176,17,10,21,0.03654719586484134,0.2661329871043563,222.01888664514837,519.1057447608882
1698,0,0,1,268,18,7,24,0.8916374130640179,0.9109178960788995,275.65821327335783,521.9970468874474
1699,0,0,1,346,41,8,26,0.24443748919293284,0.13247077818959951,277.7791512295772,596.8481253742123
1700,0,0,0,252,21,2,17,0.9842240803409368,0.6037942769471556,295.06085426706983,660.785805377864
1701,1,1,1,497,42,5,19,0.5309706551488489,0.07851310959085822,367.0427510020093,666.2756922898086
1702,1,1,1,356,47,10,25,0.3773106967564672,0.7403151453472674,326.21396771040116,630.9951008590108
1703,0,0,0,110,25,0,15,0.8063855252694339,0.0688752664718777,337.86577258459454,688.4086700005897
1704,0,0,0,150,3,3,19,0.978013844229281,0.1299455715343356,345.77494258376913,781.9128304075992
1705,0,1,0,479,31,4,20,0.46977853984571993,0.7659584856592119,325.27343828624157,687.0512707626166
1706,0,0,0,151,24,6,17,0.14149569114670157,0.8747874984983355,279.67415557668124,555.9228889713621
1707,1,0,1,265,27,5,24,0.042702050879597664,0.5714270058088005,265.307659407297,550.2453878396941
1708,0,1,0,360,29,7,33,0.5533483980689198,0.980351353995502,250.37449386842485,592.9630671763261
1709,0,0,0,422,25,5,20,0.8063855252694339,0.0688752664718777,281.61094482170125,609.1966595339675
1710,1,0,1,376,36,2,28,0.49425172130577266,0.7565638932865113,305.42267321192065,546.4023477125891
1711,0,0,0,148,48,3,17,0.6061688305344433,0.4517896354664117,276.94122135801206,669.9912669241453
1712,0,0,0,300,20,5,13,0.4666645280085504,0.9181476451922208,244.14986198916097,545.0259021033058
1713,1,1,0,70,25,7,23,0.8063855252694339,0.0688752664718777,357.4592812012612,716.3505527603689
1714,1,0,0,112,19,5,30,0.48323641112074256,0.5905635331291705,261.2862660075384,555.5489403628869
1715,0,1,0,88,14,4,18,0.14216354000382125,0.6515949983149767,273.78409075393796,508.65553841776045
1716,1,0,1,366,23,5,18,0.03834434738382697,0.6661178111098707,261.2578850798462,563.3268857815754
1717,0,0,0,359,41,1,22,0.24443748919293284,0.13247077818959951,320.3746621917524,607.3612481027225
1718,0,1,1,51,40,11,23,0.5589970224536955,0.8726507888641208,309.31992061126033,666.0285990670106
1719,0,0,0,491,39,7,21,0.7841161577962339,0.6968751777894795,298.58862532967714,619.3398511030997
1720,0,0,0,339,33,4,20,0.8046367336064577,0.31251504993997514,300.05049603968376,701.8851931839529
1721,0,0,0,314,9,6,20,0.013315835734829307,0.08963611628860235,224.2335657980093,521.222679569238
1722,0,0,0,358,1,1,29,0.774368490325287,0.06913358555175364,318.91249440009113,630.1657422937449
1723,0,0,0,341,34,3,16,0.5088973850943148,0.8422173084691167,262.7835148681234,555.6047412086792
1724,0,1,1,433,23,8,29,0.03834434738382697,0.6661178111098707,232.99187629047424,497.67226569822844
1725,0,0,0,382,21,4,28,0.9842240803409368,0.6037942769471556,352.76698425087415,702.5631733619643
1726,0,1,0,482,42,5,19,0.5309706551488489,0.07851310959085822,268.485629250642,483.1530036042386
1727,0,1,1,130,11,8,16,0.775893080746755,0.774874358670786,315.7598924102093,636.147823027996
1728,1,0,0,61,2,1,20,0.19722419138997793,0.08462062571197748,261.88639392759586,486.73643259472766
1729,0,0,0,198,13,4,20,0.09574478422291577,0.2606025456916541,287.4945245849967,669.2307944947195
1730,0,0,0,497,42,5,19,0.5309706551488489,0.07851310959085822,233.4731756446249,478.3352493843773
1731,0,0,1,359,41,1,22,0.24443748919293284,0.13247077818959951,266.6692141321712,485.81773956449985
1732,1,0,0,468,48,6,14,0.6061688305344433,0.4517896354664117,270.80310620321416,551.8505061255834
1733,0,0,0,75,25,3,13,0.8063855252694339,0.0688752664718777,354.5533880860119,742.1125902572035
1734,1,0,1,325,31,2,17,0.46977853984571993,0.7659584856592119,289.5163887008015,546.2390592141219
1735,0,0,0,83,34,5,24,0.5088973850943148,0.8422173084691167,274.5544787938394,617.843821186156
1736,0,0,1,145,14,2,23,0.14216354000382125,0.6515949983149767,273.876720340061,523.0574774444918
1737,0,0,1,18,48,5,30,0.6061688305344433,0.4517896354664117,364.55807654903,699.3151697833043
1738,1,1,1,47,33,7,27,0.8046367336064577,0.31251504993997514,282.13454071820104,583.7436557379109
1739,1,1,1,50,50,4,23,0.9892466596793383,0.7492987331934273,387.8991899078897,728.2053112284898
1740,0,1,0,183,29,6,19,0.5533483980689198,0.980351353995502,331.4793011643279,591.6365704112364
1741,0,0,1,320,40,6,20,0.5589970224536955,0.8726507888641208,346.95301543004604,670.1577244369762
1742,0,0,0,173,33,8,23,0.8046367336064577,0.31251504993997514,342.0269724957779,697.434227813267
1743,1,0,1,327,13,5,18,0.09574478422291577,0.2606025456916541,240.83029360551419,526.8266945162985
1744,0,0,1,241,49,4,22,0.5121942616533488,0.6461082133464515,284.0752770817457,568.2834601535844
1745,0,0,0,80,19,3,18,0.48323641112074256,0.5905635331291705,249.91434969852992,492.2698061185954
1746,0,1,1,295,4,3,28,0.20132735022343695,0.74613202130422,277.81413582748576,544.7897355667367
1747,0,1,0,280,42,4,15,0.5309706551488489,0.07851310959085822,218.35161252322416,504.69598624420183
1748,0,0,0,279,45,6,18,0.8977528435643762,0.5364251248538494,273.3528357878154,641.1106376552592
1749,1,1,0,192,2,10,19,0.19722419138997793,0.08462062571197748,359.3421996578982,728.0610762160558
1750,0,0,0,150,3,3,19,0.978013844229281,0.1299455715343356,352.6013420159645,739.8515262199646
1751,0,0,1,402,2,6,20,0.19722419138997793,0.08462062571197748,251.41375205710344,514.6873046023504
1752,0,0,0,369,2,4,17,0.19722419138997793,0.08462062571197748,211.4367113609664,432.3681150316857
1753,0,1,0,377,24,3,22,0.14149569114670157,0.8747874984983355,317.31270115273736,634.6978627028938
1754,0,1,0,141,23,3,13,0.03834434738382697,0.6661178111098707,187.6736962817044,464.5185101448479
1755,0,0,0,261,35,5,19,0.6349153537303209,0.31414990592747927,252.48502160976537,482.7518635740256
1756,0,0,0,336,40,0,12,0.5589970224536955,0.8726507888641208,282.3493946534222,512.738208265001
1757,0,0,0,108,30,4,23,0.8535007652826607,0.9145373487845063,266.87427887072346,529.9857353790702
1758,1,0,0,48,10,5,21,0.25994612858630717,0.03773271921090782,296.1765668728382,633.3312841741761
1759,1,0,0,163,48,6,19,0.6061688305344433,0.4517896354664117,342.4368504200368,712.5501869387441
1760,1,0,0,147,16,5,19,0.8112564436160028,0.26610612077638507,374.15169361035663,687.9422739439339
1761,0,0,0,221,37,7,22,0.28013089881278574,0.967524380190298,303.5829315161955,642.4491908408019
1762,0,0,1,226,21,9,24,0.9842240803409368,0.6037942769471556,333.84666472747836,680.3357138655797
1763,1,1,1,84,31,4,20,0.46977853984571993,0.7659584856592119,319.4148984107259,604.1311728108319
1764,0,1,0,215,33,8,15,0.8046367336064577,0.31251504993997514,313.9255582717387,712.0203876733937
1765,0,0,0,176,17,10,21,0.03654719586484134,0.2661329871043563,257.40092103738596,600.8121544348295
1766,0,0,1,348,12,6,32,0.016379052540287375,0.8120638781692833,258.15406192351685,612.9999783476724
1767,0,0,0,60,35,5,21,0.6349153537303209,0.31414990592747927,276.87499380220225,529.0112590763297
1768,0,1,1,268,18,7,24,0.8916374130640179,0.9109178960788995,268.80365652616774,513.7671429096357
1769,0,0,1,330,24,3,29,0.14149569114670157,0.8747874984983355,231.35580064343898,492.25044299339436
1770,0,0,1,328,22,3,23,0.6013455470092595,0.32826394867151976,306.32929595178393,688.5888472389113
1771,1,0,0,61,2,1,20,0.19722419138997793,0.08462062571197748,293.0655339063703,661.535722946958
1772,1,1,0,363,35,5,21,0.6349153537303209,0.31414990592747927,306.77124927844113,657.6112548555552
1773,0,0,0,386,10,8,30,0.25994612858630717,0.03773271921090782,240.3180348978481,468.15483827064133
1774,0,0,1,88,14,4,18,0.14216354000382125,0.6515949983149767,262.3364951447954,551.5604137728219
1775,0,1,1,152,17,4,17,0.03654719586484134,0.2661329871043563,261.4016884902578,548.9532948534704
1776,1,1,0,332,14,6,16,0.14216354000382125,0.6515949983149767,307.73361157691016,617.2765957145856
1777,1,0,1,30,47,1,23,0.3773106967564672,0.7403151453472674,360.89123631845024,735.7217312524002
1778,0,1,0,480,47,2,22,0.3773106967564672,0.7403151453472674,275.09289720244556,554.6957980700158
1779,0,1,0,137,50,2,14,0.9892466596793383,0.7492987331934273,299.084225257876,586.3148993908037
1780,0,1,0,314,9,6,20,0.013315835734829307,0.08963611628860235,277.9107119055144,607.1549494587176
1781,1,0,0,441,21,3,18,0.9842240803409368,0.6037942769471556,333.37947179836146,758.7870972917866
1782,0,0,0,309,14,2,25,0.14216354000382125,0.6515949983149767,268.9334047037425,526.8928122284433
1783,0,0,1,370,27,6,21,0.042702050879597664,0.5714270058088005,197.2716628173862,455.3971865226651
1784,0,1,1,247,48,5,18,0.6061688305344433,0.4517896354664117,266.48694522736963,538.6072350239344
1785,0,0,1,30,47,1,23,0.3773106967564672,0.7403151453472674,277.55059672412824,553.0621013705759
1786,0,0,0,446,29,5,22,0.5533483980689198,0.980351353995502,285.208805691077,564.2899579419002
1787,0,0,0,316,9,4,22,0.013315835734829307,0.08963611628860235,220.93686037763607,511.50795282801704
1788,0,0,1,66,43,4,21,0.11839594203047454,0.37822385248728096,285.1231243923803,474.39928511204266
1789,1,1,0,449,33,4,24,0.8046367336064577,0.31251504993997514,376.83791316014765,812.5101986339286
1790,0,0,1,196,42,6,18,0.5309706551488489,0.07851310959085822,297.94079678184903,594.4051253378464
1791,0,0,1,47,33,7,27,0.8046367336064577,0.31251504993997514,321.3976266044701,667.2894248912081
1792,1,0,0,270,29,7,22,0.5533483980689198,0.980351353995502,320.72781680212927,722.0061661851656
1793,1,0,0,394,42,5,28,0.5309706551488489,0.07851310959085822,333.423298049497,656.3837293544236
1794,0,0,1,54,41,3,19,0.24443748919293284,0.13247077818959951,280.3876526848594,532.4622458381644
1795,1,0,1,77,7,4,25,0.9787284394260496,0.14397736149840057,314.0254516012845,665.8135493256119
1796,0,0,1,400,3,6,19,0.978013844229281,0.1299455715343356,323.91912268429223,645.2127476959342
1797,0,1,0,116,48,3,20,0.6061688305344433,0.4517896354664117,347.1439186865415,610.8482366288868
1798,1,0,1,122,44,5,21,0.9833834334276617,0.5796247583348304,380.8583147054553,787.3163074513016
1799,1,1,0,466,29,6,18,0.5533483980689198,0.980351353995502,378.3659473530747,725.4287961952091
1800,0,0,1,344,50,7,16,0.9892466596793383,0.7492987331934273,297.09044503757013,609.9192649458056
1801,0,0,0,177,19,5,23,0.48323641112074256,0.5905635331291705,223.50645158507382,486.89529446678347
1802,0,0,0,102,18,5,22,0.8916374130640179,0.9109178960788995,298.2773705643991,689.2761788062244
1803,0,1,0,463,47,8,21,0.3773106967564672,0.7403151453472674,306.2804755234877,670.213537750943
1804,0,0,0,302,19,4,20,0.48323641112074256,0.5905635331291705,284.3030913935823,527.8233042402445
1805,1,0,0,96,6,4,15,0.7426119421143085,0.6856354165356606,342.49058370998614,675.7258110510368
1806,0,1,1,145,14,2,23,0.14216354000382125,0.6515949983149767,288.06471001283734,571.1427797849418
1807,0,0,1,471,35,5,20,0.6349153537303209,0.31414990592747927,264.90762381512394,678.0505193487634
1808,0,0,1,109,27,2,33,0.042702050879597664,0.5714270058088005,240.3337375479817,489.4561774606707
1809,0,1,0,58,48,6,22,0.6061688305344433,0.4517896354664117,346.8063831830601,731.902616864031
1810,0,0,1,91,32,3,18,0.39761656103655696,0.7758463725913316,254.08192828677164,535.4601638428626
1811,1,1,0,387,43,12,24,0.11839594203047454,0.37822385248728096,332.5866829069964,701.1083051607378
1812,0,0,1,265,27,5,24,0.042702050879597664,0.5714270058088005,217.2364129486644,472.1904696925397
1813,0,0,0,257,4,7,24,0.20132735022343695,0.74613202130422,283.1680462312797,578.8233041128111
1814,1,0,0,418,5,2,19,0.36124442727304995,0.0388791817240417,338.6706649822479,674.9947325583594
1815,0,0,0,232,21,8,29,0.9842240803409368,0.6037942769471556,299.3646601234663,628.2445903857433
1816,0,0,0,209,24,1,26,0.14149569114670157,0.8747874984983355,256.43632422201216,565.8649785892478
1817,1,0,0,268,18,7,24,0.8916374130640179,0.9109178960788995,313.10791904065803,656.6452885597485
1818,0,0,0,304,50,4,18,0.9892466596793383,0.7492987331934273,256.15892921958147,638.8248184155206
1819,0,0,0,104,9,3,21,0.013315835734829307,0.08963611628860235,216.43925472240994,328.31998132880153
1820,0,0,0,137,50,2,14,0.9892466596793383,0.7492987331934273,331.0061400322864,721.910299427543
1821,0,0,0,491,39,7,21,0.7841161577962339,0.6968751777894795,283.01996856204835,514.0128290099857
1822,1,0,1,402,2,6,20,0.19722419138997793,0.08462062571197748,278.6795246192147,621.6729643824959
1823,1,0,1,191,34,6,11,0.5088973850943148,0.8422173084691167,279.86950320509015,624.7193027396464
1824,1,0,0,71,45,6,18,0.8977528435643762,0.5364251248538494,339.00387231379983,763.9466992681071
1825,0,0,0,183,29,6,19,0.5533483980689198,0.980351353995502,277.64424793829573,599.8770350340511
1826,0,0,0,22,31,2,14,0.46977853984571993,0.7659584856592119,267.90174598900626,508.454459545559
1827,0,0,0,43,31,4,16,0.46977853984571993,0.7659584856592119,255.8241901485856,540.6318221171563
1828,1,0,0,227,44,10,24,0.9833834334276617,0.5796247583348304,356.04039548948856,664.1780105385195
1829,0,0,0,399,24,2,14,0.14149569114670157,0.8747874984983355,246.516417476919,544.5613630248093
1830,0,0,0,34,14,5,15,0.14216354000382125,0.6515949983149767,228.42331062988194,497.79157276551337
1831,1,0,0,496,41,4,22,0.24443748919293284,0.13247077818959951,305.3407166587945,670.4100700554684
1832,0,1,0,99,42,5,22,0.5309706551488489,0.07851310959085822,250.5528646825433,514.6966595532559
1833,0,0,0,417,46,5,16,0.7385737628210336,0.10853192373178899,336.33720334120886,623.6453688549869
1834,0,0,1,112,19,5,30,0.48323641112074256,0.5905635331291705,314.8833603294409,720.32341944286145
1835,0,1,1,41,11,5,27,0.775893080746755,0.774874358670786,296.6167576321113,651.1436088930693
1836,1,0,0,388,50,5,24,0.9892466596793383,0.7492987331934273,331.4487546170714,632.5853260199711
1837,0,0,0,30,47,1,23,0.3773106967564672,0.7403151453472674,325.28273600344204,635.6278584120529
1838,0,0,0,268,18,7,24,0.8916374130640179,0.9109178960788995,337.65382591989487,778.4081565910776
1839,1,0,0,440,26,5,19,0.26668567629531026,0.7934630094096065,341.54133979205926,760.2694729416561
1840,1,0,0,63,47,5,28,0.3773106967564672,0.7403151453472674,280.8234696802977,554.81836690226
1841,1,0,1,79,29,6,23,0.5533483980689198,0.980351353995502,295.27699673802846,662.1204963322928
1842,0,0,0,125,38,5,23,0.9087103542406112,0.1694229245185852,322.47253219881446,626.1744509585574
1843,0,0,1,95,28,3,17,0.6121745223645121,0.048944066278636456,262.8734964016115,591.2865147924373
1844,1,1,0,57,24,5,24,0.14149569114670157,0.8747874984983355,299.92525046471974,667.5496622279519
1845,0,0,0,301,25,7,27,0.8063855252694339,0.0688752664718777,340.7563230767839,704.4050182654815
1846,0,1,0,282,36,9,21,0.49425172130577266,0.7565638932865113,289.73942166575057,633.8534834006468
1847,0,0,0,58,48,6,22,0.6061688305344433,0.4517896354664117,297.73965723638963,594.801069838205
1848,0,1,0,295,4,3,28,0.20132735022343695,0.74613202130422,311.63788124744445,636.0198466044045
1849,0,1,1,388,50,5,24,0.9892466596793383,0.7492987331934273,319.6056385804905,663.1586303625742
1850,0,0,1,301,25,7,27,0.8063855252694339,0.0688752664718777,322.53861272757683,747.810697803427
1851,0,0,0,165,13,5,14,0.09574478422291577,0.2606025456916541,297.47972257224853,619.0006015624197
1852,1,0,0,380,6,8,17,0.7426119421143085,0.6856354165356606,320.68507017378687,588.1787084237765
1853,0,0,1,174,37,8,22,0.28013089881278574,0.967524380190298,241.51946061000322,563.910380337035
1854,1,1,0,372,13,4,16,0.09574478422291577,0.2606025456916541,256.36555453282546,614.4482860712799
1855,0,0,0,191,34,6,11,0.5088973850943148,0.8422173084691167,222.0048578629435,478.5449199764924
1856,0,0,1,206,8,5,13,0.49811370903626084,0.8910799578297883,263.43413356576525,463.8612094029586
1857,1,0,0,415,34,6,13,0.5088973850943148,0.8422173084691167,249.53430758577298,586.5197708212473
1858,0,0,0,302,19,4,20,0.48323641112074256,0.5905635331291705,290.7737109534543,596.0096962629691
1859,0,1,1,366,23,5,18,0.03834434738382697,0.6661178111098707,252.41595234229413,419.05753821758196
1860,0,0,0,388,50,5,24,0.9892466596793383,0.7492987331934273,309.2183492431148,628.9705760810984
1861,0,0,1,230,22,3,18,0.6013455470092595,0.32826394867151976,309.0228295871243,657.8562734217805
1862,0,0,0,410,7,2,28,0.9787284394260496,0.14397736149840057,241.93896938763777,466.40122660820805
1863,0,0,1,423,49,5,22,0.5121942616533488,0.6461082133464515,287.82619095002224,583.2214961365801
1864,1,1,0,317,10,7,22,0.25994612858630717,0.03773271921090782,301.23041435636094,610.5753320626743
1865,0,0,1,234,22,8,19,0.6013455470092595,0.32826394867151976,256.6277303941813,611.8749830637857
1866,1,0,1,386,10,8,30,0.25994612858630717,0.03773271921090782,286.68451041998657,564.3153048149838
1867,0,1,0,112,19,5,30,0.48323641112074256,0.5905635331291705,304.1071348381166,638.6294201360225
1868,1,0,0,261,35,5,19,0.6349153537303209,0.31414990592747927,351.0640240077276,649.8655777560617
1869,0,0,1,489,18,5,26,0.8916374130640179,0.9109178960788995,300.9914805851512,522.4043758916343
1870,0,0,0,252,21,2,17,0.9842240803409368,0.6037942769471556,328.9149659304108,720.0317579502706
1871,0,0,0,196,42,6,18,0.5309706551488489,0.07851310959085822,285.8047362627768,568.0988396942835
1872,0,0,1,13,5,4,16,0.36124442727304995,0.0388791817240417,324.63895508825425,687.7466995677156
1873,0,0,1,460,32,4,23,0.39761656103655696,0.7758463725913316,245.08734813742737,499.10453509253216
1874,1,1,1,23,33,2,15,0.8046367336064577,0.31251504993997514,320.0820622499304,592.3167516572364
1875,0,0,1,457,49,5,22,0.5121942616533488,0.6461082133464515,263.75725312819253,592.7506674537264
1876,1,0,0,494,41,3,24,0.24443748919293284,0.13247077818959951,327.37185412721254,641.3609800971897
1877,0,0,0,265,27,5,24,0.042702050879597664,0.5714270058088005,260.0505868425994,676.152383195394
1878,0,0,0,257,4,7,24,0.20132735022343695,0.74613202130422,251.20490655365396,511.59750658266023
1879,0,0,0,326,14,5,25,0.14216354000382125,0.6515949983149767,272.9877078984087,562.1981696178451
1880,0,0,1,18,48,5,30,0.6061688305344433,0.4517896354664117,303.36339189180507,590.7693137999166
1881,0,1,1,87,4,5,28,0.20132735022343695,0.74613202130422,353.9648254544857,765.395673419223
1882,1,0,1,373,13,8,16,0.09574478422291577,0.2606025456916541,306.6365313258857,719.9032354732284
1883,0,0,0,273,48,9,24,0.6061688305344433,0.4517896354664117,221.62932518878273,427.6604986472743
1884,0,1,0,211,16,8,23,0.8112564436160028,0.26610612077638507,320.1248730000772,725.1761565188746
1885,0,0,0,21,32,6,22,0.39761656103655696,0.7758463725913316,265.2637429344247,556.9070888267399
1886,0,1,0,38,38,3,21,0.9087103542406112,0.1694229245185852,387.5535794882998,759.3979005144856
1887,0,0,0,46,37,7,20,0.28013089881278574,0.967524380190298,281.8210571455215,595.9076924809204
1888,0,1,0,349,28,3,19,0.6121745223645121,0.048944066278636456,318.0870472971369,601.2022485546327
1889,0,0,0,169,39,3,31,0.7841161577962339,0.6968751777894795,326.0127312472094,643.0763138618738
1890,0,0,0,487,47,4,15,0.3773106967564672,0.7403151453472674,206.33561066379147,452.98158091679096
1891,0,1,1,98,43,0,23,0.11839594203047454,0.37822385248728096,288.84945609131654,547.1858857469202
1892,0,1,0,262,23,5,27,0.03834434738382697,0.6661178111098707,235.52586185285776,406.2024458781928
1893,0,0,0,474,33,2,23,0.8046367336064577,0.31251504993997514,264.6822624006993,597.2857667155015
1894,1,0,0,450,30,4,23,0.8535007652826607,0.9145373487845063,319.4703431109232,718.3166854012527
1895,0,0,1,289,12,4,23,0.016379052540287375,0.8120638781692833,212.00824272209428,555.1552294627354
1896,0,0,1,31,17,5,16,0.03654719586484134,0.2661329871043563,287.67636009739965,516.5653003366126
1897,0,0,1,155,33,3,20,0.8046367336064577,0.31251504993997514,303.61208305404597,637.5373969774864
1898,0,0,0,418,5,2,19,0.36124442727304995,0.0388791817240417,284.7590268356046,586.9811160643924
1899,1,0,1,93,29,2,12,0.5533483980689198,0.980351353995502,281.6050282536877,637.7399142135205
1900,0,0,1,177,19,5,23,0.48323641112074256,0.5905635331291705,258.3076339915409,531.8122104102234
1901,0,0,0,232,21,8,29,0.9842240803409368,0.6037942769471556,307.20648994191595,653.1649378667007
1902,0,0,0,399,24,2,14,0.14149569114670157,0.8747874984983355,231.12947892170686,581.567586419513
1903,0,0,0,465,3,5,16,0.978013844229281,0.1299455715343356,317.9271920676443,587.1273942605096
1904,0,0,0,139,3,4,20,0.978013844229281,0.1299455715343356,355.4806041182022,712.4439741607588
1905,1,1,0,424,35,3,19,0.6349153537303209,0.31414990592747927,335.9104083474261,624.6968294560706
1906,0,0,0,430,31,2,20,0.46977853984571993,0.7659584856592119,253.10224386520474,581.9264054623396
1907,0,0,0,268,18,7,24,0.8916374130640179,0.9109178960788995,275.6414642164916,610.63968865552
1908,0,0,0,449,33,4,24,0.8046367336064577,0.31251504993997514,313.7637367820684,602.9519423348283
1909,0,0,0,465,3,5,16,0.978013844229281,0.1299455715343356,345.81499953716997,691.4887846171133
1910,0,0,0,341,34,3,16,0.5088973850943148,0.8422173084691167,305.14862446292045,591.6232598246844
1911,0,0,0,164,3,5,26,0.978013844229281,0.1299455715343356,314.43831346682373,654.342895289691
1912,1,0,0,378,16,9,18,0.8112564436160028,0.26610612077638507,338.8496247598276,692.4825516409869
1913,0,0,0,493,13,6,22,0.09574478422291577,0.2606025456916541,282.94917269040445,547.8384653718992
1914,0,0,1,463,47,8,21,0.3773106967564672,0.7403151453472674,270.7031228543112,527.668283593905
1915,0,0,1,467,5,4,17,0.36124442727304995,0.0388791817240417,289.6872582846806,621.5219362743528
1916,0,0,1,139,3,4,20,0.978013844229281,0.1299455715343356,326.6745388943218,586.6756215012363
1917,0,0,1,13,5,4,16,0.36124442727304995,0.0388791817240417,256.5893936895909,601.5706491770321
1918,0,0,0,478,14,3,20,0.14216354000382125,0.6515949983149767,239.47511667496818,520.3540257251613
1919,0,0,1,457,49,5,22,0.5121942616533488,0.6461082133464515,316.69767824849515,620.8848940067832
1920,1,0,0,102,18,5,22,0.8916374130640179,0.9109178960788995,392.7290575752626,774.1665341943997
1921,0,1,0,423,49,5,22,0.5121942616533488,0.6461082133464515,263.3408460621535,535.9281845520753
1922,0,1,0,302,19,4,20,0.48323641112074256,0.5905635331291705,326.3248019761534,637.6105072839501
1923,0,1,0,264,44,3,16,0.9833834334276617,0.5796247583348304,314.6049831221198,642.9768724336302
1924,0,0,1,423,49,5,22,0.5121942616533488,0.6461082133464515,280.8539114539348,569.3611063729793
1925,1,0,0,83,34,5,24,0.5088973850943148,0.8422173084691167,283.50759749430404,606.5804590344475
1926,0,0,1,380,6,8,17,0.7426119421143085,0.6856354165356606,319.55137311864803,656.5915159160576
1927,0,1,0,181,37,7,22,0.28013089881278574,0.967524380190298,219.11727452750608,502.29529221585307
1928,0,0,0,60,35,5,21,0.6349153537303209,0.31414990592747927,327.9439448859896,549.0959920983742
1929,0,0,0,186,36,3,15,0.49425172130577266,0.7565638932865113,290.17393150808266,557.4949360636351
1930,0,0,0,127,28,4,22,0.6121745223645121,0.048944066278636456,234.96174379609135,569.1900125416519
1931,0,0,0,201,35,2,21,0.6349153537303209,0.31414990592747927,268.6346173758669,503.50504632303006
1932,0,1,1,121,30,7,24,0.8535007652826607,0.9145373487845063,304.68082808516675,611.248387951802
1933,1,0,1,122,44,5,21,0.9833834334276617,0.5796247583348304,337.9734087436342,620.8605494399019
1934,0,0,1,173,33,8,23,0.8046367336064577,0.31251504993997514,308.87720730571004,676.1319088365588
1935,0,0,0,211,16,8,23,0.8112564436160028,0.26610612077638507,340.7400191123229,706.8715908754884
1936,0,0,0,428,38,11,25,0.9087103542406112,0.1694229245185852,298.9422719833995,618.2506592796553
1937,0,1,0,41,11,5,27,0.775893080746755,0.774874358670786,314.3699712012848,633.0593810738324
1938,0,0,0,104,9,3,21,0.013315835734829307,0.08963611628860235,238.71197679312715,555.0651121709393
1939,0,0,0,133,20,7,11,0.4666645280085504,0.9181476451922208,307.2403233829198,618.0859549187641
1940,0,0,0,397,37,3,15,0.28013089881278574,0.967524380190298,259.8145922314767,646.2901746042808
1941,0,1,0,24,35,2,27,0.6349153537303209,0.31414990592747927,313.33372806802925,631.1304978558275
1942,0,0,0,478,14,3,20,0.14216354000382125,0.6515949983149767,249.07921646465925,532.431469317714
1943,1,0,1,167,21,6,21,0.9842240803409368,0.6037942769471556,343.7332533015735,643.6286301266881
1944,0,0,1,481,3,7,21,0.978013844229281,0.1299455715343356,323.8074951075545,714.8774387660447
1945,0,1,0,2,8,3,15,0.49811370903626084,0.8910799578297883,322.95477038793774,623.9950379472367
1946,1,1,1,422,25,5,20,0.8063855252694339,0.0688752664718777,358.0024386035211,836.8959717735293
1947,0,1,0,238,18,3,14,0.8916374130640179,0.9109178960788995,300.53488740215056,567.8727772272052
1948,0,1,1,381,4,6,21,0.20132735022343695,0.74613202130422,267.4182067282822,674.5022857760921
1949,0,0,0,451,3,6,18,0.978013844229281,0.1299455715343356,406.4379953098413,704.0017874155623
1950,0,1,0,446,29,5,22,0.5533483980689198,0.980351353995502,269.134784176261,532.3992588343169
1951,0,1,0,281,37,4,27,0.28013089881278574,0.967524380190298,312.1598222434786,566.4144280842594
1952,0,1,0,105,2,7,12,0.19722419138997793,0.08462062571197748,319.3921091481418,730.2527750443234
1953,0,0,0,217,30,6,25,0.8535007652826607,0.9145373487845063,301.67143176744605,606.6203996798979
1954,0,1,1,76,38,9,17,0.9087103542406112,0.1694229245185852,282.92919409429356,608.6479634737924
1955,0,0,0,213,41,2,27,0.24443748919293284,0.13247077818959951,264.771994721628,557.3159638903963
1956,0,0,0,381,4,6,21,0.20132735022343695,0.74613202130422,263.3062648522165,616.6100001577031
1957,1,0,0,50,50,4,23,0.9892466596793383,0.7492987331934273,339.4829938948618,603.6027587896191
1958,0,0,1,443,22,5,21,0.6013455470092595,0.32826394867151976,258.5162225940857,596.4818922264719
1959,0,0,1,491,39,7,21,0.7841161577962339,0.6968751777894795,270.49904328943364,563.9959584588055
1960,0,0,0,371,44,3,15,0.9833834334276617,0.5796247583348304,343.0691790781024,596.2972446278268
1961,0,0,0,320,40,6,20,0.5589970224536955,0.8726507888641208,295.5396246029093,614.0777095488376
1962,0,0,0,120,1,5,17,0.774368490325287,0.06913358555175364,303.41098485535247,606.0564781251122
1963,1,1,0,397,37,3,15,0.28013089881278574,0.967524380190298,301.46792390367796,648.4497377114529
1964,1,0,1,353,8,6,23,0.49811370903626084,0.8910799578297883,285.3187840139092,621.1302294217799
1965,0,1,0,89,41,5,23,0.24443748919293284,0.13247077818959951,300.5257491981953,674.8897183711351
1966,0,1,1,273,48,9,24,0.6061688305344433,0.4517896354664117,271.5616699538759,597.9756436625648
1967,1,0,0,255,19,5,19,0.48323641112074256,0.5905635331291705,291.3173418507295,570.5858915836096
1968,1,1,0,401,17,7,15,0.03654719586484134,0.2661329871043563,313.12325658481655,629.8831671765471
1969,0,0,1,79,29,6,23,0.5533483980689198,0.980351353995502,275.7488516221376,550.5185549223326
1970,1,0,1,216,36,4,27,0.49425172130577266,0.7565638932865113,334.13622955350013,671.9238029371226
1971,0,0,0,421,12,5,20,0.016379052540287375,0.8120638781692833,249.58687242376584,527.6602717237174
1972,1,1,0,63,47,5,28,0.3773106967564672,0.7403151453472674,307.1039934230352,626.9813646150797
1973,0,1,0,186,36,3,15,0.49425172130577266,0.7565638932865113,271.4224769304181,607.7477466192671
1974,0,0,0,24,35,2,27,0.6349153537303209,0.31414990592747927,254.76139242640122,412.26215475241486
1975,0,0,0,35,29,8,25,0.5533483980689198,0.980351353995502,348.23060245106683,633.8284617240693
1976,1,1,0,333,1,2,36,0.774368490325287,0.06913358555175364,389.7015809342351,707.613802884937
1977,0,0,1,166,21,5,17,0.9842240803409368,0.6037942769471556,324.7416852154247,670.4909552194414
1978,1,1,0,135,9,4,17,0.013315835734829307,0.08963611628860235,292.59429177387307,627.2149240806413
1979,0,0,1,350,19,4,16,0.48323641112074256,0.5905635331291705,291.72674986929627,589.5783569379269
1980,0,0,0,18,48,5,30,0.6061688305344433,0.4517896354664117,242.8976458743236,435.25884354069603
1981,0,1,0,405,49,5,20,0.5121942616533488,0.6461082133464515,289.1750599908047,632.7416430561244
1982,0,1,0,11,46,5,25,0.7385737628210336,0.10853192373178899,300.4461372387412,626.7306440354926
1983,1,1,1,87,4,5,28,0.20132735022343695,0.74613202130422,304.6635014335278,611.6725266133944
1984,0,1,0,427,34,4,23,0.5088973850943148,0.8422173084691167,322.2872249244684,542.7927661558267
1985,1,1,0,457,49,5,22,0.5121942616533488,0.6461082133464515,330.32684618218303,613.6153382766446
1986,0,0,1,421,12,5,20,0.016379052540287375,0.8120638781692833,252.6384727259517,541.300874104236
1987,0,1,1,181,37,7,22,0.28013089881278574,0.967524380190298,244.71131583246623,563.6353308028673
1988,0,0,1,148,48,3,17,0.6061688305344433,0.4517896354664117,286.8386649131235,520.9642080576888
1989,0,0,1,398,47,4,13,0.3773106967564672,0.7403151453472674,307.7285286652966,562.3512888313784
1990,1,0,0,3,8,4,20,0.49811370903626084,0.8910799578297883,333.9296377321278,672.336726276124
1991,0,1,1,188,41,1,18,0.24443748919293284,0.13247077818959951,304.37122083724773,589.8046261154932
1992,0,1,0,375,19,5,22,0.48323641112074256,0.5905635331291705,257.8061032615031,533.6206092326145
1993,0,1,0,131,28,5,19,0.6121745223645121,0.048944066278636456,326.6623764974237,730.5651447091626
1994,1,1,0,215,33,8,15,0.8046367336064577,0.31251504993997514,357.58722918246684,770.4520207342516
1995,0,1,0,150,3,3,19,0.978013844229281,0.1299455715343356,389.30808331095335,659.0782000647343
1996,1,0,0,155,33,3,20,0.8046367336064577,0.31251504993997514,305.0096238105047,559.541438214931
1997,1,0,1,326,14,5,25,0.14216354000382125,0.6515949983149767,257.8075049949357,607.2611016409332
1998,1,0,0,470,39,5,22,0.7841161577962339,0.6968751777894795,334.2729480382168,608.876100204832
1999,0,1,0,469,50,7,28,0.9892466596793383,0.7492987331934273,327.1470218109998,587.8527371055386
2000,0,0,1,61,2,1,20,0.19722419138997793,0.08462062571197748,280.72335799637415,556.0439095448023
2001,0,0,0,138,14,5,17,0.14216354000382125,0.6515949983149767,258.0211608545741,584.2859137729506
2002,1,0,0,234,22,8,19,0.6013455470092595,0.32826394867151976,365.8150241030172,813.9406045741246
2003,0,0,1,195,38,7,15,0.9087103542406112,0.1694229245185852,315.58837548118834,765.6336264031363
2004,0,0,0,93,29,2,12,0.5533483980689198,0.980351353995502,304.1115270925326,591.1529137558447
2005,0,0,0,185,27,6,20,0.042702050879597664,0.5714270058088005,267.86609943334514,581.5842866738856
2006,0,1,0,269,15,10,18,0.21112623764202,0.9238038510084152,236.23212660973846,524.7652482221599
2007,0,0,0,244,34,9,25,0.5088973850943148,0.8422173084691167,296.21922351017565,640.162386307171
2008,0,1,1,428,38,11,25,0.9087103542406112,0.1694229245185852,324.5372658161505,740.0291321395318
2009,0,0,0,127,28,4,22,0.6121745223645121,0.048944066278636456,313.3457738733742,661.5434688385286
2010,0,0,0,396,29,5,18,0.5533483980689198,0.980351353995502,257.96805210858093,636.8707295196316
2011,1,0,0,100,39,5,21,0.7841161577962339,0.6968751777894795,323.3189946103557,693.3944589788846
2012,0,0,0,131,28,5,19,0.6121745223645121,0.048944066278636456,345.0820102413775,643.3796198143261
2013,0,1,0,363,35,5,21,0.6349153537303209,0.31414990592747927,240.50494346893774,484.45834776770045
2014,0,1,1,393,20,2,24,0.4666645280085504,0.9181476451922208,291.02397109313927,676.6432157343525
2015,1,0,1,149,10,11,16,0.25994612858630717,0.03773271921090782,269.1058327013024,613.3733631797857
2016,0,0,1,220,38,5,15,0.9087103542406112,0.1694229245185852,249.79444639553998,684.625963629562
2017,0,0,1,97,23,10,28,0.03834434738382697,0.6661178111098707,228.8797244026474,463.62769281713526
2018,1,0,0,173,33,8,23,0.8046367336064577,0.31251504993997514,367.3295741183759,763.1958920209518
2019,0,0,0,315,3,6,23,0.978013844229281,0.1299455715343356,308.83463168126247,503.41667705988897
2020,0,0,0,450,30,4,23,0.8535007652826607,0.9145373487845063,283.85076505482357,659.3144117947529
2021,0,0,0,321,22,4,14,0.6013455470092595,0.32826394867151976,322.97380364810743,664.2498490730546
2022,1,0,1,31,17,5,16,0.03654719586484134,0.2661329871043563,222.71481530825096,374.4328267795905
2023,0,0,1,353,8,6,23,0.49811370903626084,0.8910799578297883,220.54898629700642,478.90084788951623
2024,0,1,0,22,31,2,14,0.46977853984571993,0.7659584856592119,276.33905913976156,609.4570088051227
2025,0,0,0,18,48,5,30,0.6061688305344433,0.4517896354664117,311.9413682849187,584.3345968643478
2026,0,1,1,153,10,6,20,0.25994612858630717,0.03773271921090782,287.05182506156285,554.8103705481969
2027,1,1,1,132,42,5,17,0.5309706551488489,0.07851310959085822,369.5844598625355,809.8995947801895
2028,0,1,1,197,29,8,24,0.5533483980689198,0.980351353995502,314.8979763415429,725.2274868178534
2029,0,0,0,103,5,6,17,0.36124442727304995,0.0388791817240417,302.7722915461334,563.0166225049093
2030,1,0,0,235,1,5,19,0.774368490325287,0.06913358555175364,332.0536688660314,614.4113091650247
2031,0,0,1,467,5,4,17,0.36124442727304995,0.0388791817240417,300.12898410409207,616.6057575473682
2032,1,0,1,307,7,7,27,0.9787284394260496,0.14397736149840057,353.55468285031094,691.5449095024624
2033,1,0,1,420,12,8,22,0.016379052540287375,0.8120638781692833,278.1022903282826,671.229015762819
2034,1,1,0,424,35,3,19,0.6349153537303209,0.31414990592747927,379.7260924079702,756.4741406139334
2035,0,0,0,439,17,6,23,0.03654719586484134,0.2661329871043563,267.395024817115,651.5810597330724
2036,1,0,0,412,18,5,29,0.8916374130640179,0.9109178960788995,341.7937754244249,697.5686913384067
2037,0,0,0,25,20,7,18,0.4666645280085504,0.9181476451922208,302.6201853554046,672.1560078455451
2038,0,1,0,174,37,8,22,0.28013089881278574,0.967524380190298,302.7805939054971,594.9936771482835
2039,0,1,1,315,3,6,23,0.978013844229281,0.1299455715343356,305.08884416601734,644.22035526038
2040,0,1,0,139,3,4,20,0.978013844229281,0.1299455715343356,302.14363109009076,679.7976818362683
2041,1,0,1,492,40,4,16,0.5589970224536955,0.8726507888641208,308.61928804899736,529.736548658749
2042,0,0,0,414,39,3,29,0.7841161577962339,0.6968751777894795,293.62368931109364,536.2802793409884
2043,0,0,1,79,29,6,23,0.5533483980689198,0.980351353995502,242.60154965962738,451.72367442155894
2044,0,0,0,119,29,3,20,0.5533483980689198,0.980351353995502,275.15404810977145,538.2761382680329
2045,0,0,1,20,30,6,26,0.8535007652826607,0.9145373487845063,308.3209760888297,580.1278121033149
2046,1,0,1,209,24,1,26,0.14149569114670157,0.8747874984983355,261.12322186277555,509.65548364738584
2047,0,0,0,62,36,2,23,0.49425172130577266,0.7565638932865113,316.9905883063247,715.4034477831295
2048,1,0,0,391,14,4,24,0.14216354000382125,0.6515949983149767,277.4856130446958,539.2465736041557
2049,0,0,1,428,38,11,25,0.9087103542406112,0.1694229245185852,350.57371188429,852.7574258913156
2050,0,1,0,478,14,3,20,0.14216354000382125,0.6515949983149767,295.88754779789645,547.868003322707
2051,1,1,1,203,50,3,17,0.9892466596793383,0.7492987331934273,287.0870226746667,645.6786549545506
2052,0,0,0,232,21,8,29,0.9842240803409368,0.6037942769471556,371.547715687292,774.3510200047591
2053,0,0,1,274,40,3,20,0.5589970224536955,0.8726507888641208,279.0430310968344,564.2586888639235
2054,0,1,0,313,17,8,17,0.03654719586484134,0.2661329871043563,276.5488201102109,523.4228344184331
2055,0,1,0,128,22,3,25,0.6013455470092595,0.32826394867151976,354.30179165281584,740.150542996078
2056,1,1,0,438,48,10,11,0.6061688305344433,0.4517896354664117,353.75156769175686,716.8506770886946
2057,0,0,0,181,37,7,22,0.28013089881278574,0.967524380190298,242.02867581271894,536.1836742732764
2058,0,0,0,1,25,1,21,0.8063855252694339,0.0688752664718777,343.9395550145308,717.5350982136127
2059,1,0,0,350,19,4,16,0.48323641112074256,0.5905635331291705,285.7318238483018,547.1431724987798
2060,0,1,0,469,50,7,28,0.9892466596793383,0.7492987331934273,329.1501253021119,749.2586277483468
2061,0,0,0,115,26,6,26,0.26668567629531026,0.7934630094096065,230.1783510327423,582.0278424481883
2062,1,0,0,304,50,4,18,0.9892466596793383,0.7492987331934273,336.28582942103634,630.3602094284613
2063,0,0,0,205,26,5,20,0.26668567629531026,0.7934630094096065,270.2413931497231,595.1525613901067
2064,0,0,0,114,35,9,14,0.6349153537303209,0.31414990592747927,304.7349822611427,634.2910427570843
2065,1,0,0,324,8,2,22,0.49811370903626084,0.8910799578297883,302.17397129667427,624.7026162955905
2066,0,0,0,110,25,0,15,0.8063855252694339,0.0688752664718777,303.8221735062703,660.4053509319847
2067,0,0,0,370,27,6,21,0.042702050879597664,0.5714270058088005,270.6819657939785,658.8792040002713
2068,0,0,0,131,28,5,19,0.6121745223645121,0.048944066278636456,325.6601073395757,662.9671356472011
2069,0,0,0,239,46,4,15,0.7385737628210336,0.10853192373178899,291.5347570649652,461.46265544016103
2070,0,1,0,163,48,6,19,0.6061688305344433,0.4517896354664117,306.8725109685112,656.4994053225247
2071,0,0,1,314,9,6,20,0.013315835734829307,0.08963611628860235,190.74944813249766,481.2736597162553
2072,0,0,0,16,26,3,16,0.26668567629531026,0.7934630094096065,253.31913301378407,428.5197511097406
2073,0,0,1,341,34,3,16,0.5088973850943148,0.8422173084691167,292.48035190887623,719.6223775392923
2074,0,0,1,366,23,5,18,0.03834434738382697,0.6661178111098707,258.24098434980846,505.115562487763
2075,0,1,1,169,39,3,31,0.7841161577962339,0.6968751777894795,319.0931903162447,716.4143110823352
2076,0,0,0,260,10,4,22,0.25994612858630717,0.03773271921090782,256.85232417828786,555.125728013294
2077,0,0,0,469,50,7,28,0.9892466596793383,0.7492987331934273,292.67183250621457,640.0973879192793
2078,0,0,1,150,3,3,19,0.978013844229281,0.1299455715343356,319.3076479595003,607.775248013664
2079,0,1,0,84,31,4,20,0.46977853984571993,0.7659584856592119,292.3180709040626,568.7001643439781
2080,0,0,0,456,15,7,24,0.21112623764202,0.9238038510084152,251.74761588067844,582.0710766079296
2081,1,1,0,352,26,9,23,0.26668567629531026,0.7934630094096065,342.1794539556676,682.346726095982
2082,1,1,0,6,41,7,27,0.24443748919293284,0.13247077818959951,252.63139689947212,652.2708756354101
2083,0,1,1,38,38,3,21,0.9087103542406112,0.1694229245185852,347.78576975631677,638.4197931837446
2084,0,0,1,344,50,7,16,0.9892466596793383,0.7492987331934273,355.1429519150371,705.5052074547312
2085,0,1,0,421,12,5,20,0.016379052540287375,0.8120638781692833,251.74257698709854,603.472023185022
2086,0,0,1,160,20,6,19,0.4666645280085504,0.9181476451922208,266.7895549105773,631.7049557846772
2087,0,0,0,405,49,5,20,0.5121942616533488,0.6461082133464515,268.811917163447,575.6047805218068
2088,0,0,0,225,9,7,22,0.013315835734829307,0.08963611628860235,224.45117241395073,549.4815426115298
2089,0,1,0,100,39,5,21,0.7841161577962339,0.6968751777894795,309.420258887234,681.4411496068035
2090,0,0,0,109,27,2,33,0.042702050879597664,0.5714270058088005,234.24706985888022,442.5459717926815
2091,1,0,1,331,9,2,10,0.013315835734829307,0.08963611628860235,283.682384186329,568.5597718812879
2092,1,0,0,130,11,8,16,0.775893080746755,0.774874358670786,320.53204689699197,761.0040805471349
2093,0,1,0,278,50,4,18,0.9892466596793383,0.7492987331934273,306.458091776619,650.5296219271695
2094,0,0,1,104,9,3,21,0.013315835734829307,0.08963611628860235,257.70108099788604,516.3640202838927
2095,0,0,0,324,8,2,22,0.49811370903626084,0.8910799578297883,322.7190941290896,710.0144984210204
2096,1,0,1,293,43,3,32,0.11839594203047454,0.37822385248728096,256.8686380857287,627.2032127916573
2097,1,0,0,485,38,5,21,0.9087103542406112,0.1694229245185852,370.14632895140863,790.1927802863495
2098,0,0,0,493,13,6,22,0.09574478422291577,0.2606025456916541,263.21557118783323,476.0510899207791
2099,0,0,1,491,39,7,21,0.7841161577962339,0.6968751777894795,293.43886906327276,581.630585752024
2100,0,1,0,246,19,6,19,0.48323641112074256,0.5905635331291705,264.99046565605516,533.9023445976807
2101,0,1,1,32,44,2,22,0.9833834334276617,0.5796247583348304,320.1417246954941,703.7078827373923
2102,0,0,0,126,11,10,20,0.775893080746755,0.774874358670786,289.1113777274398,626.4538138384968
2103,1,1,0,176,17,10,21,0.03654719586484134,0.2661329871043563,300.32574142325836,572.6655484067134
2104,0,0,0,197,29,8,24,0.5533483980689198,0.980351353995502,263.0505028744965,569.2369847559615
2105,0,0,1,374,33,6,16,0.8046367336064577,0.31251504993997514,350.47170644086253,700.7610620859444
2106,0,0,0,308,30,6,25,0.8535007652826607,0.9145373487845063,332.8833225089438,648.2298165202959
2107,0,1,0,141,23,3,13,0.03834434738382697,0.6661178111098707,266.24096394671517,527.1351009434934
2108,0,1,0,315,3,6,23,0.978013844229281,0.1299455715343356,319.27781006943013,638.1710959350668
2109,0,0,0,393,20,2,24,0.4666645280085504,0.9181476451922208,277.908596610003,628.4369026688626
2110,0,1,0,433,23,8,29,0.03834434738382697,0.6661178111098707,271.50951360640204,563.9379457775049
2111,0,0,0,237,28,3,17,0.6121745223645121,0.048944066278636456,290.8398287275247,636.0484501640819
2112,1,1,0,213,41,2,27,0.24443748919293284,0.13247077818959951,298.92928599527676,543.4230362606867
2113,0,0,1,58,48,6,22,0.6061688305344433,0.4517896354664117,273.4971027248202,516.007295642784
2114,1,0,0,307,7,7,27,0.9787284394260496,0.14397736149840057,323.4382973575642,713.3378533038033
2115,0,0,0,485,38,5,21,0.9087103542406112,0.1694229245185852,340.81567865327116,766.6318580456235
2116,0,0,0,330,24,3,29,0.14149569114670157,0.8747874984983355,282.1318186815043,597.571595102557
2117,0,0,0,112,19,5,30,0.48323641112074256,0.5905635331291705,284.18884506138284,574.0226117826994
2118,1,1,0,386,10,8,30,0.25994612858630717,0.03773271921090782,303.64145109989647,612.4886559044658
2119,0,1,0,461,14,5,18,0.14216354000382125,0.6515949983149767,293.7076205581947,649.0874399425093
2120,0,0,0,281,37,4,27,0.28013089881278574,0.967524380190298,237.85122737761554,499.5448284579267
2121,0,0,0,96,6,4,15,0.7426119421143085,0.6856354165356606,287.16215483223954,592.7130286316333
2122,0,0,1,139,3,4,20,0.978013844229281,0.1299455715343356,286.78553952905315,552.3051494831723
2123,0,0,1,95,28,3,17,0.6121745223645121,0.048944066278636456,310.12864038681346,649.666596551443
2124,1,0,0,7,47,3,17,0.3773106967564672,0.7403151453472674,298.03847759607964,584.6113286583649
2125,0,0,1,365,48,4,19,0.6061688305344433,0.4517896354664117,242.12519448576217,563.5696248225971
2126,0,1,0,209,24,1,26,0.14149569114670157,0.8747874984983355,336.2580254237103,586.9533943269325
2127,0,1,0,348,12,6,32,0.016379052540287375,0.8120638781692833,251.54610233145627,518.5306688071126
2128,1,0,0,321,22,4,14,0.6013455470092595,0.32826394867151976,326.72077994332585,649.5083407588041
2129,0,0,0,319,50,4,21,0.9892466596793383,0.7492987331934273,311.6149506317467,651.3207531219718
2130,0,1,0,312,50,3,22,0.9892466596793383,0.7492987331934273,278.7202633729883,604.3383411034639
2131,0,0,0,421,12,5,20,0.016379052540287375,0.8120638781692833,282.05357177476645,515.5600771852546
2132,0,0,0,343,38,2,20,0.9087103542406112,0.1694229245185852,323.8961932133853,653.0527336170722
2133,1,0,0,140,38,3,18,0.9087103542406112,0.1694229245185852,356.5636857167258,718.267515212422
2134,0,0,0,83,34,5,24,0.5088973850943148,0.8422173084691167,329.13167794837426,650.9556530038116
2135,0,0,0,99,42,5,22,0.5309706551488489,0.07851310959085822,292.1149828821833,637.5826930638784
2136,0,0,1,452,6,5,16,0.7426119421143085,0.6856354165356606,324.2834628296832,716.5437321374746
2137,0,0,0,492,40,4,16,0.5589970224536955,0.8726507888641208,300.2683137775596,650.9542080311753
2138,0,0,1,322,31,4,21,0.46977853984571993,0.7659584856592119,318.58948184538184,695.4691555222512
2139,0,0,0,45,11,3,17,0.775893080746755,0.774874358670786,246.0125643625738,528.5018476498753
2140,0,1,0,297,3,8,23,0.978013844229281,0.1299455715343356,305.48193292608175,612.6764289264624
2141,0,0,0,217,30,6,25,0.8535007652826607,0.9145373487845063,278.67402314888255,586.6037533805321
2142,0,1,1,48,10,5,21,0.25994612858630717,0.03773271921090782,230.85055926647667,489.44827460529825
2143,0,0,0,370,27,6,21,0.042702050879597664,0.5714270058088005,245.7811747949624,522.5917407221115
2144,0,1,1,471,35,5,20,0.6349153537303209,0.31414990592747927,277.50380875106134,545.7580188042238
2145,0,0,0,245,41,6,30,0.24443748919293284,0.13247077818959951,281.47369563355153,533.9232838215347
2146,0,1,0,378,16,9,18,0.8112564436160028,0.26610612077638507,302.24161472638497,571.6533928093648
2147,0,0,1,432,12,6,22,0.016379052540287375,0.8120638781692833,272.95584933821226,564.9993590135451
2148,1,1,0,70,25,7,23,0.8063855252694339,0.0688752664718777,373.94229379333365,781.8168200756656
2149,0,0,0,112,19,5,30,0.48323641112074256,0.5905635331291705,282.8366916653308,584.353949023569
2150,0,0,0,24,35,2,27,0.6349153537303209,0.31414990592747927,355.29273899496457,708.1968712387675
2151,0,0,0,259,39,3,28,0.7841161577962339,0.6968751777894795,270.31928774759973,539.6125985135475
2152,0,0,1,205,26,5,20,0.26668567629531026,0.7934630094096065,216.54822475347288,493.45756751092387
2153,0,0,0,457,49,5,22,0.5121942616533488,0.6461082133464515,297.9446419903394,597.04634199043835
2154,0,0,0,95,28,3,17,0.6121745223645121,0.048944066278636456,299.6481828406398,617.5617528699585
2155,0,1,1,179,28,1,17,0.6121745223645121,0.048944066278636456,337.14074850946554,649.6247986569728
2156,1,0,0,209,24,1,26,0.14149569114670157,0.8747874984983355,243.86459802913177,510.09560245774736
2157,0,1,0,380,6,8,17,0.7426119421143085,0.6856354165356606,332.03577961193037,733.3462777390998
2158,0,0,0,92,32,3,21,0.39761656103655696,0.7758463725913316,269.1344083808836,705.337156500366
2159,0,0,1,423,49,5,22,0.5121942616533488,0.6461082133464515,334.19244002391036,677.0359066598269
2160,0,0,0,253,18,4,24,0.8916374130640179,0.9109178960788995,341.7461651320697,712.9459951557085
2161,1,0,0,413,8,3,18,0.49811370903626084,0.8910799578297883,314.88591964682263,576.2880436792103
2162,0,0,0,228,9,9,21,0.013315835734829307,0.08963611628860235,251.5642651939778,500.42473126620587
2163,1,0,1,193,2,3,20,0.19722419138997793,0.08462062571197748,332.1891491698323,553.9160415314916
2164,0,0,1,419,15,5,23,0.21112623764202,0.9238038510084152,237.93958076113321,495.76856950152006
2165,0,0,1,159,25,1,14,0.8063855252694339,0.0688752664718777,216.12486452143384,485.6479703368793
2166,0,1,0,84,31,4,20,0.46977853984571993,0.7659584856592119,321.5723492074861,700.4235172387071
2167,0,0,0,56,18,3,28,0.8916374130640179,0.9109178960788995,308.63606268932034,610.6929631183527
2168,1,0,0,69,15,3,15,0.21112623764202,0.9238038510084152,285.4335905168581,559.0914564672142
2169,1,0,1,185,27,6,20,0.042702050879597664,0.5714270058088005,298.5571735710953,554.480383388489
2170,1,0,1,190,10,7,25,0.25994612858630717,0.03773271921090782,275.2182012936841,588.4948190056648
2171,0,1,0,271,38,3,20,0.9087103542406112,0.1694229245185852,309.7234910531372,571.0323749981228
2172,0,0,0,377,24,3,22,0.14149569114670157,0.8747874984983355,272.37217628040236,595.2996158531369
2173,0,1,1,110,25,0,15,0.8063855252694339,0.0688752664718777,359.88230591557186,683.0188085034017
2174,0,1,1,388,50,5,24,0.9892466596793383,0.7492987331934273,338.9392764060818,655.5451572774251
2175,0,0,0,108,30,4,23,0.8535007652826607,0.9145373487845063,288.3979709670818,543.4783664816156
2176,0,1,0,431,27,5,21,0.042702050879597664,0.5714270058088005,287.50414460296685,654.6372900542492
2177,0,1,0,225,9,7,22,0.013315835734829307,0.08963611628860235,241.4108774769981,448.77834409471654
2178,1,0,0,281,37,4,27,0.28013089881278574,0.967524380190298,293.0490199370574,602.5670616587169
2179,0,0,1,412,18,5,29,0.8916374130640179,0.9109178960788995,304.85119827884114,650.8808585748882
2180,0,0,0,245,41,6,30,0.24443748919293284,0.13247077818959951,222.4075979821817,450.8020240465927
2181,1,0,1,417,46,5,16,0.7385737628210336,0.10853192373178899,326.33741150332133,722.7944496308834
2182,1,1,0,109,27,2,33,0.042702050879597664,0.5714270058088005,319.67100730797443,654.6954315966213
2183,0,1,0,22,31,2,14,0.46977853984571993,0.7659584856592119,256.94159418133734,547.6499157808845
2184,0,1,1,209,24,1,26,0.14149569114670157,0.8747874984983355,269.24990498997585,587.2215941732629
2185,0,1,1,18,48,5,30,0.6061688305344433,0.4517896354664117,305.6043743503171,560.339446088488
2186,1,1,0,497,42,5,19,0.5309706551488489,0.07851310959085822,352.5204338109214,685.1442905930819
2187,0,0,0,106,33,4,18,0.8046367336064577,0.31251504993997514,284.0984275856871,487.11980203175875
2188,0,0,0,468,48,6,14,0.6061688305344433,0.4517896354664117,255.20908238840508,589.0197764842853
2189,0,0,1,115,26,6,26,0.26668567629531026,0.7934630094096065,268.9269320299398,631.7830482905097
2190,0,0,0,46,37,7,20,0.28013089881278574,0.967524380190298,312.123017429391,656.056804313554
2191,0,0,0,464,41,4,26,0.24443748919293284,0.13247077818959951,313.88180877573524,646.1713562824926
2192,0,1,1,268,18,7,24,0.8916374130640179,0.9109178960788995,264.16696423685556,450.8017461811391
2193,0,0,0,73,22,3,22,0.6013455470092595,0.32826394867151976,319.4483842897059,595.4602975841444
2194,0,0,1,273,48,9,24,0.6061688305344433,0.4517896354664117,315.8447162196312,598.2955952763665
2195,0,0,0,51,40,11,23,0.5589970224536955,0.8726507888641208,297.0063812568904,647.1360904608712
2196,0,0,0,420,12,8,22,0.016379052540287375,0.8120638781692833,197.03650067059675,483.04899128950603
2197,1,0,0,111,31,6,19,0.46977853984571993,0.7659584856592119,312.9205639688404,605.0425999677021
2198,0,0,1,107,33,4,15,0.8046367336064577,0.31251504993997514,276.3365961859554,605.071506867665
2199,0,1,0,72,47,7,22,0.3773106967564672,0.7403151453472674,276.32519699516683,576.389383179662
2200,0,0,1,333,1,2,36,0.774368490325287,0.06913358555175364,280.62240185932836,506.079650587287
2201,1,1,1,394,42,5,28,0.5309706551488489,0.07851310959085822,367.34509911734807,704.8206279251679
2202,0,0,0,306,46,5,21,0.7385737628210336,0.10853192373178899,339.1171977317599,719.5268696720731
2203,0,1,0,218,49,8,27,0.5121942616533488,0.6461082133464515,281.3303090361165,599.3524325361527
2204,1,1,0,475,16,6,19,0.8112564436160028,0.26610612077638507,336.97782793321886,711.1497788669009
2205,1,0,1,395,50,3,23,0.9892466596793383,0.7492987331934273,374.9292649421761,732.1896296959131
2206,0,0,1,445,38,9,16,0.9087103542406112,0.1694229245185852,312.39249175516824,755.5369390117758
2207,1,0,0,125,38,5,23,0.9087103542406112,0.1694229245185852,329.44869932772065,649.4991564645608
2208,0,0,0,480,47,2,22,0.3773106967564672,0.7403151453472674,234.53138955506464,476.244307679368
2209,0,0,0,282,36,9,21,0.49425172130577266,0.7565638932865113,260.64541347765294,526.5052351947434
2210,0,0,0,259,39,3,28,0.7841161577962339,0.6968751777894795,285.8254867014209,545.9088825230701
2211,0,1,1,393,20,2,24,0.4666645280085504,0.9181476451922208,283.5362120822717,552.5965052325362
2212,1,0,0,208,17,5,27,0.03654719586484134,0.2661329871043563,248.84975225529647,647.9748091525493
2213,0,1,0,256,10,9,27,0.25994612858630717,0.03773271921090782,257.9018519918968,594.4397624127022
2214,0,1,0,365,48,4,19,0.6061688305344433,0.4517896354664117,305.1171003231363,700.7920336449711
2215,0,1,1,10,19,2,22,0.48323641112074256,0.5905635331291705,268.9487648515053,511.0032276663464
2216,1,1,1,324,8,2,22,0.49811370903626084,0.8910799578297883,298.90436256807465,587.2953710198822
2217,1,0,0,190,10,7,25,0.25994612858630717,0.03773271921090782,241.52835766641252,614.4756481602415
2218,0,1,0,131,28,5,19,0.6121745223645121,0.048944066278636456,338.21952676059976,752.8685387657212
2219,0,0,0,115,26,6,26,0.26668567629531026,0.7934630094096065,308.2973529997727,710.7799701553334
2220,0,0,0,35,29,8,25,0.5533483980689198,0.980351353995502,321.4410945834786,627.9849057929481
2221,0,1,0,66,43,4,21,0.11839594203047454,0.37822385248728096,258.8410389005366,543.6699358515585
2222,0,1,0,125,38,5,23,0.9087103542406112,0.1694229245185852,363.80405837752784,776.8883909512064
2223,0,0,1,438,48,10,11,0.6061688305344433,0.4517896354664117,290.7037169255444,573.0469897859865
2224,1,0,1,210,49,6,20,0.5121942616533488,0.6461082133464515,305.2023346272879,583.3356148255078
2225,0,1,1,290,39,0,22,0.7841161577962339,0.6968751777894795,314.7259793945941,620.8109335507718
2226,0,1,0,424,35,3,19,0.6349153537303209,0.31414990592747927,291.81520345465833,606.2795844527358
2227,0,0,0,316,9,4,22,0.013315835734829307,0.08963611628860235,257.26497899335465,460.2422261254602
2228,0,0,0,38,38,3,21,0.9087103542406112,0.1694229245185852,260.3428621184305,592.7665488971869
2229,1,0,1,10,19,2,22,0.48323641112074256,0.5905635331291705,280.36756386076155,522.2019337652172
2230,0,1,0,235,1,5,19,0.774368490325287,0.06913358555175364,311.52772104225295,660.1506630866546
2231,0,0,1,318,34,3,21,0.5088973850943148,0.8422173084691167,276.2603423736501,550.5911731315337
2232,1,0,1,250,28,7,21,0.6121745223645121,0.048944066278636456,379.94587792158586,693.6950407957897
2233,1,1,1,362,27,5,23,0.042702050879597664,0.5714270058088005,365.7345948438449,716.9595407488601
2234,0,0,1,250,28,7,21,0.6121745223645121,0.048944066278636456,279.92446819415227,543.4814834850355
2235,0,0,0,27,35,3,22,0.6349153537303209,0.31414990592747927,238.5846450789408,566.51519166106
2236,1,0,1,174,37,8,22,0.28013089881278574,0.967524380190298,260.6634224871983,551.5327109922414
2237,0,0,1,390,6,6,25,0.7426119421143085,0.6856354165356606,325.6357886786299,616.6428546799395
2238,1,1,0,285,29,4,24,0.5533483980689198,0.980351353995502,356.69834409059223,703.8089222038583
2239,0,0,0,113,29,5,24,0.5533483980689198,0.980351353995502,253.29495522607,616.0959025525635
2240,1,1,0,164,3,5,26,0.978013844229281,0.1299455715343356,355.8317605324805,703.8275051445022
2241,1,0,0,440,26,5,19,0.26668567629531026,0.7934630094096065,299.7490762906768,618.3094483332859
2242,1,0,0,402,2,6,20,0.19722419138997793,0.08462062571197748,258.05424297047506,460.87991522064567
2243,1,1,0,96,6,4,15,0.7426119421143085,0.6856354165356606,340.24274490623446,682.7564268590468
2244,0,0,0,328,22,3,23,0.6013455470092595,0.32826394867151976,281.11094250692975,556.9526480595183
2245,1,0,0,303,38,5,18,0.9087103542406112,0.1694229245185852,310.19804465749326,638.1713821590165
2246,0,1,0,428,38,11,25,0.9087103542406112,0.1694229245185852,326.961872287829,789.3451267056569
2247,0,1,0,90,46,9,18,0.7385737628210336,0.10853192373178899,282.862708282962,639.4660571535386
2248,1,0,0,490,34,7,20,0.5088973850943148,0.8422173084691167,302.0651582607093,697.7997022317347
2249,0,1,1,221,37,7,22,0.28013089881278574,0.967524380190298,319.245326168464,579.6862685465458
2250,1,0,0,220,38,5,15,0.9087103542406112,0.1694229245185852,294.1870885192594,647.1192971436916
2251,0,0,0,482,42,5,19,0.5309706551488489,0.07851310959085822,308.0992485112051,556.4314587914942
2252,0,0,1,178,47,4,18,0.3773106967564672,0.7403151453472674,275.6698504179083,520.1763809029829
2253,0,0,0,72,47,7,22,0.3773106967564672,0.7403151453472674,271.673421016561,524.6005728077249
2254,1,0,0,116,48,3,20,0.6061688305344433,0.4517896354664117,319.91052224457235,511.7706146418018
2255,0,0,1,390,6,6,25,0.7426119421143085,0.6856354165356606,300.92616885470323,689.8697829963552
2256,0,1,0,486,28,5,15,0.6121745223645121,0.048944066278636456,345.4039615710823,703.917660112354
2257,0,0,1,469,50,7,28,0.9892466596793383,0.7492987331934273,343.95937592268854,740.4210765637769
2258,0,1,0,192,2,10,19,0.19722419138997793,0.08462062571197748,295.44493345946086,674.4689986078248
2259,0,0,0,19,38,6,21,0.9087103542406112,0.1694229245185852,284.8212250544964,572.7706798911042
2260,1,1,0,201,35,2,21,0.6349153537303209,0.31414990592747927,344.19034584657544,644.6834331582149
2261,1,0,1,445,38,9,16,0.9087103542406112,0.1694229245185852,312.6327460131041,618.2934550510023
2262,0,0,1,276,24,6,16,0.14149569114670157,0.8747874984983355,225.60654101535363,405.5314816351007
2263,0,0,1,199,7,7,24,0.9787284394260496,0.14397736149840057,342.1456038679215,662.6036765873382
2264,1,0,0,132,42,5,17,0.5309706551488489,0.07851310959085822,276.28042233604805,606.2316262963013
2265,0,0,0,351,2,5,21,0.19722419138997793,0.08462062571197748,274.23216175678476,609.1903174671521
2266,1,0,0,462,27,3,11,0.042702050879597664,0.5714270058088005,308.6163127859594,615.6510688638529
2267,0,1,1,395,50,3,23,0.9892466596793383,0.7492987331934273,344.57337300641893,745.3452059711612
2268,0,0,1,395,50,3,23,0.9892466596793383,0.7492987331934273,311.0802661851813,648.527428153707
2269,1,0,0,43,31,4,16,0.46977853984571993,0.7659584856592119,294.14598229071066,558.9302638431113
2270,0,1,0,490,34,7,20,0.5088973850943148,0.8422173084691167,317.09590901590735,671.7328090642674
2271,1,1,1,324,8,2,22,0.49811370903626084,0.8910799578297883,358.02311463673897,718.5344855509405
2272,0,0,0,28,29,3,18,0.5533483980689198,0.980351353995502,292.97251179530764,728.3586753584937
2273,0,0,0,369,2,4,17,0.19722419138997793,0.08462062571197748,261.50802984052075,627.5815883417729
2274,0,0,1,459,48,4,11,0.6061688305344433,0.4517896354664117,255.06580119042235,551.4514148326841
2275,0,1,0,392,47,7,15,0.3773106967564672,0.7403151453472674,236.8357774781893,424.2378288012815
2276,0,1,1,430,31,2,20,0.46977853984571993,0.7659584856592119,282.94327018808366,582.3531649900763
2277,0,0,1,412,18,5,29,0.8916374130640179,0.9109178960788995,311.3707179705653,699.2713047952634
2278,0,0,1,146,8,6,22,0.49811370903626084,0.8910799578297883,285.6146079179316,550.1875036172572
2279,0,0,1,362,27,5,23,0.042702050879597664,0.5714270058088005,185.51053971051707,396.872400365479
2280,0,1,0,456,15,7,24,0.21112623764202,0.9238038510084152,326.31159999172013,659.3484266348808
2281,0,1,0,89,41,5,23,0.24443748919293284,0.13247077818959951,313.2513319711608,630.8834741848024
2282,0,0,1,488,1,9,17,0.774368490325287,0.06913358555175364,335.08887740089136,772.5781242047597
2283,0,0,1,16,26,3,16,0.26668567629531026,0.7934630094096065,285.70177435327207,539.0929417210405
2284,0,0,0,101,7,5,15,0.9787284394260496,0.14397736149840057,351.73668242474434,706.8796866439848
2285,0,0,1,257,4,7,24,0.20132735022343695,0.74613202130422,216.0112014659786,491.79021639375424
2286,0,0,1,175,48,7,16,0.6061688305344433,0.4517896354664117,311.37601285178215,709.1348324861137
2287,0,0,1,312,50,3,22,0.9892466596793383,0.7492987331934273,357.9360665314916,715.1871157762808
2288,1,0,1,96,6,4,15,0.7426119421143085,0.6856354165356606,335.95163576412085,714.4834189889551
2289,0,1,0,153,10,6,20,0.25994612858630717,0.03773271921090782,257.0413671358079,547.3769600752063
2290,0,0,0,150,3,3,19,0.978013844229281,0.1299455715343356,310.3730271789355,596.720115647788
2291,0,0,0,429,29,7,24,0.5533483980689198,0.980351353995502,293.6024111465274,545.5779610618454
2292,0,0,0,154,16,4,23,0.8112564436160028,0.26610612077638507,351.6347256389904,704.6014081124994
2293,1,0,1,174,37,8,22,0.28013089881278574,0.967524380190298,283.6877359093672,601.4409674264565
2294,0,0,0,263,39,5,14,0.7841161577962339,0.6968751777894795,291.19030356298003,667.9040797670295
2295,0,0,1,11,46,5,25,0.7385737628210336,0.10853192373178899,325.6685430197797,655.2886206731811
2296,0,0,1,474,33,2,23,0.8046367336064577,0.31251504993997514,305.45662093962443,696.0258986636516
2297,0,0,1,90,46,9,18,0.7385737628210336,0.10853192373178899,324.4459029429443,641.0585995838549
2298,0,0,0,153,10,6,20,0.25994612858630717,0.03773271921090782,295.4798394151181,579.9359020739254
2299,1,1,1,326,14,5,25,0.14216354000382125,0.6515949983149767,310.45172011270927,644.3197593249573
2300,1,1,0,132,42,5,17,0.5309706551488489,0.07851310959085822,370.24140673983015,665.0020369314442
2301,0,1,1,493,13,6,22,0.09574478422291577,0.2606025456916541,308.51357051133743,643.5568448095228
2302,0,0,0,16,26,3,16,0.26668567629531026,0.7934630094096065,215.62690920973142,468.856924728677
2303,1,0,0,246,19,6,19,0.48323641112074256,0.5905635331291705,277.87181281979895,531.0558305669846
2304,0,0,0,184,28,3,25,0.6121745223645121,0.048944066278636456,336.1036075003186,635.303743376699
2305,0,1,0,479,31,4,20,0.46977853984571993,0.7659584856592119,276.154524808496,604.9195277862876
2306,1,0,0,227,44,10,24,0.9833834334276617,0.5796247583348304,363.6839351952257,821.8620529342484
2307,1,0,0,224,9,6,12,0.013315835734829307,0.08963611628860235,346.2325614440389,704.7252776576773
2308,0,0,0,79,29,6,23,0.5533483980689198,0.980351353995502,258.6784121156456,590.7584073857224
2309,1,1,0,408,33,5,16,0.8046367336064577,0.31251504993997514,299.06231768221403,637.2159895554735
2310,0,1,0,339,33,4,20,0.8046367336064577,0.31251504993997514,300.04413968884154,620.5669476611341
2311,1,1,0,283,49,3,20,0.5121942616533488,0.6461082133464515,309.6373670135095,604.1140795810355
2312,0,0,0,89,41,5,23,0.24443748919293284,0.13247077818959951,253.2303924453069,517.2859501499396
2313,0,0,0,88,14,4,18,0.14216354000382125,0.6515949983149767,251.8458027147144,512.2662898119293
2314,0,0,0,430,31,2,20,0.46977853984571993,0.7659584856592119,283.65854720153334,610.5260502802831
2315,0,1,1,62,36,2,23,0.49425172130577266,0.7565638932865113,251.30444014421477,447.2101064921618
2316,0,0,0,492,40,4,16,0.5589970224536955,0.8726507888641208,310.8210864616466,727.2878423482049
2317,0,0,0,412,18,5,29,0.8916374130640179,0.9109178960788995,283.57973010166154,497.65282786790686
2318,0,0,1,318,34,3,21,0.5088973850943148,0.8422173084691167,305.16824090361195,528.7609285499966
2319,0,0,1,166,21,5,17,0.9842240803409368,0.6037942769471556,291.0417094658166,669.6791887669177
2320,0,1,0,391,14,4,24,0.14216354000382125,0.6515949983149767,266.6673655784154,523.6132134773463
2321,0,1,0,121,30,7,24,0.8535007652826607,0.9145373487845063,287.6481130303119,679.6573385534839
2322,0,0,0,306,46,5,21,0.7385737628210336,0.10853192373178899,329.0529563166336,646.424863138898
2323,0,1,0,303,38,5,18,0.9087103542406112,0.1694229245185852,317.04978003838613,645.7013033346449
2324,0,0,0,422,25,5,20,0.8063855252694339,0.0688752664718777,277.7332433061114,523.290853161354
2325,0,0,1,391,14,4,24,0.14216354000382125,0.6515949983149767,207.12560034547374,446.68783579612426
2326,0,1,0,54,41,3,19,0.24443748919293284,0.13247077818959951,306.0843391762297,638.9693242787437
2327,0,0,1,379,27,7,22,0.042702050879597664,0.5714270058088005,265.75570179437454,598.4357580867113
2328,0,1,0,156,6,4,19,0.7426119421143085,0.6856354165356606,308.9089747599299,749.197541979068
2329,1,0,0,219,36,5,23,0.49425172130577266,0.7565638932865113,292.4064005555212,582.6949616161348
2330,1,0,0,117,39,8,23,0.7841161577962339,0.6968751777894795,333.93974213250686,728.7935700938833
2331,0,0,1,97,23,10,28,0.03834434738382697,0.6661178111098707,251.8109265880188,522.463049808108
2332,1,0,1,294,50,9,17,0.9892466596793383,0.7492987331934273,311.793433487855,508.64094997201005
2333,1,0,0,157,46,8,28,0.7385737628210336,0.10853192373178899,337.5331853946724,731.7476891841975
2334,0,0,0,226,21,9,24,0.9842240803409368,0.6037942769471556,300.48989399023725,540.0656331249962
2335,0,0,1,389,10,7,21,0.25994612858630717,0.03773271921090782,291.5457305947853,588.5642093381247
2336,0,1,1,324,8,2,22,0.49811370903626084,0.8910799578297883,305.6742435447043,583.4524018854044
2337,0,0,0,297,3,8,23,0.978013844229281,0.1299455715343356,280.4247704250494,582.9361250588456
2338,1,0,0,219,36,5,23,0.49425172130577266,0.7565638932865113,283.36057256435026,605.1634885043756
2339,1,1,0,79,29,6,23,0.5533483980689198,0.980351353995502,318.9154675048865,737.6011031061669
2340,0,0,1,316,9,4,22,0.013315835734829307,0.08963611628860235,328.8139344510686,652.2377099772538
2341,1,0,0,420,12,8,22,0.016379052540287375,0.8120638781692833,251.54449853713078,526.1485257374549
2342,0,1,0,449,33,4,24,0.8046367336064577,0.31251504993997514,348.3618702658694,733.4212051165415
2343,0,1,1,433,23,8,29,0.03834434738382697,0.6661178111098707,291.01368246942957,626.2811681326081
2344,1,0,0,200,35,6,19,0.6349153537303209,0.31414990592747927,349.1151114807951,826.7692058689966
2345,0,0,0,500,38,5,15,0.9087103542406112,0.1694229245185852,331.19203463511695,678.0516853879562
2346,0,0,1,461,14,5,18,0.14216354000382125,0.6515949983149767,226.60090755081256,428.1212821634686
2347,0,0,0,456,15,7,24,0.21112623764202,0.9238038510084152,293.86886188314384,535.7535779586644
2348,0,0,0,73,22,3,22,0.6013455470092595,0.32826394867151976,293.71398539250515,593.3243663427014
2349,0,0,0,354,38,3,27,0.9087103542406112,0.1694229245185852,304.9718284866431,661.7715196085052
2350,0,0,0,470,39,5,22,0.7841161577962339,0.6968751777894795,331.3122547012996,590.3126413459422
2351,0,1,1,346,41,8,26,0.24443748919293284,0.13247077818959951,298.5517834207814,582.0766698399532
2352,0,1,0,158,19,2,24,0.48323641112074256,0.5905635331291705,263.6023753107245,546.5413101987685
2353,0,1,1,160,20,6,19,0.4666645280085504,0.9181476451922208,281.5937925903331,626.4955454199262
2354,0,1,0,89,41,5,23,0.24443748919293284,0.13247077818959951,287.6505736865796,571.4067196427625
2355,0,0,0,179,28,1,17,0.6121745223645121,0.048944066278636456,309.70351727516703,686.247580356772
2356,0,0,0,493,13,6,22,0.09574478422291577,0.2606025456916541,244.89778767050012,445.01985659742763
2357,0,0,1,164,3,5,26,0.978013844229281,0.1299455715343356,319.59717922139646,663.6124603735543
2358,1,0,1,217,30,6,25,0.8535007652826607,0.9145373487845063,304.02987178205586,699.8564113814916
2359,1,0,1,480,47,2,22,0.3773106967564672,0.7403151453472674,279.6727984728794,527.6674174078493
2360,0,0,1,445,38,9,16,0.9087103542406112,0.1694229245185852,330.9284329842071,663.511781270836
2361,0,0,0,230,22,3,18,0.6013455470092595,0.32826394867151976,271.7252845645463,586.5133194519777
2362,0,0,0,415,34,6,13,0.5088973850943148,0.8422173084691167,309.07891159781224,629.7742428653056
2363,0,1,0,374,33,6,16,0.8046367336064577,0.31251504993997514,340.512063728537,640.7507672959871
2364,0,0,0,224,9,6,12,0.013315835734829307,0.08963611628860235,192.24086769334033,419.47180862374586
2365,0,0,0,212,38,5,23,0.9087103542406112,0.1694229245185852,306.79919211099525,519.2369828198148
2366,0,0,1,408,33,5,16,0.8046367336064577,0.31251504993997514,319.7254227749451,625.5469523664364
2367,0,0,1,132,42,5,17,0.5309706551488489,0.07851310959085822,342.1240762964128,762.9812026972518
2368,0,0,0,126,11,10,20,0.775893080746755,0.774874358670786,237.04176551050836,437.5922602238563
2369,0,0,0,168,39,6,24,0.7841161577962339,0.6968751777894795,254.82541234403192,524.4061082468445
2370,0,1,0,444,16,3,16,0.8112564436160028,0.26610612077638507,377.18732806879615,752.3176759352702
2371,0,0,0,122,44,5,21,0.9833834334276617,0.5796247583348304,280.33880974004074,570.9846826409686
2372,1,1,1,68,16,2,18,0.8112564436160028,0.26610612077638507,309.0675027417736,647.9709570116183
2373,0,0,0,267,45,6,15,0.8977528435643762,0.5364251248538494,286.15713373608986,605.3284496467192
2374,0,0,0,85,19,3,27,0.48323641112074256,0.5905635331291705,217.55426786001902,434.03237662090993
2375,1,1,0,99,42,5,22,0.5309706551488489,0.07851310959085822,332.52238395310144,731.9649696623475
2376,0,1,0,345,19,3,33,0.48323641112074256,0.5905635331291705,259.48885518003044,430.0920924993085
2377,1,0,0,478,14,3,20,0.14216354000382125,0.6515949983149767,293.3298122945211,588.3167643256453
2378,0,0,1,85,19,3,27,0.48323641112074256,0.5905635331291705,222.8521752830614,438.49199814622375
2379,0,1,0,84,31,4,20,0.46977853984571993,0.7659584856592119,294.79590436434535,583.8296055122356
2380,0,0,1,207,24,6,18,0.14149569114670157,0.8747874984983355,265.6470400453123,510.64043379685654
2381,1,0,0,375,19,5,22,0.48323641112074256,0.5905635331291705,301.5652558328087,630.1395826531975
2382,0,1,0,80,19,3,18,0.48323641112074256,0.5905635331291705,296.5521132748694,615.3948456652683
2383,1,0,0,286,41,6,18,0.24443748919293284,0.13247077818959951,268.54259407248713,531.7511658312393
2384,0,0,0,232,21,8,29,0.9842240803409368,0.6037942769471556,258.7777759231153,515.4398700185017
2385,0,1,0,446,29,5,22,0.5533483980689198,0.980351353995502,322.80848613570305,545.1044012338166
2386,0,0,0,10,19,2,22,0.48323641112074256,0.5905635331291705,304.15234397626574,629.0847772045588
2387,1,0,1,59,31,6,14,0.46977853984571993,0.7659584856592119,271.61695951376953,537.6000904849194
2388,0,0,1,31,17,5,16,0.03654719586484134,0.2661329871043563,258.56249710188683,564.742312922016
2389,0,0,1,310,29,6,16,0.5533483980689198,0.980351353995502,299.37897394282163,650.3026905924955
2390,1,0,0,189,1,9,26,0.774368490325287,0.06913358555175364,346.43351777732903,732.1825372818674
2391,0,1,0,313,17,8,17,0.03654719586484134,0.2661329871043563,229.53372908938516,525.2678777885983
2392,1,0,0,384,7,4,21,0.9787284394260496,0.14397736149840057,337.4868968753361,756.5697074711238
2393,0,0,0,1,25,1,21,0.8063855252694339,0.0688752664718777,366.23854263385135,674.1996667526704
2394,0,0,1,493,13,6,22,0.09574478422291577,0.2606025456916541,273.33546891789854,735.8629433184301
2395,0,0,0,31,17,5,16,0.03654719586484134,0.2661329871043563,256.12750454633624,539.1451614139368
2396,0,0,0,446,29,5,22,0.5533483980689198,0.980351353995502,271.6679026421704,526.8622014551884
2397,0,0,0,262,23,5,27,0.03834434738382697,0.6661178111098707,244.82393017406304,607.0958039284917
2398,1,0,0,379,27,7,22,0.042702050879597664,0.5714270058088005,260.4515026815501,580.0095888054185
2399,0,0,0,248,50,8,17,0.9892466596793383,0.7492987331934273,330.91931405618175,644.4663838057546
2400,1,0,1,298,10,2,20,0.25994612858630717,0.03773271921090782,280.6339271533401,560.1520993776471
2401,0,0,0,414,39,3,29,0.7841161577962339,0.6968751777894795,310.11964552193774,675.6679066655871
2402,1,0,0,430,31,2,20,0.46977853984571993,0.7659584856592119,293.66403026378237,521.5419438661618
2403,0,0,0,478,14,3,20,0.14216354000382125,0.6515949983149767,233.57489237428157,536.0105085273981
2404,0,0,0,163,48,6,19,0.6061688305344433,0.4517896354664117,296.5224851052636,626.3514707405177
2405,0,0,0,260,10,4,22,0.25994612858630717,0.03773271921090782,291.85525857699827,542.8704551398486
2406,0,0,0,141,23,3,13,0.03834434738382697,0.6661178111098707,234.7146273020688,475.4127268810823
2407,0,0,0,148,48,3,17,0.6061688305344433,0.4517896354664117,264.3147922495813,524.3785887683379
2408,0,1,0,32,44,2,22,0.9833834334276617,0.5796247583348304,317.00977485634724,668.668747521324
2409,0,1,1,140,38,3,18,0.9087103542406112,0.1694229245185852,298.99850726610435,581.2779055885151
2410,0,0,1,301,25,7,27,0.8063855252694339,0.0688752664718777,304.8245796565808,590.1698635361258
2411,1,0,1,35,29,8,25,0.5533483980689198,0.980351353995502,281.955843194923,601.3302883006629
2412,0,0,0,327,13,5,18,0.09574478422291577,0.2606025456916541,266.044445353557,585.4196797860327
2413,0,1,0,429,29,7,24,0.5533483980689198,0.980351353995502,319.47377609239044,677.2714865325465
2414,1,0,0,342,36,4,9,0.49425172130577266,0.7565638932865113,303.2162304987934,551.8150692947884
2415,1,0,0,209,24,1,26,0.14149569114670157,0.8747874984983355,255.9079424536107,539.4508267617997
2416,0,1,1,153,10,6,20,0.25994612858630717,0.03773271921090782,319.4476955553792,644.7768355184475
2417,0,0,0,78,6,6,20,0.7426119421143085,0.6856354165356606,244.8747512347668,493.6857980350913
2418,1,1,0,63,47,5,28,0.3773106967564672,0.7403151453472674,331.98545218692703,619.5441440338678
2419,0,1,0,188,41,1,18,0.24443748919293284,0.13247077818959951,306.883502700455,639.3925027538729
2420,1,0,0,497,42,5,19,0.5309706551488489,0.07851310959085822,340.140673531283,702.7561861388446
2421,1,1,0,155,33,3,20,0.8046367336064577,0.31251504993997514,343.56984571697814,671.4611199645315
2422,0,0,0,434,4,5,20,0.20132735022343695,0.74613202130422,281.3182465285617,571.8187371630048
2423,1,0,1,200,35,6,19,0.6349153537303209,0.31414990592747927,287.3878266427435,540.367173767019
2424,0,0,0,212,38,5,23,0.9087103542406112,0.1694229245185852,321.99161469538257,576.6018446827165
2425,0,0,1,174,37,8,22,0.28013089881278574,0.967524380190298,178.88274401616974,399.6838779369979
2426,0,1,1,100,39,5,21,0.7841161577962339,0.6968751777894795,267.7851065879388,517.8486229051341
2427,0,0,1,410,7,2,28,0.9787284394260496,0.14397736149840057,298.99035719224554,597.4244957796565
2428,0,0,0,449,33,4,24,0.8046367336064577,0.31251504993997514,303.40338885776725,742.598495056594
2429,1,0,1,318,34,3,21,0.5088973850943148,0.8422173084691167,324.92996790129047,594.9076707777601
2430,0,0,0,124,28,3,18,0.6121745223645121,0.048944066278636456,274.67005118204116,580.6175197736582
2431,0,0,0,88,14,4,18,0.14216354000382125,0.6515949983149767,260.1445757620568,541.4014478488618
2432,1,0,0,131,28,5,19,0.6121745223645121,0.048944066278636456,355.12046797823706,684.271834150941
2433,0,0,1,284,10,6,19,0.25994612858630717,0.03773271921090782,284.46342407503215,586.1962809168906
2434,0,1,0,171,28,4,14,0.6121745223645121,0.048944066278636456,293.7583195128838,664.8438755516145
2435,1,0,0,188,41,1,18,0.24443748919293284,0.13247077818959951,321.6283599632078,577.1958903234166
2436,0,1,1,399,24,2,14,0.14149569114670157,0.8747874984983355,232.42323857392984,504.40230254914997
2437,0,0,0,255,19,5,19,0.48323641112074256,0.5905635331291705,303.99035701242747,614.1129221492839
2438,0,0,0,454,31,9,17,0.46977853984571993,0.7659584856592119,328.27761393740934,640.8156806248396
2439,0,0,0,152,17,4,17,0.03654719586484134,0.2661329871043563,298.5127223176732,605.1435304033228
2440,1,0,1,92,32,3,21,0.39761656103655696,0.7758463725913316,316.1558503853525,610.9578455272456
2441,0,1,0,316,9,4,22,0.013315835734829307,0.08963611628860235,281.876314070209,465.44478576306113
2442,1,0,1,396,29,5,18,0.5533483980689198,0.980351353995502,298.4108246782453,641.0126478365065
2443,1,0,1,83,34,5,24,0.5088973850943148,0.8422173084691167,327.25836046228795,685.3402591862872
2444,0,0,0,86,22,4,19,0.6013455470092595,0.32826394867151976,341.82326800054,643.7582196807003
2445,0,0,1,12,1,3,22,0.774368490325287,0.06913358555175364,288.72446067798506,603.745390742382
2446,1,1,0,377,24,3,22,0.14149569114670157,0.8747874984983355,265.3400081839825,533.8210098536083
2447,0,0,1,104,9,3,21,0.013315835734829307,0.08963611628860235,280.48916841800957,608.4211855027443
2448,0,0,0,427,34,4,23,0.5088973850943148,0.8422173084691167,247.52617324496634,551.9115337570902
2449,0,1,1,130,11,8,16,0.775893080746755,0.774874358670786,283.3937885014071,693.396509932873
2450,0,0,0,285,29,4,24,0.5533483980689198,0.980351353995502,309.2306960112782,654.3277202039825
2451,0,0,0,34,14,5,15,0.14216354000382125,0.6515949983149767,206.80628404188107,518.0995392497503
2452,0,0,1,326,14,5,25,0.14216354000382125,0.6515949983149767,251.863635000788,475.2718371998579
2453,0,0,0,425,2,5,14,0.19722419138997793,0.08462062571197748,262.1856235243421,480.60358659435866
2454,1,0,0,238,18,3,14,0.8916374130640179,0.9109178960788995,321.76599295613664,691.450366866109
2455,1,1,0,33,9,8,21,0.013315835734829307,0.08963611628860235,279.0431146813533,625.3965918775559
2456,0,0,0,437,22,1,25,0.6013455470092595,0.32826394867151976,336.8225159985755,618.5618921602202
2457,0,1,0,470,39,5,22,0.7841161577962339,0.6968751777894795,300.26794386770314,666.5002360748101
2458,0,0,0,296,31,10,14,0.46977853984571993,0.7659584856592119,267.30908436718556,636.3081320743453
2459,0,1,0,138,14,5,17,0.14216354000382125,0.6515949983149767,293.56854605166166,607.3460008304274
2460,0,0,1,460,32,4,23,0.39761656103655696,0.7758463725913316,266.57952087876123,539.705177194907
2461,0,1,0,29,23,3,18,0.03834434738382697,0.6661178111098707,260.7466927310877,585.0171067558716
2462,1,0,1,378,16,9,18,0.8112564436160028,0.26610612077638507,296.5986866285673,624.7880448000791
2463,0,1,0,22,31,2,14,0.46977853984571993,0.7659584856592119,321.8552693176682,725.1487199868584
2464,0,0,0,256,10,9,27,0.25994612858630717,0.03773271921090782,280.8121272081627,492.73072734034656
2465,0,0,0,63,47,5,28,0.3773106967564672,0.7403151453472674,270.90284471926213,601.0245526702585
2466,0,0,0,358,1,1,29,0.774368490325287,0.06913358555175364,311.4868115489384,511.13404397430384
2467,0,0,0,351,2,5,21,0.19722419138997793,0.08462062571197748,288.31654638451886,572.8696374197698
2468,0,0,0,325,31,2,17,0.46977853984571993,0.7659584856592119,302.97459354552524,725.9866759489502
2469,0,0,0,18,48,5,30,0.6061688305344433,0.4517896354664117,285.8331960573934,644.9416699120655
2470,1,1,1,413,8,3,18,0.49811370903626084,0.8910799578297883,369.6707600038908,666.5968292520226
2471,0,0,1,421,12,5,20,0.016379052540287375,0.8120638781692833,220.2447649975232,564.734929522379
2472,1,1,0,177,19,5,23,0.48323641112074256,0.5905635331291705,347.55634442269115,669.7778460674158
2473,0,1,0,450,30,4,23,0.8535007652826607,0.9145373487845063,329.8446027083694,682.9616648441645
2474,0,0,0,414,39,3,29,0.7841161577962339,0.6968751777894795,291.45318906557515,640.4771547987161
2475,1,1,0,334,20,1,21,0.4666645280085504,0.9181476451922208,326.7555615260549,703.8027091746249
2476,0,0,0,454,31,9,17,0.46977853984571993,0.7659584856592119,299.39459996293914,679.8437689895638
2477,0,0,0,359,41,1,22,0.24443748919293284,0.13247077818959951,296.01961082828063,653.8516918380672
2478,0,0,1,279,45,6,18,0.8977528435643762,0.5364251248538494,328.60016599173315,680.4322149191496
2479,0,0,0,43,31,4,16,0.46977853984571993,0.7659584856592119,295.06317339060524,582.3711338529516
2480,0,0,1,33,9,8,21,0.013315835734829307,0.08963611628860235,269.8361633944296,537.4439915949354
2481,1,0,0,220,38,5,15,0.9087103542406112,0.1694229245185852,379.29354968090445,745.7323005674323
2482,0,0,0,151,24,6,17,0.14149569114670157,0.8747874984983355,279.72046871055454,583.5099047379705
2483,0,0,0,200,35,6,19,0.6349153537303209,0.31414990592747927,266.1817049767187,614.1883323168363
2484,1,0,0,445,38,9,16,0.9087103542406112,0.1694229245185852,348.8922836476213,670.2106864196553
2485,0,0,1,226,21,9,24,0.9842240803409368,0.6037942769471556,307.4037174031989,615.6627775742487
2486,0,0,1,147,16,5,19,0.8112564436160028,0.26610612077638507,319.9661382626629,667.707897251424
2487,0,0,1,187,47,3,20,0.3773106967564672,0.7403151453472674,304.1072514188123,507.7618160676755
2488,1,0,0,138,14,5,17,0.14216354000382125,0.6515949983149767,259.34833070207515,529.195864285915
2489,0,0,0,203,50,3,17,0.9892466596793383,0.7492987331934273,310.0983965255222,688.5783528295094
2490,0,0,1,94,32,2,21,0.39761656103655696,0.7758463725913316,267.8006348982327,534.0518405133647
2491,1,1,0,287,15,3,22,0.21112623764202,0.9238038510084152,300.5404196763998,628.0118883236116
2492,0,0,1,64,45,1,18,0.8977528435643762,0.5364251248538494,300.63192872270906,605.6681939311119
2493,0,0,0,70,25,7,23,0.8063855252694339,0.0688752664718777,300.4316315476615,658.891304553175
2494,0,0,0,117,39,8,23,0.7841161577962339,0.6968751777894795,269.10216989859106,554.7645185691005
2495,0,1,0,279,45,6,18,0.8977528435643762,0.5364251248538494,311.0230993950358,669.1958489498212
2496,0,0,0,8,25,5,23,0.8063855252694339,0.0688752664718777,285.6243596009404,665.0930480391185
2497,0,0,0,18,48,5,30,0.6061688305344433,0.4517896354664117,300.4582240148907,559.4543408391653
2498,0,0,0,35,29,8,25,0.5533483980689198,0.980351353995502,287.2023040904951,585.2380693072311
2499,1,0,0,269,15,10,18,0.21112623764202,0.9238038510084152,250.6201802970211,466.9538298150812
2500,0,0,1,362,27,5,23,0.042702050879597664,0.5714270058088005,276.1407495476128,536.1840731050986
2501,0,0,1,121,30,7,24,0.8535007652826607,0.9145373487845063,314.54965710498266,734.9501031026253
2502,0,0,1,338,7,3,26,0.9787284394260496,0.14397736149840057,290.91341529902013,605.7793850814993
2503,1,0,0,402,2,6,20,0.19722419138997793,0.08462062571197748,273.11809544716516,617.0075670110431
2504,0,1,1,270,29,7,22,0.5533483980689198,0.980351353995502,245.35005120732995,462.6343959499654
2505,1,0,0,450,30,4,23,0.8535007652826607,0.9145373487845063,333.2478893819852,666.7260722710317
2506,1,0,0,404,11,4,17,0.775893080746755,0.774874358670786,352.0305470947615,778.9086558286948
2507,0,1,0,190,10,7,25,0.25994612858630717,0.03773271921090782,248.14071266920064,515.7874100703881
2508,0,0,0,52,33,9,17,0.8046367336064577,0.31251504993997514,317.3688457882009,634.1177264785895
2509,0,0,1,240,17,8,20,0.03654719586484134,0.2661329871043563,235.1293838578908,601.230023730442
2510,1,0,1,54,41,3,19,0.24443748919293284,0.13247077818959951,299.7529576641485,593.0412538392767
2511,0,0,1,24,35,2,27,0.6349153537303209,0.31414990592747927,246.33107725006374,418.79542978650227
2512,1,0,0,420,12,8,22,0.016379052540287375,0.8120638781692833,213.06637412784045,437.6332066422967
2513,1,1,0,329,6,3,18,0.7426119421143085,0.6856354165356606,362.04300878582166,685.2488325787585
2514,0,1,0,384,7,4,21,0.9787284394260496,0.14397736149840057,320.67607740706165,678.4909635640686
2515,0,1,0,101,7,5,15,0.9787284394260496,0.14397736149840057,269.26576867156774,547.759591810725
2516,0,0,0,433,23,8,29,0.03834434738382697,0.6661178111098707,298.4526218509497,656.80974890296
2517,0,1,0,400,3,6,19,0.978013844229281,0.1299455715343356,340.7139945036679,546.2318127887488
2518,0,0,0,376,36,2,28,0.49425172130577266,0.7565638932865113,264.52422714793073,504.9462263822514
2519,0,1,0,245,41,6,30,0.24443748919293284,0.13247077818959951,284.4739804004486,556.8187983146469
2520,0,0,1,236,38,4,18,0.9087103542406112,0.1694229245185852,273.3450933486972,493.994127989474
2521,0,0,0,334,20,1,21,0.4666645280085504,0.9181476451922208,338.07797402604103,708.3321595075755
2522,1,1,1,269,15,10,18,0.21112623764202,0.9238038510084152,311.2559737560017,640.1513079502349
2523,1,0,1,82,27,3,27,0.042702050879597664,0.5714270058088005,301.89664519817643,609.181145784048
2524,0,1,0,119,29,3,20,0.5533483980689198,0.980351353995502,325.8590863490495,675.9097452322895
2525,0,0,0,390,6,6,25,0.7426119421143085,0.6856354165356606,304.61053649998934,719.2483136248101
2526,0,0,0,482,42,5,19,0.5309706551488489,0.07851310959085822,346.57403097734846,718.6252209292188
2527,1,0,0,9,19,5,21,0.48323641112074256,0.5905635331291705,320.0866031648869,571.7748211082588
2528,0,0,0,298,10,2,20,0.25994612858630717,0.03773271921090782,251.243702593498,511.3171120963689
2529,0,0,0,480,47,2,22,0.3773106967564672,0.7403151453472674,284.5591154197383,531.5901090782227
2530,1,1,0,57,24,5,24,0.14149569114670157,0.8747874984983355,310.5175152033696,618.9594121556631
2531,0,0,0,331,9,2,10,0.013315835734829307,0.08963611628860235,254.30169538127433,645.95443629986
2532,0,0,0,294,50,9,17,0.9892466596793383,0.7492987331934273,317.4512673089904,641.2933837313047
2533,1,0,0,140,38,3,18,0.9087103542406112,0.1694229245185852,357.6769358960662,663.0357816645936
2534,1,1,0,199,7,7,24,0.9787284394260496,0.14397736149840057,331.4328021922053,636.1253781348184
2535,1,0,0,96,6,4,15,0.7426119421143085,0.6856354165356606,326.277253358665,632.9033161178464
2536,1,1,0,211,16,8,23,0.8112564436160028,0.26610612077638507,347.76681353810045,716.0479302221322
2537,0,1,0,112,19,5,30,0.48323641112074256,0.5905635331291705,284.6963927959298,525.8539236402177
2538,0,0,0,400,3,6,19,0.978013844229281,0.1299455715343356,328.5469368087968,656.5853356660962
2539,0,1,0,466,29,6,18,0.5533483980689198,0.980351353995502,246.35972918254004,520.5044619857889
2540,0,0,0,179,28,1,17,0.6121745223645121,0.048944066278636456,327.2188674899728,682.699575442321
2541,0,1,0,409,48,9,16,0.6061688305344433,0.4517896354664117,328.1147268941698,619.1670746820546
2542,0,0,1,495,44,0,14,0.9833834334276617,0.5796247583348304,325.63111612988877,568.2899194818694
2543,0,0,0,7,47,3,17,0.3773106967564672,0.7403151453472674,279.30108022537905,627.4590605007093
2544,0,0,0,399,24,2,14,0.14149569114670157,0.8747874984983355,275.540667384509,502.27854715602757
2545,0,0,0,15,37,6,21,0.28013089881278574,0.967524380190298,254.70468590264161,522.8476329445086
2546,1,0,1,2,8,3,15,0.49811370903626084,0.8910799578297883,304.25476255235225,635.5276926097329
2547,0,0,0,488,1,9,17,0.774368490325287,0.06913358555175364,325.1538558352653,684.9795086129621
2548,1,1,0,56,18,3,28,0.8916374130640179,0.9109178960788995,336.46502429994916,741.4813551597775
2549,1,0,0,59,31,6,14,0.46977853984571993,0.7659584856592119,319.784934316935,658.1549534631802
2550,0,0,0,229,27,6,14,0.042702050879597664,0.5714270058088005,321.4918106592778,595.0546361062004
2551,1,0,0,254,4,3,19,0.20132735022343695,0.74613202130422,274.7632599846881,598.9645228396092
2552,0,0,0,286,41,6,18,0.24443748919293284,0.13247077818959951,261.02035756848693,492.64967946760567
2553,0,0,1,86,22,4,19,0.6013455470092595,0.32826394867151976,298.4615383174605,633.3722066173057
2554,1,1,0,275,1,5,12,0.774368490325287,0.06913358555175364,323.57791610780725,600.5326847822921
2555,0,0,0,199,7,7,24,0.9787284394260496,0.14397736149840057,285.9033251470998,579.5110658907378
2556,0,0,0,498,31,5,13,0.46977853984571993,0.7659584856592119,314.45414647212556,641.7160369249401
2557,0,0,0,125,38,5,23,0.9087103542406112,0.1694229245185852,343.90626772541486,698.0447158229705
2558,0,1,0,348,12,6,32,0.016379052540287375,0.8120638781692833,246.8530223613591,556.9170031614301
2559,0,1,0,344,50,7,16,0.9892466596793383,0.7492987331934273,293.8420819245895,605.1098370172895
2560,1,0,0,290,39,0,22,0.7841161577962339,0.6968751777894795,319.2746531586338,710.813736999436
2561,0,0,1,426,42,5,11,0.5309706551488489,0.07851310959085822,300.26762655410414,549.203210516212
2562,0,0,0,430,31,2,20,0.46977853984571993,0.7659584856592119,298.17573393115975,590.3680953449598
2563,0,0,0,490,34,7,20,0.5088973850943148,0.8422173084691167,245.23278972609836,579.9879494530466
2564,0,1,0,358,1,1,29,0.774368490325287,0.06913358555175364,329.0541810037571,672.4096282521749
2565,0,0,0,250,28,7,21,0.6121745223645121,0.048944066278636456,346.12754190634865,679.508886840305
2566,0,0,0,314,9,6,20,0.013315835734829307,0.08963611628860235,297.3942769076019,630.4924878730715
2567,0,0,0,268,18,7,24,0.8916374130640179,0.9109178960788995,301.9482564073613,645.0129333548417
2568,1,0,0,312,50,3,22,0.9892466596793383,0.7492987331934273,335.836749366197,656.8168803970044
2569,0,0,1,469,50,7,28,0.9892466596793383,0.7492987331934273,279.7868646008596,587.571476452936
2570,0,1,0,233,47,3,19,0.3773106967564672,0.7403151453472674,266.1459790703121,551.7735730361292
2571,0,0,1,38,38,3,21,0.9087103542406112,0.1694229245185852,362.95079397106815,735.0678013716037
2572,0,0,0,398,47,4,13,0.3773106967564672,0.7403151453472674,269.6473508237636,497.7587473826843
2573,1,1,0,291,39,6,15,0.7841161577962339,0.6968751777894795,372.36026496203016,784.9464626435531
2574,0,1,1,26,38,2,23,0.9087103542406112,0.1694229245185852,322.7573982740689,662.4398239437038
2575,1,0,0,471,35,5,20,0.6349153537303209,0.31414990592747927,323.0697693174399,765.7545956187067
2576,1,0,0,296,31,10,14,0.46977853984571993,0.7659584856592119,270.17859664971627,473.83045479712456
2577,0,0,0,246,19,6,19,0.48323641112074256,0.5905635331291705,311.3502090781169,668.4651688342958
2578,0,0,0,123,7,5,17,0.9787284394260496,0.14397736149840057,334.2027090846132,718.6654794877142
2579,1,0,0,490,34,7,20,0.5088973850943148,0.8422173084691167,248.97907693416334,545.6315569085923
2580,0,0,1,152,17,4,17,0.03654719586484134,0.2661329871043563,194.17247338769263,411.0282539766661
2581,0,1,0,431,27,5,21,0.042702050879597664,0.5714270058088005,308.28775405030217,562.9938781910266
2582,1,1,0,279,45,6,18,0.8977528435643762,0.5364251248538494,324.1776956011188,635.2019979059506
2583,1,0,0,378,16,9,18,0.8112564436160028,0.26610612077638507,346.5303031445713,648.4925914699689
2584,0,0,0,64,45,1,18,0.8977528435643762,0.5364251248538494,278.76628760906294,625.8724450937403
2585,0,1,1,466,29,6,18,0.5533483980689198,0.980351353995502,248.68127752371112,483.8790334171966
2586,0,0,0,425,2,5,14,0.19722419138997793,0.08462062571197748,285.3228575358105,531.1890250367742
2587,0,0,1,439,17,6,23,0.03654719586484134,0.2661329871043563,264.9904936483145,587.159770557998
2588,1,0,1,194,40,3,17,0.5589970224536955,0.8726507888641208,310.93385352986877,624.3715853400633
2589,1,0,1,51,40,11,23,0.5589970224536955,0.8726507888641208,298.8155594289869,548.8465707815549
2590,1,1,0,319,50,4,21,0.9892466596793383,0.7492987331934273,352.8968071967848,794.3003503626703
2591,1,0,1,19,38,6,21,0.9087103542406112,0.1694229245185852,377.906860536274,802.8959760455274
2592,0,0,1,61,2,1,20,0.19722419138997793,0.08462062571197748,192.05428095410286,467.1207240977955
2593,0,0,1,262,23,5,27,0.03834434738382697,0.6661178111098707,265.98584912823736,571.7382057407552
2594,0,1,0,346,41,8,26,0.24443748919293284,0.13247077818959951,281.9536917067178,627.9378534392123
2595,0,0,1,169,39,3,31,0.7841161577962339,0.6968751777894795,313.190594803481,527.9602453625165
2596,0,0,0,156,6,4,19,0.7426119421143085,0.6856354165356606,296.189113324942,560.3592394027902
2597,0,0,0,331,9,2,10,0.013315835734829307,0.08963611628860235,222.61570590149287,486.2384350343952
2598,0,0,0,343,38,2,20,0.9087103542406112,0.1694229245185852,289.823055345821,574.4334121450935
2599,0,1,0,276,24,6,16,0.14149569114670157,0.8747874984983355,307.0955002695584,553.882663056394
2600,0,0,1,275,1,5,12,0.774368490325287,0.06913358555175364,280.7446507674071,523.7338702694858
2601,0,0,1,91,32,3,18,0.39761656103655696,0.7758463725913316,212.01395776264238,402.89058111933844
2602,0,1,0,135,9,4,17,0.013315835734829307,0.08963611628860235,281.1777529415713,625.8101807943924
2603,0,1,0,297,3,8,23,0.978013844229281,0.1299455715343356,295.55654917554864,715.4526109937125
2604,0,0,0,348,12,6,32,0.016379052540287375,0.8120638781692833,232.64690661802373,474.52060325699506
2605,0,0,0,89,41,5,23,0.24443748919293284,0.13247077818959951,250.95152178068437,527.6660340115088
2606,0,0,1,360,29,7,33,0.5533483980689198,0.980351353995502,254.4569486996423,564.8259778800843
2607,1,1,0,303,38,5,18,0.9087103542406112,0.1694229245185852,349.43542759714285,702.0623880770979
2608,0,0,1,300,20,5,13,0.4666645280085504,0.9181476451922208,216.51826729751457,495.5368300347367
2609,1,1,0,483,6,6,23,0.7426119421143085,0.6856354165356606,334.93262553334114,732.9915202160254
2610,1,0,1,477,14,4,25,0.14216354000382125,0.6515949983149767,272.7038473539569,541.510988905145
2611,0,1,1,390,6,6,25,0.7426119421143085,0.6856354165356606,333.5802131697697,689.1947295997699
2612,0,0,0,289,12,4,23,0.016379052540287375,0.8120638781692833,263.91072574071035,656.5207288418034
2613,1,0,0,264,44,3,16,0.9833834334276617,0.5796247583348304,345.21043990955457,753.4255171001209
2614,0,0,1,360,29,7,33,0.5533483980689198,0.980351353995502,328.72678104569843,637.1052643033382
2615,0,0,0,227,44,10,24,0.9833834334276617,0.5796247583348304,279.3058541576889,454.45300365431046
2616,0,0,0,85,19,3,27,0.48323641112074256,0.5905635331291705,269.07825802827836,518.4781141163556
2617,0,0,0,109,27,2,33,0.042702050879597664,0.5714270058088005,217.7190826384387,432.5040851614324
2618,0,0,0,205,26,5,20,0.26668567629531026,0.7934630094096065,323.3746119942805,589.598922480729
2619,0,1,0,192,2,10,19,0.19722419138997793,0.08462062571197748,290.7256552042941,612.053110585638
2620,0,0,0,414,39,3,29,0.7841161577962339,0.6968751777894795,333.5905289056259,756.0822934974772
2621,0,1,1,396,29,5,18,0.5533483980689198,0.980351353995502,308.9105941931212,634.6471549627497
2622,1,1,0,186,36,3,15,0.49425172130577266,0.7565638932865113,338.49751908101575,672.2997307498515
2623,0,0,1,187,47,3,20,0.3773106967564672,0.7403151453472674,254.80984185419237,558.8309361889354
2624,0,1,1,128,22,3,25,0.6013455470092595,0.32826394867151976,267.97837788387255,575.5066470988681
2625,0,0,0,67,29,5,28,0.5533483980689198,0.980351353995502,264.8508977352073,497.2016697737446
2626,0,0,0,322,31,4,21,0.46977853984571993,0.7659584856592119,293.7985399920583,532.6087514551357
2627,0,1,0,256,10,9,27,0.25994612858630717,0.03773271921090782,197.6015775832925,550.1032289471324
2628,1,0,1,259,39,3,28,0.7841161577962339,0.6968751777894795,268.2768265322937,503.67969391611496
2629,0,0,0,300,20,5,13,0.4666645280085504,0.9181476451922208,223.03940048741265,460.5835746922469
2630,1,0,1,138,14,5,17,0.14216354000382125,0.6515949983149767,257.46491563248566,588.3299327330122
2631,0,1,0,347,2,3,14,0.19722419138997793,0.08462062571197748,265.08795106125706,553.8177608808962
2632,0,0,0,174,37,8,22,0.28013089881278574,0.967524380190298,257.94536961472704,593.4727963589876
2633,0,1,0,429,29,7,24,0.5533483980689198,0.980351353995502,282.6069685773218,520.3948628892874
2634,0,0,0,11,46,5,25,0.7385737628210336,0.10853192373178899,321.26701816639667,638.2595523781587
2635,0,1,0,174,37,8,22,0.28013089881278574,0.967524380190298,315.2660868839932,701.7178739100425
2636,0,0,1,310,29,6,16,0.5533483980689198,0.980351353995502,306.9452199846421,732.1920267595476
2637,0,0,1,343,38,2,20,0.9087103542406112,0.1694229245185852,303.40214712183325,561.9520003463451
2638,0,1,1,384,7,4,21,0.9787284394260496,0.14397736149840057,325.70309870980765,615.7562418666481
2639,1,1,1,178,47,4,18,0.3773106967564672,0.7403151453472674,309.33293734800475,670.59079473009206
2640,1,0,0,357,49,8,14,0.5121942616533488,0.6461082133464515,338.7796123633237,695.6257166865357
2641,1,1,0,400,3,6,19,0.978013844229281,0.1299455715343356,453.53128929905176,878.1227030598203
2642,0,0,0,340,14,2,21,0.14216354000382125,0.6515949983149767,228.16241474581938,535.82516096878
2643,0,0,0,202,44,6,16,0.9833834334276617,0.5796247583348304,319.8238651312621,634.6759168103537
2644,0,0,1,160,20,6,19,0.4666645280085504,0.9181476451922208,241.1575021891817,564.4367461307153
2645,0,1,0,15,37,6,21,0.28013089881278574,0.967524380190298,258.92278261077587,563.4946052819739
2646,0,0,0,145,14,2,23,0.14216354000382125,0.6515949983149767,282.4054788055324,605.3258900021855
2647,1,1,0,211,16,8,23,0.8112564436160028,0.26610612077638507,330.6691626212901,628.4737054242191
2648,0,0,0,271,38,3,20,0.9087103542406112,0.1694229245185852,355.0894462108746,772.2351861556543
2649,0,0,0,56,18,3,28,0.8916374130640179,0.9109178960788995,337.65828794288734,648.3402245646064
2650,0,0,0,198,13,4,20,0.09574478422291577,0.2606025456916541,245.68417207931446,468.4779146689502
2651,0,0,0,356,47,10,25,0.3773106967564672,0.7403151453472674,290.5794816101116,570.0214659010126
2652,0,1,0,437,22,1,25,0.6013455470092595,0.32826394867151976,328.30860668674114,628.5755247729489
2653,0,1,1,330,24,3,29,0.14149569114670157,0.8747874984983355,254.8506237024892,469.5432360484872
2654,0,1,0,127,28,4,22,0.6121745223645121,0.048944066278636456,358.69089508196026,751.7032511573079
2655,0,0,0,375,19,5,22,0.48323641112074256,0.5905635331291705,293.74456011765716,631.4826746215299
2656,0,0,1,315,3,6,23,0.978013844229281,0.1299455715343356,324.1331784780087,660.404683151896
2657,0,0,1,201,35,2,21,0.6349153537303209,0.31414990592747927,257.6454293759006,545.3394907498516
2658,0,1,0,3,8,4,20,0.49811370903626084,0.8910799578297883,287.5425402121445,546.2972523652086
2659,0,1,0,442,50,4,19,0.9892466596793383,0.7492987331934273,387.1487259022706,795.6475060942113
2660,1,0,0,25,20,7,18,0.4666645280085504,0.9181476451922208,343.75371709276396,601.4051357421225
2661,1,1,0,460,32,4,23,0.39761656103655696,0.7758463725913316,273.4856377886808,656.9006606258203
2662,0,0,1,352,26,9,23,0.26668567629531026,0.7934630094096065,269.08945362438755,579.0861037258686
2663,0,0,0,146,8,6,22,0.49811370903626084,0.8910799578297883,260.955525374074,589.4445640034066
2664,0,0,1,203,50,3,17,0.9892466596793383,0.7492987331934273,301.9835789247824,590.736729664384
2665,0,0,0,58,48,6,22,0.6061688305344433,0.4517896354664117,308.7625970078102,618.8778840893502
2666,1,1,1,302,19,4,20,0.48323641112074256,0.5905635331291705,376.1018631111343,746.5377163151314
2667,1,0,0,376,36,2,28,0.49425172130577266,0.7565638932865113,319.8378867182937,639.4334665458584
2668,0,1,1,135,9,4,17,0.013315835734829307,0.08963611628860235,259.3085428088984,485.5718874401246
2669,0,1,0,453,19,6,23,0.48323641112074256,0.5905635331291705,291.0475805498855,576.2002413752707
2670,0,1,1,296,31,10,14,0.46977853984571993,0.7659584856592119,309.660953961157,659.4396558842961
2671,1,0,1,204,45,11,19,0.8977528435643762,0.5364251248538494,333.0197318508595,834.3280082811536
2672,0,0,1,194,40,3,17,0.5589970224536955,0.8726507888641208,305.09626401243617,501.8809294887117
2673,0,0,0,218,49,8,27,0.5121942616533488,0.6461082133464515,242.70444392234378,502.188039346762
2674,0,0,1,270,29,7,22,0.5533483980689198,0.980351353995502,283.0373968952061,514.0763109578809
2675,1,1,1,122,44,5,21,0.9833834334276617,0.5796247583348304,384.24466342562204,755.3098891887686
2676,0,1,0,484,25,6,18,0.8063855252694339,0.0688752664718777,303.3686405667329,612.5050022262092
2677,1,0,1,33,9,8,21,0.013315835734829307,0.08963611628860235,288.02299296663426,596.5995494576349
2678,0,0,1,427,34,4,23,0.5088973850943148,0.8422173084691167,262.5827774480417,493.6549467133699
2679,0,0,0,214,15,4,20,0.21112623764202,0.9238038510084152,277.2108887689303,641.0224806458314
2680,1,0,0,394,42,5,28,0.5309706551488489,0.07851310959085822,326.94765951441667,607.4693257676613
2681,0,0,1,467,5,4,17,0.36124442727304995,0.0388791817240417,253.50989784744343,565.5104161722969
2682,0,1,0,353,8,6,23,0.49811370903626084,0.8910799578297883,318.9543753607965,711.9219832319678
2683,0,0,0,391,14,4,24,0.14216354000382125,0.6515949983149767,202.05219586240963,471.9481446383182
2684,0,0,0,433,23,8,29,0.03834434738382697,0.6661178111098707,231.98440943973728,587.012263483819
2685,0,0,0,485,38,5,21,0.9087103542406112,0.1694229245185852,308.91902577312175,654.4779518119873
2686,0,1,0,212,38,5,23,0.9087103542406112,0.1694229245185852,336.5858968744799,721.5486810839196
2687,0,0,0,136,23,6,20,0.03834434738382697,0.6661178111098707,270.34406885727566,595.1688527265575
2688,0,0,0,40,48,7,21,0.6061688305344433,0.4517896354664117,312.4768059582692,643.9357523461088
2689,0,0,0,109,27,2,33,0.042702050879597664,0.5714270058088005,302.02627950639487,634.6869190816006
2690,0,0,1,474,33,2,23,0.8046367336064577,0.31251504993997514,312.96925683545936,632.1739441170739
2691,0,0,0,254,4,3,19,0.20132735022343695,0.74613202130422,272.26844591479403,629.6055838132755
2692,0,0,0,447,31,1,18,0.46977853984571993,0.7659584856592119,318.1257870171829,669.6742960289391
2693,1,1,0,154,16,4,23,0.8112564436160028,0.26610612077638507,337.10729354708127,724.3962949866601
2694,0,0,1,450,30,4,23,0.8535007652826607,0.9145373487845063,272.52516755845204,569.7215330710193
2695,0,0,1,31,17,5,16,0.03654719586484134,0.2661329871043563,240.6074421354906,519.7893178231162
2696,0,0,0,403,41,3,27,0.24443748919293284,0.13247077818959951,250.7473506007397,452.2395438256222
2697,0,1,0,139,3,4,20,0.978013844229281,0.1299455715343356,307.31623526828537,605.8235120410317
2698,1,0,0,483,6,6,23,0.7426119421143085,0.6856354165356606,314.4543762653251,584.6711230725431
2699,0,1,0,158,19,2,24,0.48323641112074256,0.5905635331291705,254.1241002168866,513.8280377408895
2700,0,0,0,75,25,3,13,0.8063855252694339,0.0688752664718777,293.3993294865202,566.7466401195975
2701,0,0,1,399,24,2,14,0.14149569114670157,0.8747874984983355,246.76621060132723,614.3963067723541
2702,0,1,0,441,21,3,18,0.9842240803409368,0.6037942769471556,326.6661511674809,647.0918678508541
2703,0,1,0,455,50,3,19,0.9892466596793383,0.7492987331934273,323.9559425886976,635.0135569252794
2704,1,0,1,5,49,2,15,0.5121942616533488,0.6461082133464515,326.8161227591189,712.1023160781391
2705,0,0,0,48,10,5,21,0.25994612858630717,0.03773271921090782,285.308994588358,549.6404029950057
2706,0,0,1,469,50,7,28,0.9892466596793383,0.7492987331934273,295.9806935007068,764.8940201388446
2707,0,0,0,243,32,7,13,0.39761656103655696,0.7758463725913316,276.98167396240854,499.0194952214019
2708,0,0,1,411,5,4,17,0.36124442727304995,0.0388791817240417,237.7708339207422,531.306594598304
2709,1,1,0,44,29,3,19,0.5533483980689198,0.980351353995502,267.64756969231314,521.228964379985
2710,0,0,1,493,13,6,22,0.09574478422291577,0.2606025456916541,252.4992575486574,623.3978078298786
2711,0,0,0,496,41,4,22,0.24443748919293284,0.13247077818959951,293.8304184675369,635.0909660385134
2712,0,1,0,46,37,7,20,0.28013089881278574,0.967524380190298,274.0385636149157,606.9490454692011
2713,0,0,0,376,36,2,28,0.49425172130577266,0.7565638932865113,260.22767614154924,602.7980777097689
2714,0,0,0,214,15,4,20,0.21112623764202,0.9238038510084152,259.5797985797542,582.6988731909059
2715,0,1,0,258,23,3,21,0.03834434738382697,0.6661178111098707,332.95655801674087,700.6770551385179
2716,0,0,1,345,19,3,33,0.48323641112074256,0.5905635331291705,281.6144201468939,656.4658189672227
2717,0,1,0,189,1,9,26,0.774368490325287,0.06913358555175364,270.70357941972844,642.2880290360193
2718,0,0,0,11,46,5,25,0.7385737628210336,0.10853192373178899,295.38453707750614,629.4639566785332
2719,1,0,0,414,39,3,29,0.7841161577962339,0.6968751777894795,289.7621637639459,657.9953407314291
2720,0,0,0,195,38,7,15,0.9087103542406112,0.1694229245185852,359.33996481125894,757.5010609773298
2721,1,0,1,337,6,7,22,0.7426119421143085,0.6856354165356606,344.720929729572,728.2115852161618
2722,0,1,0,135,9,4,17,0.013315835734829307,0.08963611628860235,284.26444905833597,633.5989021248231
2723,0,0,0,413,8,3,18,0.49811370903626084,0.8910799578297883,259.4459159525868,521.8707707380257
2724,0,1,0,262,23,5,27,0.03834434738382697,0.6661178111098707,237.86081702009778,469.22436793777814
2725,0,0,0,384,7,4,21,0.9787284394260496,0.14397736149840057,334.5454829217898,626.7637901751666
2726,0,1,0,20,30,6,26,0.8535007652826607,0.9145373487845063,355.13962685994954,646.3481953920588
2727,1,0,0,112,19,5,30,0.48323641112074256,0.5905635331291705,320.30742372360663,616.1895316645466
2728,0,0,0,249,42,3,20,0.5309706551488489,0.07851310959085822,255.1676864318198,610.3418035249844
2729,1,1,0,136,23,6,20,0.03834434738382697,0.6661178111098707,333.4540184267904,662.4897338438561
2730,0,0,1,72,47,7,22,0.3773106967564672,0.7403151453472674,267.2185665735188,520.2324492441967
2731,1,0,0,481,3,7,21,0.978013844229281,0.1299455715343356,331.3420896168196,612.1896591958738
2732,0,0,0,264,44,3,16,0.9833834334276617,0.5796247583348304,318.004939383792,451.03487517461815
2733,0,1,1,225,9,7,22,0.013315835734829307,0.08963611628860235,249.70779799187198,524.1080618574323
2734,0,0,1,376,36,2,28,0.49425172130577266,0.7565638932865113,215.04993824481326,489.7218756498114
2735,0,0,0,342,36,4,9,0.49425172130577266,0.7565638932865113,289.2004011723213,535.8043611602219
2736,0,0,1,293,43,3,32,0.11839594203047454,0.37822385248728096,288.4858870174525,599.5080584558115
2737,0,1,1,485,38,5,21,0.9087103542406112,0.1694229245185852,333.78892075848614,689.5361487518758
2738,0,0,0,4,40,6,11,0.5589970224536955,0.8726507888641208,320.9985376190129,666.9680865345074
2739,1,0,0,496,41,4,22,0.24443748919293284,0.13247077818959951,282.3276260070632,577.0723194382635
2740,0,0,1,290,39,0,22,0.7841161577962339,0.6968751777894795,286.2525239195576,558.4463933577866
2741,0,0,1,257,4,7,24,0.20132735022343695,0.74613202130422,245.76248692841546,510.1721867510549
2742,0,0,0,38,38,3,21,0.9087103542406112,0.1694229245185852,293.44710426465736,570.5217166328171
2743,1,0,0,402,2,6,20,0.19722419138997793,0.08462062571197748,303.2092938061319,593.4431766133025
2744,0,1,1,333,1,2,36,0.774368490325287,0.06913358555175364,299.03867589809084,622.9585620254404
2745,0,0,1,261,35,5,19,0.6349153537303209,0.31414990592747927,337.94475934667906,748.883925471635
2746,1,0,1,154,16,4,23,0.8112564436160028,0.26610612077638507,358.3429753141861,701.6315671956952
2747,0,0,1,372,13,4,16,0.09574478422291577,0.2606025456916541,300.7445942943782,665.7922010251458
2748,0,0,0,289,12,4,23,0.016379052540287375,0.8120638781692833,242.43431417814773,620.409022997476
2749,0,0,0,207,24,6,18,0.14149569114670157,0.8747874984983355,254.90902983956036,492.15947406523435
2750,0,0,0,160,20,6,19,0.4666645280085504,0.9181476451922208,259.7258206457308,627.943436141271
2751,0,1,0,482,42,5,19,0.5309706551488489,0.07851310959085822,285.0994025974879,620.8036843183132
2752,0,0,1,367,45,6,16,0.8977528435643762,0.5364251248538494,284.54755862545477,625.4368282446275
2753,1,0,0,365,48,4,19,0.6061688305344433,0.4517896354664117,303.5615243454873,697.0445776968596
2754,1,0,1,50,50,4,23,0.9892466596793383,0.7492987331934273,389.5438900399351,727.4636811647506
2755,1,0,1,53,19,10,11,0.48323641112074256,0.5905635331291705,322.7240818444156,671.4569733011929
2756,0,0,1,100,39,5,21,0.7841161577962339,0.6968751777894795,317.89195027651965,613.4426100801762
2757,0,0,0,470,39,5,22,0.7841161577962339,0.6968751777894795,323.82219139659094,666.4954861786117
2758,0,1,0,11,46,5,25,0.7385737628210336,0.10853192373178899,356.5671690430789,684.5879285307519
2759,0,1,0,291,39,6,15,0.7841161577962339,0.6968751777894795,323.8576035971303,698.0603223916588
2760,0,0,1,293,43,3,32,0.11839594203047454,0.37822385248728096,259.2684865244987,494.89255134811714
2761,0,1,1,139,3,4,20,0.978013844229281,0.1299455715343356,342.3142934925253,755.965840577685
2762,0,0,0,295,4,3,28,0.20132735022343695,0.74613202130422,315.0980192762589,623.3426703081199
2763,1,0,0,387,43,12,24,0.11839594203047454,0.37822385248728096,323.0005359861418,761.0360215164111
2764,0,0,1,168,39,6,24,0.7841161577962339,0.6968751777894795,289.3963439189031,513.8893326188893
2765,0,0,1,407,15,6,19,0.21112623764202,0.9238038510084152,213.45839314719896,539.6000446272159
2766,1,0,1,49,1,5,20,0.774368490325287,0.06913358555175364,325.6017553056756,716.4899168750175
2767,0,1,0,115,26,6,26,0.26668567629531026,0.7934630094096065,289.852732933775,635.3843219189686
2768,0,0,0,315,3,6,23,0.978013844229281,0.1299455715343356,267.5093127055547,486.0765605772595
2769,0,0,1,115,26,6,26,0.26668567629531026,0.7934630094096065,301.25206447549743,705.9703637357346
2770,0,0,0,172,38,2,13,0.9087103542406112,0.1694229245185852,379.43338794462767,786.3399020134565
2771,0,0,1,482,42,5,19,0.5309706551488489,0.07851310959085822,278.8699028371979,592.599540025199
2772,1,0,0,100,39,5,21,0.7841161577962339,0.6968751777894795,318.5212224857376,703.8382928032909
2773,0,1,1,171,28,4,14,0.6121745223645121,0.048944066278636456,308.45558992609267,638.4456447212366
2774,0,1,0,296,31,10,14,0.46977853984571993,0.7659584856592119,215.02098313659744,378.6286763526177
2775,0,1,0,58,48,6,22,0.6061688305344433,0.4517896354664117,319.6378247030103,646.5826288402629
2776,0,0,1,412,18,5,29,0.8916374130640179,0.9109178960788995,286.840577129039,633.1333133443326
2777,0,1,0,494,41,3,24,0.24443748919293284,0.13247077818959951,331.63400901429713,640.023818488514
2778,0,0,0,382,21,4,28,0.9842240803409368,0.6037942769471556,321.99938191733014,628.2469397575845
2779,0,0,0,99,42,5,22,0.5309706551488489,0.07851310959085822,286.7873605530983,610.0305516723632
2780,1,1,1,437,22,1,25,0.6013455470092595,0.32826394867151976,339.7899546200246,669.981289340242
2781,0,0,0,162,31,3,23,0.46977853984571993,0.7659584856592119,298.69415006397867,565.463731973322
2782,0,0,0,340,14,2,21,0.14216354000382125,0.6515949983149767,275.7781357939629,552.4481090686251
2783,0,0,0,145,14,2,23,0.14216354000382125,0.6515949983149767,262.1504977902223,523.7456237585985
2784,0,0,1,33,9,8,21,0.013315835734829307,0.08963611628860235,249.6186791826509,550.0875929180814
2785,0,0,1,203,50,3,17,0.9892466596793383,0.7492987331934273,305.42661705218046,688.5004514975141
2786,0,0,0,272,44,5,19,0.9833834334276617,0.5796247583348304,307.0004040102822,608.517034857441
2787,0,0,1,153,10,6,20,0.25994612858630717,0.03773271921090782,279.9737729582218,509.34396495829606
2788,1,0,0,226,21,9,24,0.9842240803409368,0.6037942769471556,333.83803316677864,766.5529003697317
2789,1,0,0,308,30,6,25,0.8535007652826607,0.9145373487845063,315.0828757035525,646.6939093771803
2790,0,1,0,177,19,5,23,0.48323641112074256,0.5905635331291705,283.28679617505793,508.6626938285068
2791,1,0,1,355,2,0,14,0.19722419138997793,0.08462062571197748,306.37273710677914,563.7520420354386
2792,1,0,0,223,39,5,17,0.7841161577962339,0.6968751777894795,256.5868653463205,533.0297125442157
2793,0,1,1,129,23,1,19,0.03834434738382697,0.6661178111098707,228.142475493934,552.5950631125437
2794,0,1,1,237,28,3,17,0.6121745223645121,0.048944066278636456,314.82540456082035,613.1028299297924
2795,0,0,0,401,17,7,15,0.03654719586484134,0.2661329871043563,230.22737910049432,574.1986441052331
2796,1,1,0,307,7,7,27,0.9787284394260496,0.14397736149840057,362.44439679717044,789.4267130512535
2797,0,1,0,174,37,8,22,0.28013089881278574,0.967524380190298,264.5370182538402,617.4504420720307
2798,0,0,0,195,38,7,15,0.9087103542406112,0.1694229245185852,311.6022675958635,648.498921262502
2799,0,0,1,341,34,3,16,0.5088973850943148,0.8422173084691167,263.09202326817086,539.4077128572767
2800,0,0,0,42,48,5,20,0.6061688305344433,0.4517896354664117,338.922743315122,701.9092965634126
2801,1,1,0,363,35,5,21,0.6349153537303209,0.31414990592747927,375.97146621146857,705.2184316843873
2802,0,1,0,217,30,6,25,0.8535007652826607,0.9145373487845063,371.4869292129021,679.8629121061297
2803,1,0,0,428,38,11,25,0.9087103542406112,0.1694229245185852,302.1653016413102,662.8290850220095
2804,0,0,0,97,23,10,28,0.03834434738382697,0.6661178111098707,250.78582862225426,513.2056753928953
2805,0,0,0,264,44,3,16,0.9833834334276617,0.5796247583348304,328.72168041189593,613.2498020732049
2806,0,0,0,194,40,3,17,0.5589970224536955,0.8726507888641208,288.7713528178427,574.4857937128296
2807,0,1,1,490,34,7,20,0.5088973850943148,0.8422173084691167,307.396809226904,755.9208411750215
2808,0,0,0,104,9,3,21,0.013315835734829307,0.08963611628860235,268.53705073272005,579.732990140259
2809,0,1,1,36,41,6,20,0.24443748919293284,0.13247077818959951,273.6458279494211,550.7926128959418
2810,0,1,0,479,31,4,20,0.46977853984571993,0.7659584856592119,323.5231238159598,625.3519401463662
2811,0,1,0,92,32,3,21,0.39761656103655696,0.7758463725913316,330.24508924513924,622.6794273350524
2812,1,1,1,218,49,8,27,0.5121942616533488,0.6461082133464515,302.16316555649576,620.7308989558642
2813,0,0,0,318,34,3,21,0.5088973850943148,0.8422173084691167,294.09137410950837,640.0998671571032
2814,0,1,0,332,14,6,16,0.14216354000382125,0.6515949983149767,280.5094645287028,478.98668862730926
2815,0,0,0,480,47,2,22,0.3773106967564672,0.7403151453472674,283.7653424956552,674.8574057237199
2816,0,0,1,356,47,10,25,0.3773106967564672,0.7403151453472674,272.98498663502875,501.087527447736
2817,0,0,0,311,9,3,24,0.013315835734829307,0.08963611628860235,251.96522431803132,436.41693884587545
2818,0,0,1,342,36,4,9,0.49425172130577266,0.7565638932865113,256.3407841766217,390.7264742332252
2819,0,1,1,492,40,4,16,0.5589970224536955,0.8726507888641208,307.7095157525315,620.5099936585432
2820,0,0,0,197,29,8,24,0.5533483980689198,0.980351353995502,312.12786660069685,607.1551748392108
2821,0,0,0,45,11,3,17,0.775893080746755,0.774874358670786,296.85848385807265,685.1138248479851
2822,0,0,0,14,25,5,22,0.8063855252694339,0.0688752664718777,278.967232225019,587.5344081793826
2823,0,0,1,363,35,5,21,0.6349153537303209,0.31414990592747927,325.4761682677105,612.9429639148971
2824,0,1,0,423,49,5,22,0.5121942616533488,0.6461082133464515,262.7884674970742,624.5313185080411
2825,0,0,1,97,23,10,28,0.03834434738382697,0.6661178111098707,267.98014965100873,658.9925557932853
2826,0,0,0,237,28,3,17,0.6121745223645121,0.048944066278636456,291.49964191245283,633.8455018429057
2827,0,0,1,289,12,4,23,0.016379052540287375,0.8120638781692833,249.43357301000543,508.45792111006153
2828,1,1,1,361,8,4,20,0.49811370903626084,0.8910799578297883,301.5609468764058,608.961733047989
2829,0,0,0,404,11,4,17,0.775893080746755,0.774874358670786,318.6091893412737,665.5217903574572
2830,1,0,1,367,45,6,16,0.8977528435643762,0.5364251248538494,330.1013655111937,679.8804124914942
2831,0,0,0,173,33,8,23,0.8046367336064577,0.31251504993997514,280.88264349571324,555.3914744550918
2832,1,1,1,218,49,8,27,0.5121942616533488,0.6461082133464515,311.42992635758,595.9352170860323
2833,0,0,1,439,17,6,23,0.03654719586484134,0.2661329871043563,294.4607538642838,622.9357155730896
2834,1,0,1,35,29,8,25,0.5533483980689198,0.980351353995502,267.3774673555707,559.6863414220704
2835,0,1,0,164,3,5,26,0.978013844229281,0.1299455715343356,345.1347059562572,721.8234109028424
2836,1,0,0,190,10,7,25,0.25994612858630717,0.03773271921090782,321.2004542318153,635.6730592578598
2837,0,1,0,435,31,6,12,0.46977853984571993,0.7659584856592119,237.84860801825306,476.99631761215045
2838,0,0,1,66,43,4,21,0.11839594203047454,0.37822385248728096,187.86529107302107,347.1685909526537
2839,0,0,0,44,29,3,19,0.5533483980689198,0.980351353995502,295.9179881671018,639.5078468437978
2840,1,1,0,258,23,3,21,0.03834434738382697,0.6661178111098707,291.3360729409634,650.6269921123387
2841,0,1,1,263,39,5,14,0.7841161577962339,0.6968751777894795,335.30919311644635,664.315484547354
2842,0,0,0,472,45,6,13,0.8977528435643762,0.5364251248538494,272.5352724324976,550.7683593035091
2843,0,1,0,410,7,2,28,0.9787284394260496,0.14397736149840057,373.27246138005694,706.8648700243834
2844,1,0,1,412,18,5,29,0.8916374130640179,0.9109178960788995,295.53763250943024,619.4040592049441
2845,0,0,0,10,19,2,22,0.48323641112074256,0.5905635331291705,272.5366509838845,485.8146204531208
2846,0,1,1,491,39,7,21,0.7841161577962339,0.6968751777894795,338.27111231629993,656.227614536376
2847,0,0,1,408,33,5,16,0.8046367336064577,0.31251504993997514,322.180937065399,716.2912008633264
2848,1,1,0,204,45,11,19,0.8977528435643762,0.5364251248538494,323.2068984317813,713.9742312534717
2849,0,0,0,40,48,7,21,0.6061688305344433,0.4517896354664117,293.20536470667355,650.3850494900637
2850,0,0,1,164,3,5,26,0.978013844229281,0.1299455715343356,329.74615899250887,581.2218580314709
2851,0,0,1,296,31,10,14,0.46977853984571993,0.7659584856592119,289.35049223274194,570.1850035333462
2852,0,1,1,459,48,4,11,0.6061688305344433,0.4517896354664117,252.53093646849413,536.9033899943129
2853,0,1,0,106,33,4,18,0.8046367336064577,0.31251504993997514,374.4935512194017,762.9214560807305
2854,1,0,0,394,42,5,28,0.5309706551488489,0.07851310959085822,290.86170470886134,635.3161635362959
2855,0,0,0,157,46,8,28,0.7385737628210336,0.10853192373178899,276.2909406235049,667.096970938798
2856,0,1,0,442,50,4,19,0.9892466596793383,0.7492987331934273,361.3049293324661,688.1898170755421
2857,0,0,1,6,41,7,27,0.24443748919293284,0.13247077818959951,235.69859576424707,439.63187308992093
2858,1,1,0,26,38,2,23,0.9087103542406112,0.1694229245185852,376.5942378578127,759.046954500541
2859,0,1,0,259,39,3,28,0.7841161577962339,0.6968751777894795,268.3928191062037,482.7259468393987
2860,1,0,0,214,15,4,20,0.21112623764202,0.9238038510084152,261.2269005707318,567.5794759090963
2861,1,0,1,345,19,3,33,0.48323641112074256,0.5905635331291705,284.5824715237923,527.0160204825313
2862,1,1,1,29,23,3,18,0.03834434738382697,0.6661178111098707,327.171483878089,624.5673322679783
2863,1,1,1,47,33,7,27,0.8046367336064577,0.31251504993997514,335.43193569963813,742.7137409539217
2864,0,0,1,460,32,4,23,0.39761656103655696,0.7758463725913316,266.0181234303249,643.6459943750599
2865,0,0,1,338,7,3,26,0.9787284394260496,0.14397736149840057,332.65813455578825,684.7496466186736
2866,0,0,1,88,14,4,18,0.14216354000382125,0.6515949983149767,319.3313025269291,689.3715039707074
2867,0,0,1,488,1,9,17,0.774368490325287,0.06913358555175364,276.07041496722354,576.1180321496344
2868,0,0,1,250,28,7,21,0.6121745223645121,0.048944066278636456,343.8830257787663,773.8955583692691
2869,1,0,0,434,4,5,20,0.20132735022343695,0.74613202130422,320.5722445968255,655.0170818579585
2870,1,0,0,37,7,7,18,0.9787284394260496,0.14397736149840057,379.67676023468044,726.6781818582733
2871,0,0,1,232,21,8,29,0.9842240803409368,0.6037942769471556,308.5294286426125,730.9171450762091
2872,0,0,1,481,3,7,21,0.978013844229281,0.1299455715343356,346.7144255611966,681.2915412126583
2873,0,1,1,312,50,3,22,0.9892466596793383,0.7492987331934273,303.82776179494243,531.8811873234065
2874,0,0,0,387,43,12,24,0.11839594203047454,0.37822385248728096,230.07806672189867,440.29027193434155
2875,0,1,1,263,39,5,14,0.7841161577962339,0.6968751777894795,313.0518051885221,678.1921501320995
2876,0,0,0,265,27,5,24,0.042702050879597664,0.5714270058088005,272.13564122964766,623.206301960959
2877,1,0,0,406,32,6,19,0.39761656103655696,0.7758463725913316,243.64772280734698,507.4018902281077
2878,0,0,0,385,45,7,17,0.8977528435643762,0.5364251248538494,357.2354982282819,793.044568593129
2879,0,0,0,489,18,5,26,0.8916374130640179,0.9109178960788995,281.01988574612596,617.9319093183633
2880,0,0,0,473,9,5,11,0.013315835734829307,0.08963611628860235,288.78621790135776,591.5798313598742
2881,0,1,1,253,18,4,24,0.8916374130640179,0.9109178960788995,330.95601120286597,616.3587350567823
2882,0,0,1,320,40,6,20,0.5589970224536955,0.8726507888641208,310.45564156666245,576.0596423028085
2883,1,1,1,151,24,6,17,0.14149569114670157,0.8747874984983355,340.6561538262098,671.4642053851071
2884,0,1,0,427,34,4,23,0.5088973850943148,0.8422173084691167,303.58434114375444,652.0769160502255
2885,1,0,1,455,50,3,19,0.9892466596793383,0.7492987331934273,328.1834520099888,586.905597729358
2886,0,0,1,352,26,9,23,0.26668567629531026,0.7934630094096065,256.08550914018116,499.59867966019954
2887,1,0,1,157,46,8,28,0.7385737628210336,0.10853192373178899,303.8391578034443,601.5263380498376
2888,0,0,0,427,34,4,23,0.5088973850943148,0.8422173084691167,258.4097674610793,483.04392908415196
2889,0,0,0,128,22,3,25,0.6013455470092595,0.32826394867151976,301.3856713512307,588.2048640744075
2890,1,1,1,359,41,1,22,0.24443748919293284,0.13247077818959951,289.27959636381905,526.9011093432833
2891,1,1,1,280,42,4,15,0.5309706551488489,0.07851310959085822,352.4997465653446,691.4872633605129
2892,0,0,0,345,19,3,33,0.48323641112074256,0.5905635331291705,251.78700054942817,411.1086109637518
2893,0,0,0,37,7,7,18,0.9787284394260496,0.14397736149840057,344.974991127594,697.9223063410916
2894,0,1,0,154,16,4,23,0.8112564436160028,0.26610612077638507,325.9290875393392,653.3213757189551
2895,0,1,0,278,50,4,18,0.9892466596793383,0.7492987331934273,271.4311116590008,521.7476459483042
2896,1,0,0,307,7,7,27,0.9787284394260496,0.14397736149840057,340.79958397817285,656.9011200579312
2897,0,1,0,245,41,6,30,0.24443748919293284,0.13247077818959951,253.18012874067585,556.7407057652695
2898,1,0,1,133,20,7,11,0.4666645280085504,0.9181476451922208,271.61483618038153,654.251395762459
2899,0,1,0,139,3,4,20,0.978013844229281,0.1299455715343356,295.2660057171073,552.1947744153128
2900,0,0,1,463,47,8,21,0.3773106967564672,0.7403151453472674,248.0442904468012,612.8331504359875
2901,0,0,1,353,8,6,23,0.49811370903626084,0.8910799578297883,283.2525661866595,597.655631536639
2902,0,0,1,5,49,2,15,0.5121942616533488,0.6461082133464515,309.08914684718854,565.0198985386378
2903,0,1,0,260,10,4,22,0.25994612858630717,0.03773271921090782,293.79226894800706,629.4363649579315
2904,0,1,0,405,49,5,20,0.5121942616533488,0.6461082133464515,232.581878051869,428.44670238379285
2905,1,1,0,270,29,7,22,0.5533483980689198,0.980351353995502,358.31516616598776,758.0262956287305
2906,0,1,0,447,31,1,18,0.46977853984571993,0.7659584856592119,300.85269277179583,588.8448900620378
2907,1,1,1,74,43,6,13,0.11839594203047454,0.37822385248728096,269.47112350187047,576.1447004624054
2908,0,0,0,280,42,4,15,0.5309706551488489,0.07851310959085822,334.7474898706317,590.9568303860647
2909,0,1,0,167,21,6,21,0.9842240803409368,0.6037942769471556,406.90127125677486,782.2346100178825
2910,1,0,1,319,50,4,21,0.9892466596793383,0.7492987331934273,327.5005998226863,710.6562772972659
2911,1,0,1,136,23,6,20,0.03834434738382697,0.6661178111098707,291.6944555615156,600.9911618135177
2912,0,0,0,140,38,3,18,0.9087103542406112,0.1694229245185852,304.04776945332605,657.3291204374583
2913,1,0,1,408,33,5,16,0.8046367336064577,0.31251504993997514,310.12513873661186,652.7525343153839
2914,0,0,0,161,41,3,18,0.24443748919293284,0.13247077818959951,275.7136982101161,567.1258233916197
2915,1,0,1,140,38,3,18,0.9087103542406112,0.1694229245185852,321.42239970733215,623.1155427779051
2916,0,1,0,115,26,6,26,0.26668567629531026,0.7934630094096065,296.64184762388834,620.6567956010292
2917,0,0,0,176,17,10,21,0.03654719586484134,0.2661329871043563,240.9361488416007,588.7002040755159
2918,0,1,1,56,18,3,28,0.8916374130640179,0.9109178960788995,326.836895000487,697.6428885000191
2919,1,0,0,421,12,5,20,0.016379052540287375,0.8120638781692833,311.3180409204955,704.1703515634576
2920,0,1,0,388,50,5,24,0.9892466596793383,0.7492987331934273,341.3251056506329,591.3792745776818
2921,0,0,0,297,3,8,23,0.978013844229281,0.1299455715343356,278.13817972285415,595.7455762055728
2922,1,0,1,107,33,4,15,0.8046367336064577,0.31251504993997514,377.09877549756374,754.0376559982778
2923,0,0,0,151,24,6,17,0.14149569114670157,0.8747874984983355,256.67267834470033,512.3572889559942
2924,0,1,1,265,27,5,24,0.042702050879597664,0.5714270058088005,266.6466785256626,496.51778895816267
2925,0,1,0,3,8,4,20,0.49811370903626084,0.8910799578297883,260.3292043543361,591.7368048348534
2926,0,1,1,180,29,2,19,0.5533483980689198,0.980351353995502,322.75040222316807,664.8311552600875
2927,0,0,0,311,9,3,24,0.013315835734829307,0.08963611628860235,227.36052119689367,518.7875009200033
2928,1,0,1,103,5,6,17,0.36124442727304995,0.0388791817240417,320.26627096861677,706.0277959688647
2929,0,0,0,94,32,2,21,0.39761656103655696,0.7758463725913316,226.63405770816522,427.82230002918834
2930,0,1,0,153,10,6,20,0.25994612858630717,0.03773271921090782,259.0927289137475,541.8526634358747
2931,0,0,1,348,12,6,32,0.016379052540287375,0.8120638781692833,227.9180721436231,383.61004228496734
2932,0,0,0,410,7,2,28,0.9787284394260496,0.14397736149840057,326.38263080351345,684.2996649669981
2933,0,0,0,311,9,3,24,0.013315835734829307,0.08963611628860235,244.08065870927712,460.98708233395337
2934,0,1,1,70,25,7,23,0.8063855252694339,0.0688752664718777,324.3084034906043,621.4216709844013
2935,0,0,1,419,15,5,23,0.21112623764202,0.9238038510084152,242.35084561215407,526.5805607045522
2936,0,1,1,357,49,8,14,0.5121942616533488,0.6461082133464515,291.5942676628516,677.0535243828646
2937,0,0,0,389,10,7,21,0.25994612858630717,0.03773271921090782,231.3416887166885,519.3803622738727
2938,0,0,0,194,40,3,17,0.5589970224536955,0.8726507888641208,246.8490941790463,565.8719416504252
2939,1,0,0,413,8,3,18,0.49811370903626084,0.8910799578297883,301.9779886884319,681.8365189034117
2940,0,0,0,36,41,6,20,0.24443748919293284,0.13247077818959951,319.475219930796,636.3698359347826
2941,0,1,0,110,25,0,15,0.8063855252694339,0.0688752664718777,282.921401970766,499.2678414914842
2942,1,0,1,362,27,5,23,0.042702050879597664,0.5714270058088005,295.6403376613011,592.2621652928124
2943,0,0,0,113,29,5,24,0.5533483980689198,0.980351353995502,243.21140222936566,509.3968679480441
2944,0,0,1,157,46,8,28,0.7385737628210336,0.10853192373178899,304.5504736519869,680.2689741013033
2945,0,1,0,71,45,6,18,0.8977528435643762,0.5364251248538494,291.5843195162545,629.6380082886578
2946,0,0,0,49,1,5,20,0.774368490325287,0.06913358555175364,286.03635804850796,587.0491433260969
2947,0,0,0,156,6,4,19,0.7426119421143085,0.6856354165356606,297.62532642786203,561.7954611250057
2948,1,0,0,81,43,4,20,0.11839594203047454,0.37822385248728096,283.89170461966125,487.2989912308877
2949,0,1,0,107,33,4,15,0.8046367336064577,0.31251504993997514,307.6318670174953,660.5552838445202
2950,0,0,1,269,15,10,18,0.21112623764202,0.9238038510084152,260.64080681688955,487.190848132279
2951,1,1,0,242,41,5,15,0.24443748919293284,0.13247077818959951,301.34551313988703,526.64044753813
2952,0,0,0,93,29,2,12,0.5533483980689198,0.980351353995502,302.9773879120513,600.3424775443996
2953,0,0,0,249,42,3,20,0.5309706551488489,0.07851310959085822,303.08418533363937,646.7262773949612
2954,1,1,1,9,19,5,21,0.48323641112074256,0.5905635331291705,324.36591608354524,621.8653659503925
2955,0,0,0,388,50,5,24,0.9892466596793383,0.7492987331934273,322.6815706552962,642.4921245435652
2956,1,0,0,70,25,7,23,0.8063855252694339,0.0688752664718777,304.2547194846955,546.1124274157011
2957,0,0,0,124,28,3,18,0.6121745223645121,0.048944066278636456,217.14811270500667,470.02656788906853
2958,0,0,0,35,29,8,25,0.5533483980689198,0.980351353995502,316.7713676556613,623.8872724234349
2959,0,0,1,387,43,12,24,0.11839594203047454,0.37822385248728096,240.90416018362254,568.32017766176
2960,1,1,0,390,6,6,25,0.7426119421143085,0.6856354165356606,367.54909921251266,741.2541562619508
2961,0,1,1,225,9,7,22,0.013315835734829307,0.08963611628860235,314.46446140135663,688.4402137445823
2962,0,0,0,333,1,2,36,0.774368490325287,0.06913358555175364,311.8204671767249,677.8647622831764
2963,1,1,1,218,49,8,27,0.5121942616533488,0.6461082133464515,291.0349732493214,569.8574844479979
2964,0,1,0,379,27,7,22,0.042702050879597664,0.5714270058088005,297.95699074497617,632.1279013563427
2965,0,0,0,446,29,5,22,0.5533483980689198,0.980351353995502,269.8194640836888,611.8350874650517
2966,1,0,1,268,18,7,24,0.8916374130640179,0.9109178960788995,301.30686784695155,573.5605323816155
2967,0,0,1,310,29,6,16,0.5533483980689198,0.980351353995502,251.56811824138882,469.82980113005567
2968,0,0,0,143,36,8,9,0.49425172130577266,0.7565638932865113,260.01857303775233,567.0118158273701
2969,0,1,1,196,42,6,18,0.5309706551488489,0.07851310959085822,256.2657129867783,606.8981278764737
2970,1,0,1,18,48,5,30,0.6061688305344433,0.4517896354664117,312.183558814333,634.7316336413123
2971,0,0,0,451,3,6,18,0.978013844229281,0.1299455715343356,322.22454156233835,714.3279685837208
2972,0,1,0,109,27,2,33,0.042702050879597664,0.5714270058088005,224.64348336573397,483.6409305074272
2973,0,0,1,196,42,6,18,0.5309706551488489,0.07851310959085822,321.2384770758493,593.5428142951496
2974,0,1,0,278,50,4,18,0.9892466596793383,0.7492987331934273,311.2704765004048,560.9414641696768
2975,1,0,0,376,36,2,28,0.49425172130577266,0.7565638932865113,269.97208857800445,586.7457456673576
2976,1,1,0,424,35,3,19,0.6349153537303209,0.31414990592747927,330.9303677651007,665.8409615122762
2977,1,0,0,273,48,9,24,0.6061688305344433,0.4517896354664117,287.69239099014675,608.8991548470406
2978,0,0,0,380,6,8,17,0.7426119421143085,0.6856354165356606,311.63744247681626,652.4434253373905
2979,0,0,0,333,1,2,36,0.774368490325287,0.06913358555175364,275.2111801398431,599.9320877164253
2980,0,1,1,23,33,2,15,0.8046367336064577,0.31251504993997514,320.7104259914621,697.9033925786339
2981,1,0,1,108,30,4,23,0.8535007652826607,0.9145373487845063,298.9353358234487,627.1300564410437
2982,0,0,0,127,28,4,22,0.6121745223645121,0.048944066278636456,288.63348135545016,600.966819234208
2983,0,0,0,246,19,6,19,0.48323641112074256,0.5905635331291705,281.0305771998604,634.9133787294776
2984,1,0,0,226,21,9,24,0.9842240803409368,0.6037942769471556,388.5941641145941,788.8812029547639
2985,0,0,1,289,12,4,23,0.016379052540287375,0.8120638781692833,222.91176114258857,490.07533380443175
2986,0,0,0,406,32,6,19,0.39761656103655696,0.7758463725913316,260.1968854375888,574.4983773898828
2987,1,0,0,142,23,7,15,0.03834434738382697,0.6661178111098707,248.13580784898843,498.22656158170736
2988,0,1,0,363,35,5,21,0.6349153537303209,0.31414990592747927,280.12946455059233,569.5037861891593
2989,0,0,1,381,4,6,21,0.20132735022343695,0.74613202130422,269.4621074368155,489.8005890704169
2990,0,0,1,49,1,5,20,0.774368490325287,0.06913358555175364,329.91743906524823,701.7376088155492
2991,0,0,1,162,31,3,23,0.46977853984571993,0.7659584856592119,243.38620766137774,541.8431124668468
2992,0,0,1,97,23,10,28,0.03834434738382697,0.6661178111098707,256.4972804734588,544.3123333026201
2993,0,0,0,40,48,7,21,0.6061688305344433,0.4517896354664117,290.3548473842977,622.435816784729
2994,0,0,0,47,33,7,27,0.8046367336064577,0.31251504993997514,305.1127369432845,647.3640801512615
2995,0,1,0,257,4,7,24,0.20132735022343695,0.74613202130422,301.93152427582584,669.9153061270534
2996,1,0,0,153,10,6,20,0.25994612858630717,0.03773271921090782,304.80888810410033,599.2050725266715
2997,0,1,1,241,49,4,22,0.5121942616533488,0.6461082133464515,323.1080798208916,631.5232548583456
2998,0,0,0,451,3,6,18,0.978013844229281,0.1299455715343356,315.1706566245414,744.0690747183857
2999,0,1,0,229,27,6,14,0.042702050879597664,0.5714270058088005,302.2345725013162,565.7471679973405
3000,0,1,0,449,33,4,24,0.8046367336064577,0.31251504993997514,317.45130432848583,672.0726096628376
3001,0,0,0,362,27,5,23,0.042702050879597664,0.5714270058088005,264.6966437054985,548.4089261886862
3002,0,1,1,87,4,5,28,0.20132735022343695,0.74613202130422,319.5766997846862,696.5917681370571
3003,0,1,1,59,31,6,14,0.46977853984571993,0.7659584856592119,238.2579928728926,546.2653684781028
3004,0,0,1,157,46,8,28,0.7385737628210336,0.10853192373178899,250.00940618675105,515.3594910108026
3005,0,0,1,36,41,6,20,0.24443748919293284,0.13247077818959951,338.8822998490546,736.7675446250925
3006,0,0,1,11,46,5,25,0.7385737628210336,0.10853192373178899,307.3355025672183,672.5452748993505
3007,0,0,0,97,23,10,28,0.03834434738382697,0.6661178111098707,263.51944686148346,577.2657354655531
3008,0,0,0,5,49,2,15,0.5121942616533488,0.6461082133464515,280.1126248254508,577.8660338958965
3009,0,0,1,358,1,1,29,0.774368490325287,0.06913358555175364,320.2009122046355,706.3632814790432
3010,0,1,0,209,24,1,26,0.14149569114670157,0.8747874984983355,275.54561174861067,495.87763554293764
3011,0,0,0,424,35,3,19,0.6349153537303209,0.31414990592747927,298.4145735718061,639.9844191312725
3012,1,0,0,286,41,6,18,0.24443748919293284,0.13247077818959951,305.4585871084618,568.4922585295186
3013,0,1,0,272,44,5,19,0.9833834334276617,0.5796247583348304,329.3393424531905,618.8289685677912
3014,0,0,1,270,29,7,22,0.5533483980689198,0.980351353995502,299.757104357375,609.8115172795682
3015,0,0,1,188,41,1,18,0.24443748919293284,0.13247077818959951,253.57625080469032,581.4781086802387
3016,0,1,0,223,39,5,17,0.7841161577962339,0.6968751777894795,280.06749217426034,636.1200565381521
3017,0,1,0,354,38,3,27,0.9087103542406112,0.1694229245185852,267.7930540307423,579.8204231506372
3018,0,0,0,420,12,8,22,0.016379052540287375,0.8120638781692833,264.17752679986273,569.2440374189135
3019,0,0,0,237,28,3,17,0.6121745223645121,0.048944066278636456,324.93544417359135,667.2075651172032
3020,0,0,0,71,45,6,18,0.8977528435643762,0.5364251248538494,372.9906392416853,675.6264023715938
3021,0,0,0,232,21,8,29,0.9842240803409368,0.6037942769471556,355.9630885311035,747.9818992834041
3022,0,0,1,437,22,1,25,0.6013455470092595,0.32826394867151976,237.5407749568813,493.23934693064723
3023,0,0,1,160,20,6,19,0.4666645280085504,0.9181476451922208,278.81112877986584,651.5885604265721
3024,0,0,1,157,46,8,28,0.7385737628210336,0.10853192373178899,319.3820932010806,673.3254023771577
3025,0,0,0,243,32,7,13,0.39761656103655696,0.7758463725913316,298.9389892667743,620.9228151610852
3026,0,0,0,317,10,7,22,0.25994612858630717,0.03773271921090782,265.5285934136089,476.58245866889973
3027,0,0,0,420,12,8,22,0.016379052540287375,0.8120638781692833,233.01168008658945,409.5018144614514
3028,0,0,0,118,31,6,19,0.46977853984571993,0.7659584856592119,304.68606506899124,657.1832552363447
3029,0,1,0,262,23,5,27,0.03834434738382697,0.6661178111098707,297.51047499436027,581.6211564433854
3030,0,0,1,170,40,4,22,0.5589970224536955,0.8726507888641208,270.15486906054684,520.2673886913814
3031,0,0,0,260,10,4,22,0.25994612858630717,0.03773271921090782,272.9368908104605,628.5230831517624
3032,1,0,0,185,27,6,20,0.042702050879597664,0.5714270058088005,317.63637623457277,600.3413398456291
3033,0,1,0,283,49,3,20,0.5121942616533488,0.6461082133464515,317.7153555544766,695.7758467023559
3034,0,1,0,161,41,3,18,0.24443748919293284,0.13247077818959951,266.7576322033183,564.0191190865949
3035,0,0,1,239,46,4,15,0.7385737628210336,0.10853192373178899,289.9064416633875,627.113863781014
3036,0,0,0,189,1,9,26,0.774368490325287,0.06913358555175364,303.61567124854014,606.88667613935
3037,0,0,1,394,42,5,28,0.5309706551488489,0.07851310959085822,302.4155163717514,596.8597103278894
3038,1,0,1,442,50,4,19,0.9892466596793383,0.7492987331934273,344.24744381806096,621.8659859219237
3039,0,0,0,111,31,6,19,0.46977853984571993,0.7659584856592119,239.9559183694918,503.05149807965586
3040,0,0,0,223,39,5,17,0.7841161577962339,0.6968751777894795,309.38448746606963,634.9314335251779
3041,1,0,1,91,32,3,18,0.39761656103655696,0.7758463725913316,314.44856343416103,544.8158794215462
3042,0,0,1,407,15,6,19,0.21112623764202,0.9238038510084152,250.113029748229,556.3288835649091
3043,0,0,0,139,3,4,20,0.978013844229281,0.1299455715343356,286.51852064030146,626.1581015266211
3044,1,0,0,212,38,5,23,0.9087103542406112,0.1694229245185852,252.64758237147817,512.0101861580409
3045,0,0,1,304,50,4,18,0.9892466596793383,0.7492987331934273,301.04494374560517,576.4671524963654
3046,0,1,1,385,45,7,17,0.8977528435643762,0.5364251248538494,362.11896142518987,753.2429954461858
3047,0,1,1,380,6,8,17,0.7426119421143085,0.6856354165356606,297.430532347834,581.3883895631112
3048,0,1,0,82,27,3,27,0.042702050879597664,0.5714270058088005,208.46310216260954,449.84095613919936
3049,1,1,0,311,9,3,24,0.013315835734829307,0.08963611628860235,292.2621526478122,608.5680989790045
3050,0,0,0,159,25,1,14,0.8063855252694339,0.0688752664718777,350.8092294343404,675.6322008734587
3051,0,0,1,330,24,3,29,0.14149569114670157,0.8747874984983355,263.8198968178671,538.5217139149006
3052,0,0,0,162,31,3,23,0.46977853984571993,0.7659584856592119,270.0339401364653,536.1800465761451
3053,1,0,1,56,18,3,28,0.8916374130640179,0.9109178960788995,314.5880109309451,649.1300222715233
3054,0,1,0,36,41,6,20,0.24443748919293284,0.13247077818959951,271.3149948516082,516.8094343024823
3055,1,0,0,150,3,3,19,0.978013844229281,0.1299455715343356,298.01909753037137,570.3399095799434
3056,0,1,1,89,41,5,23,0.24443748919293284,0.13247077818959951,319.5325449802747,673.8292288320216
3057,0,0,0,452,6,5,16,0.7426119421143085,0.6856354165356606,359.38630004683847,770.4672672124268
3058,1,0,0,449,33,4,24,0.8046367336064577,0.31251504993997514,395.8471634341189,826.6704756003171
3059,0,0,1,468,48,6,14,0.6061688305344433,0.4517896354664117,265.68750466864367,467.4218598605476
3060,1,0,0,6,41,7,27,0.24443748919293284,0.13247077818959951,245.4927587627105,582.965733105088
3061,0,1,1,330,24,3,29,0.14149569114670157,0.8747874984983355,255.13300774763627,473.2202272550679
3062,0,1,1,374,33,6,16,0.8046367336064577,0.31251504993997514,367.99520688278676,682.5362312409937
3063,0,0,0,463,47,8,21,0.3773106967564672,0.7403151453472674,325.26453444304434,665.8648253063362
3064,0,0,1,394,42,5,28,0.5309706551488489,0.07851310959085822,327.4270693112971,773.6309248156015
3065,0,1,0,487,47,4,15,0.3773106967564672,0.7403151453472674,237.33276073797336,441.58567842832224
3066,0,0,0,411,5,4,17,0.36124442727304995,0.0388791817240417,250.8702774382421,550.7698108965939
3067,0,0,1,132,42,5,17,0.5309706551488489,0.07851310959085822,279.57524708418225,607.1932791210304
3068,0,1,1,391,14,4,24,0.14216354000382125,0.6515949983149767,254.78235447505045,537.627216319438
3069,1,0,0,143,36,8,9,0.49425172130577266,0.7565638932865113,317.45266813672316,572.8264463904843
3070,0,0,0,70,25,7,23,0.8063855252694339,0.0688752664718777,295.2129033186664,593.9495535188017
3071,0,0,0,276,24,6,16,0.14149569114670157,0.8747874984983355,181.85097435989942,499.2885525659972
3072,0,0,1,111,31,6,19,0.46977853984571993,0.7659584856592119,297.34488756114456,607.238699628412
3073,0,0,0,152,17,4,17,0.03654719586484134,0.2661329871043563,218.22972559774576,551.051452126891
3074,0,1,0,107,33,4,15,0.8046367336064577,0.31251504993997514,344.26825378336486,701.3983524317936
3075,1,1,0,305,28,5,17,0.6121745223645121,0.048944066278636456,349.4378544581901,755.3300272917544
3076,0,0,1,96,6,4,15,0.7426119421143085,0.6856354165356606,352.4226591768816,707.690086108673
3077,0,1,0,181,37,7,22,0.28013089881278574,0.967524380190298,290.9310393011048,645.2932855562358
3078,1,0,1,363,35,5,21,0.6349153537303209,0.31414990592747927,285.97454961517406,569.4234927833506
3079,0,0,0,497,42,5,19,0.5309706551488489,0.07851310959085822,310.8064620682313,569.2610281774365
3080,1,1,1,50,50,4,23,0.9892466596793383,0.7492987331934273,395.4369993470451,735.318147649548
3081,0,0,0,437,22,1,25,0.6013455470092595,0.32826394867151976,290.7230600200922,533.2724365641866
3082,0,0,1,339,33,4,20,0.8046367336064577,0.31251504993997514,342.13036047902506,655.920162642125
3083,1,0,0,256,10,9,27,0.25994612858630717,0.03773271921090782,325.6060012055273,599.4721581598254
3084,1,0,0,184,28,3,25,0.6121745223645121,0.048944066278636456,360.49158718127217,734.7125849533902
3085,0,1,0,275,1,5,12,0.774368490325287,0.06913358555175364,313.56446482120685,607.627502677278
3086,1,0,1,215,33,8,15,0.8046367336064577,0.31251504993997514,300.52360744453716,600.7789516175822
3087,0,1,1,399,24,2,14,0.14149569114670157,0.8747874984983355,268.0945977766261,508.9787281104808
3088,1,0,0,179,28,1,17,0.6121745223645121,0.048944066278636456,357.2533517228178,708.7150156213955
3089,0,1,1,135,9,4,17,0.013315835734829307,0.08963611628860235,217.35564594576704,476.18126126850774
3090,1,0,1,441,21,3,18,0.9842240803409368,0.6037942769471556,306.2112306112172,715.6982668805265
3091,1,0,1,206,8,5,13,0.49811370903626084,0.8910799578297883,330.4725765091125,659.3726251589976
3092,0,0,0,220,38,5,15,0.9087103542406112,0.1694229245185852,289.992189836802,596.5220124766724
3093,1,0,0,410,7,2,28,0.9787284394260496,0.14397736149840057,372.1213380210228,647.2876377443562
3094,0,1,1,345,19,3,33,0.48323641112074256,0.5905635331291705,322.2504259746168,653.8031015956706
3095,0,0,1,494,41,3,24,0.24443748919293284,0.13247077818959951,243.4590888845859,422.5847013064607
3096,0,1,0,376,36,2,28,0.49425172130577266,0.7565638932865113,303.7721849641015,537.3231210036472
3097,0,0,0,46,37,7,20,0.28013089881278574,0.967524380190298,327.9371208888691,647.3316673461486
3098,0,1,1,58,48,6,22,0.6061688305344433,0.4517896354664117,309.665568302556,644.324264737262
3099,1,1,0,41,11,5,27,0.775893080746755,0.774874358670786,312.5736528464212,695.8207021145479
3100,1,1,1,52,33,9,17,0.8046367336064577,0.31251504993997514,352.68538843969577,678.3129003001111
3101,1,0,1,415,34,6,13,0.5088973850943148,0.8422173084691167,241.15324702598875,441.267926335001
3102,1,0,0,28,29,3,18,0.5533483980689198,0.980351353995502,294.99980013231306,689.4277858457467
3103,0,0,1,17,30,6,13,0.8535007652826607,0.9145373487845063,311.6296037306736,681.0254766909118
3104,0,0,1,277,48,5,24,0.6061688305344433,0.4517896354664117,276.7439589053123,481.31869744321216
3105,0,0,0,430,31,2,20,0.46977853984571993,0.7659584856592119,300.7592815348165,601.3338292057226
3106,0,1,0,277,48,5,24,0.6061688305344433,0.4517896354664117,294.31337398922165,645.1815132539374
3107,1,1,1,32,44,2,22,0.9833834334276617,0.5796247583348304,416.79536988939884,732.8949769788023
3108,0,0,0,24,35,2,27,0.6349153537303209,0.31414990592747927,340.62243016286834,685.2464881702634
3109,1,0,1,402,2,6,20,0.19722419138997793,0.08462062571197748,320.29285046094805,645.618125407597
3110,0,0,0,453,19,6,23,0.48323641112074256,0.5905635331291705,202.20890170960428,493.3736375352803
3111,0,0,0,177,19,5,23,0.48323641112074256,0.5905635331291705,284.01316762386745,587.9144543785843
3112,1,0,0,51,40,11,23,0.5589970224536955,0.8726507888641208,298.4775865729088,682.4087704011331
3113,0,1,0,2,8,3,15,0.49811370903626084,0.8910799578297883,330.01372190916635,750.4132273957152
3114,0,0,0,76,38,9,17,0.9087103542406112,0.1694229245185852,317.1531188080043,768.1173147205774
3115,0,1,0,251,26,3,20,0.26668567629531026,0.7934630094096065,260.5138702635379,472.44625018219097
3116,0,1,0,368,14,2,14,0.14216354000382125,0.6515949983149767,240.920260790157,592.1023090166709
3117,0,1,1,334,20,1,21,0.4666645280085504,0.9181476451922208,314.76347631401234,672.5730155685852
3118,1,0,1,285,29,4,24,0.5533483980689198,0.980351353995502,277.39517288524786,639.7944069217183
3119,1,0,0,431,27,5,21,0.042702050879597664,0.5714270058088005,240.87047481067395,536.4180663080117
3120,0,0,1,217,30,6,25,0.8535007652826607,0.9145373487845063,262.47572856194296,571.641180317021
3121,0,0,0,381,4,6,21,0.20132735022343695,0.74613202130422,323.37589019382665,685.7580720632354
3122,1,0,1,414,39,3,29,0.7841161577962339,0.6968751777894795,350.3488775872761,757.4875043310365
3123,0,0,1,20,30,6,26,0.8535007652826607,0.9145373487845063,301.279421443664,669.344332734736
3124,0,0,0,80,19,3,18,0.48323641112074256,0.5905635331291705,275.59616848471836,442.2919997825354
3125,0,0,0,400,3,6,19,0.978013844229281,0.1299455715343356,290.8591381698375,565.637667538831
3126,0,1,0,22,31,2,14,0.46977853984571993,0.7659584856592119,249.90899648656108,484.91863545754467
3127,0,0,1,1,25,1,21,0.8063855252694339,0.0688752664718777,324.8513844798656,625.7067756627583
3128,0,0,0,378,16,9,18,0.8112564436160028,0.26610612077638507,318.7014153379739,587.4663184951443
3129,1,1,0,268,18,7,24,0.8916374130640179,0.9109178960788995,277.55959425452517,555.8544222207641
3130,0,1,0,464,41,4,26,0.24443748919293284,0.13247077818959951,293.06436029901914,636.9774705511062
3131,0,0,0,201,35,2,21,0.6349153537303209,0.31414990592747927,269.05349812697796,403.53378384677796
3132,1,1,1,387,43,12,24,0.11839594203047454,0.37822385248728096,333.7082969523406,762.6956901364106
3133,0,0,0,384,7,4,21,0.9787284394260496,0.14397736149840057,284.732437883761,570.0033254063108
3134,0,0,0,383,14,4,27,0.14216354000382125,0.6515949983149767,243.01288427930908,551.2315321824216
3135,0,1,0,142,23,7,15,0.03834434738382697,0.6661178111098707,248.2497883205753,457.934133352915
3136,1,0,0,33,9,8,21,0.013315835734829307,0.08963611628860235,303.2190943455737,675.4417009225906
3137,0,0,1,337,6,7,22,0.7426119421143085,0.6856354165356606,334.63868207417806,568.8044043103231
3138,0,0,0,42,48,5,20,0.6061688305344433,0.4517896354664117,259.6125508688955,527.9598719945865
3139,0,0,1,383,14,4,27,0.14216354000382125,0.6515949983149767,242.31523226901703,461.7640946413654
3140,0,0,1,59,31,6,14,0.46977853984571993,0.7659584856592119,341.21315720147703,678.021946760147
3141,0,0,0,349,28,3,19,0.6121745223645121,0.048944066278636456,290.65219086628474,581.4123916768204
3142,0,0,0,294,50,9,17,0.9892466596793383,0.7492987331934273,340.4503799538892,687.6898374807726
3143,0,0,0,71,45,6,18,0.8977528435643762,0.5364251248538494,356.26976101254513,733.6335086775707
3144,0,0,1,141,23,3,13,0.03834434738382697,0.6661178111098707,215.17201073830873,424.10200096991605
3145,0,0,1,498,31,5,13,0.46977853984571993,0.7659584856592119,300.0120767486406,579.3257647951169
3146,0,1,0,203,50,3,17,0.9892466596793383,0.7492987331934273,313.64939218932324,735.3409720143159
3147,0,0,0,54,41,3,19,0.24443748919293284,0.13247077818959951,310.76488542534275,594.0221084199958
3148,0,1,0,118,31,6,19,0.46977853984571993,0.7659584856592119,288.96142079889705,550.1813985093486
3149,1,1,0,59,31,6,14,0.46977853984571993,0.7659584856592119,281.5232912551717,537.1607346973042
3150,0,0,0,14,25,5,22,0.8063855252694339,0.0688752664718777,317.53394829008573,671.3891379649555
3151,1,0,0,41,11,5,27,0.775893080746755,0.774874358670786,307.3100268784509,612.6732133918583
3152,1,1,0,477,14,4,25,0.14216354000382125,0.6515949983149767,300.99230720615725,669.5376998755935
3153,0,0,0,428,38,11,25,0.9087103542406112,0.1694229245185852,362.6662073535123,745.039260353678
3154,0,1,0,72,47,7,22,0.3773106967564672,0.7403151453472674,306.0378132984068,639.4208922950107
3155,0,1,0,80,19,3,18,0.48323641112074256,0.5905635331291705,292.37196260810947,504.00133134331935
3156,0,1,1,353,8,6,23,0.49811370903626084,0.8910799578297883,255.09546190237046,454.92338412652157
3157,0,1,0,404,11,4,17,0.775893080746755,0.774874358670786,348.1561475264566,605.8503073780112
3158,0,0,0,109,27,2,33,0.042702050879597664,0.5714270058088005,209.46599178614196,399.52245497903687
3159,0,0,0,307,7,7,27,0.9787284394260496,0.14397736149840057,347.47569763583215,676.1608284952661
3160,0,1,1,37,7,7,18,0.9787284394260496,0.14397736149840057,264.08573376663645,616.2345741968145
3161,0,0,1,38,38,3,21,0.9087103542406112,0.1694229245185852,322.05205769160625,616.5278801843572
3162,1,0,0,299,8,4,18,0.49811370903626084,0.8910799578297883,341.1011024813031,712.2253665036181
3163,1,0,1,231,38,5,14,0.9087103542406112,0.1694229245185852,291.09568683102907,620.47679763503
3164,1,0,0,490,34,7,20,0.5088973850943148,0.8422173084691167,290.2417691937927,727.2434733343468
3165,1,1,1,17,30,6,13,0.8535007652826607,0.9145373487845063,383.1604477642369,708.5278349741034
3166,0,1,0,272,44,5,19,0.9833834334276617,0.5796247583348304,311.9042583409444,621.606561163581
3167,0,0,1,113,29,5,24,0.5533483980689198,0.980351353995502,309.60860278584977,581.3468091219253
3168,0,1,1,183,29,6,19,0.5533483980689198,0.980351353995502,286.4091255870384,668.4816676373745
3169,0,0,0,117,39,8,23,0.7841161577962339,0.6968751777894795,291.8220848333409,566.9339602032054
3170,0,0,0,400,3,6,19,0.978013844229281,0.1299455715343356,341.50925210980444,611.0354496717664
3171,0,1,1,489,18,5,26,0.8916374130640179,0.9109178960788995,285.74194610680377,624.8435299490279
3172,1,0,0,338,7,3,26,0.9787284394260496,0.14397736149840057,348.396888069336,745.157741468983
3173,0,1,0,216,36,4,27,0.49425172130577266,0.7565638932865113,335.83459971792166,668.4438107291803
3174,1,0,0,28,29,3,18,0.5533483980689198,0.980351353995502,332.34749519959615,659.7368364057716
3175,1,1,0,56,18,3,28,0.8916374130640179,0.9109178960788995,371.65577183643734,767.5623284213368
3176,0,1,0,430,31,2,20,0.46977853984571993,0.7659584856592119,234.3364455269525,447.84930781542556
3177,1,1,0,84,31,4,20,0.46977853984571993,0.7659584856592119,304.68026587593346,649.0357349788173
3178,0,0,0,382,21,4,28,0.9842240803409368,0.6037942769471556,313.12185917543314,714.2448940412203
3179,0,0,1,113,29,5,24,0.5533483980689198,0.980351353995502,277.6204850830753,569.525449207051
3180,0,1,1,351,2,5,21,0.19722419138997793,0.08462062571197748,286.2040569210062,617.0375645451182
3181,0,0,1,5,49,2,15,0.5121942616533488,0.6461082133464515,258.7969499222873,598.9703055800766
3182,0,0,0,87,4,5,28,0.20132735022343695,0.74613202130422,247.73788231201704,608.2257341947674
3183,0,0,1,29,23,3,18,0.03834434738382697,0.6661178111098707,262.71683371593554,496.87584332611
3184,1,1,0,115,26,6,26,0.26668567629531026,0.7934630094096065,312.89960174189815,641.9359779395191
3185,0,0,0,375,19,5,22,0.48323641112074256,0.5905635331291705,214.66434300048422,371.10999216521657
3186,1,0,0,38,38,3,21,0.9087103542406112,0.1694229245185852,296.8891977450304,600.256646069761
3187,0,1,0,6,41,7,27,0.24443748919293284,0.13247077818959951,295.7978750860151,612.4577909902749
3188,0,0,0,199,7,7,24,0.9787284394260496,0.14397736149840057,280.88109952495364,671.4154489943396
3189,0,1,0,24,35,2,27,0.6349153537303209,0.31414990592747927,315.1198401133846,641.5867243636371
3190,0,1,0,131,28,5,19,0.6121745223645121,0.048944066278636456,299.88636993692995,602.8578457694787
3191,0,0,0,165,13,5,14,0.09574478422291577,0.2606025456916541,303.1775622912003,671.0421265046033
3192,0,0,1,240,17,8,20,0.03654719586484134,0.2661329871043563,306.77723108694045,733.6147791510602
3193,0,1,1,75,25,3,13,0.8063855252694339,0.0688752664718777,360.09015598120646,659.3485329346715
3194,0,1,0,155,33,3,20,0.8046367336064577,0.31251504993997514,283.5261136114013,564.4907073839963
3195,0,0,0,302,19,4,20,0.48323641112074256,0.5905635331291705,296.08635939767436,623.1437176294801
3196,0,0,1,87,4,5,28,0.20132735022343695,0.74613202130422,237.1113873652089,523.6318840749701
3197,1,1,0,114,35,9,14,0.6349153537303209,0.31414990592747927,311.1064293701436,548.7460366328273
3198,0,0,1,61,2,1,20,0.19722419138997793,0.08462062571197748,265.1853513347059,525.9966435627125
3199,1,0,0,485,38,5,21,0.9087103542406112,0.1694229245185852,343.44024565944846,711.9335527697962
3200,1,0,0,195,38,7,15,0.9087103542406112,0.1694229245185852,279.88298649566656,564.2328837042118
3201,0,0,1,267,45,6,15,0.8977528435643762,0.5364251248538494,321.4630678463296,608.6028461126374
3202,1,0,1,449,33,4,24,0.8046367336064577,0.31251504993997514,313.27514692551154,666.8186259168485
3203,1,0,1,303,38,5,18,0.9087103542406112,0.1694229245185852,335.0994356933352,632.6502200774056
3204,0,1,1,178,47,4,18,0.3773106967564672,0.7403151453472674,285.5546613833109,673.03703632061
3205,0,0,1,405,49,5,20,0.5121942616533488,0.6461082133464515,314.2667167999284,607.7211878701305
3206,1,0,0,48,10,5,21,0.25994612858630717,0.03773271921090782,366.57260254742357,645.539515456056
3207,0,0,0,181,37,7,22,0.28013089881278574,0.967524380190298,290.91395502638704,616.3423913702679
3208,0,0,0,36,41,6,20,0.24443748919293284,0.13247077818959951,304.1659620432717,628.2756198749167
3209,0,1,0,264,44,3,16,0.9833834334276617,0.5796247583348304,338.55348289468736,714.4492234115359
3210,1,0,0,151,24,6,17,0.14149569114670157,0.8747874984983355,289.1670425421076,662.3263727226159
3211,0,1,0,197,29,8,24,0.5533483980689198,0.980351353995502,296.1064389511329,600.7632474746033
3212,0,1,1,190,10,7,25,0.25994612858630717,0.03773271921090782,261.03636391960083,606.0509137765384
3213,0,1,1,77,7,4,25,0.9787284394260496,0.14397736149840057,334.7760169420321,681.4389844805003
3214,0,0,0,491,39,7,21,0.7841161577962339,0.6968751777894795,336.9647950131505,702.0496847144636
3215,0,0,1,413,8,3,18,0.49811370903626084,0.8910799578297883,308.38715958144235,612.5446414310985
3216,0,0,1,74,43,6,13,0.11839594203047454,0.37822385248728096,254.9462591437055,495.4016292956008
3217,1,0,1,457,49,5,22,0.5121942616533488,0.6461082133464515,284.35517335045006,540.8757434676716
3218,1,1,0,446,29,5,22,0.5533483980689198,0.980351353995502,339.74553719396675,740.017717328015
3219,0,0,0,116,48,3,20,0.6061688305344433,0.4517896354664117,294.3058929854885,581.6214807128023
3220,0,0,0,337,6,7,22,0.7426119421143085,0.6856354165356606,330.9352627624594,635.6735974320379
3221,0,1,1,380,6,8,17,0.7426119421143085,0.6856354165356606,328.619852443178,647.7958110830417
3222,0,1,0,393,20,2,24,0.4666645280085504,0.9181476451922208,313.02353213130147,566.305203091078
3223,0,0,0,200,35,6,19,0.6349153537303209,0.31414990592747927,329.64979122225617,663.4176005515029
3224,1,0,0,227,44,10,24,0.9833834334276617,0.5796247583348304,278.45206489693896,537.6823622652535
3225,0,0,0,156,6,4,19,0.7426119421143085,0.6856354165356606,245.0060835896207,535.8190780856628
3226,0,0,0,393,20,2,24,0.4666645280085504,0.9181476451922208,234.5787149583697,443.609002299272
3227,0,0,0,47,33,7,27,0.8046367336064577,0.31251504993997514,319.40648800888647,605.3816844931109
3228,0,0,0,218,49,8,27,0.5121942616533488,0.6461082133464515,316.63972195993387,689.2390814370074
3229,0,0,0,483,6,6,23,0.7426119421143085,0.6856354165356606,325.02001862410356,712.5456611827864
3230,0,0,0,18,48,5,30,0.6061688305344433,0.4517896354664117,289.70727164466064,560.6512756012003
3231,1,0,0,63,47,5,28,0.3773106967564672,0.7403151453472674,296.2120507570703,506.8898588003445
3232,1,0,1,465,3,5,16,0.978013844229281,0.1299455715343356,365.1982689299077,745.8929774567629
3233,0,0,0,419,15,5,23,0.21112623764202,0.9238038510084152,219.71780020601062,451.29613334945
3234,0,1,1,267,45,6,15,0.8977528435643762,0.5364251248538494,326.4998684136162,671.9572369837548
3235,0,1,0,443,22,5,21,0.6013455470092595,0.32826394867151976,331.67805749681065,631.2461826355299
3236,1,0,0,124,28,3,18,0.6121745223645121,0.048944066278636456,346.25763861499735,627.4262722502106
3237,0,0,0,63,47,5,28,0.3773106967564672,0.7403151453472674,264.55977802537296,580.1099193731421
3238,0,0,0,288,13,2,11,0.09574478422291577,0.2606025456916541,238.7134535099722,507.3695599504733
3239,0,0,1,490,34,7,20,0.5088973850943148,0.8422173084691167,330.70491420488946,675.3658699737249
3240,0,0,0,375,19,5,22,0.48323641112074256,0.5905635331291705,295.2800494326791,598.1991104986869
3241,0,0,0,361,8,4,20,0.49811370903626084,0.8910799578297883,284.7158289500229,569.7663357546944
3242,0,1,0,338,7,3,26,0.9787284394260496,0.14397736149840057,335.4725657473556,735.108565987978
3243,0,0,1,360,29,7,33,0.5533483980689198,0.980351353995502,331.74360394564087,685.4842829611583
3244,1,0,0,54,41,3,19,0.24443748919293284,0.13247077818959951,321.76495074221043,607.8075624637765
3245,0,0,0,183,29,6,19,0.5533483980689198,0.980351353995502,272.4508460520226,506.4499668438059
3246,0,1,0,282,36,9,21,0.49425172130577266,0.7565638932865113,320.3687077926439,611.6285882544095
3247,1,0,0,118,31,6,19,0.46977853984571993,0.7659584856592119,285.4810456007293,590.8061170438672
3248,0,1,0,321,22,4,14,0.6013455470092595,0.32826394867151976,298.08380700064504,593.0605720384091
3249,0,1,0,128,22,3,25,0.6013455470092595,0.32826394867151976,332.14483407841055,608.6903367928463
3250,0,0,0,53,19,10,11,0.48323641112074256,0.5905635331291705,336.4215732812587,711.6180989834317
3251,0,0,1,457,49,5,22,0.5121942616533488,0.6461082133464515,274.7107137814951,663.8735227852031
3252,0,1,0,227,44,10,24,0.9833834334276617,0.5796247583348304,313.6462664467005,601.2141033761786
3253,0,0,0,149,10,11,16,0.25994612858630717,0.03773271921090782,273.29465412637234,526.8235622437252
3254,1,0,0,204,45,11,19,0.8977528435643762,0.5364251248538494,357.2788128325609,645.431832211497
3255,1,0,0,495,44,0,14,0.9833834334276617,0.5796247583348304,333.7443447533807,716.1146573585612
3256,0,0,0,375,19,5,22,0.48323641112074256,0.5905635331291705,246.15013461554742,459.9118675613822
3257,1,0,0,386,10,8,30,0.25994612858630717,0.03773271921090782,194.73788613808028,384.0922317890262
3258,0,0,0,228,9,9,21,0.013315835734829307,0.08963611628860235,234.8347432202561,556.5614915787589
3259,1,1,0,460,32,4,23,0.39761656103655696,0.7758463725913316,298.251867959189,639.2463139254197
3260,0,1,0,406,32,6,19,0.39761656103655696,0.7758463725913316,211.09607277252894,475.8383060840569
3261,0,0,0,14,25,5,22,0.8063855252694339,0.0688752664718777,326.71514366829297,637.976820120107
3262,0,0,0,83,34,5,24,0.5088973850943148,0.8422173084691167,259.14724740442074,565.1376392875281
3263,0,0,1,333,1,2,36,0.774368490325287,0.06913358555175364,352.84170724278687,625.3740134449613
3264,0,1,1,471,35,5,20,0.6349153537303209,0.31414990592747927,328.1856243955241,738.6923386902641
3265,1,0,0,124,28,3,18,0.6121745223645121,0.048944066278636456,414.8250538553934,854.3486231939446
3266,0,0,0,407,15,6,19,0.21112623764202,0.9238038510084152,212.63244596070035,445.7716088144427
3267,0,0,0,90,46,9,18,0.7385737628210336,0.10853192373178899,355.3342881458697,675.7275727015692
3268,0,1,1,392,47,7,15,0.3773106967564672,0.7403151453472674,254.60507774069572,644.0348246150028
3269,0,0,0,147,16,5,19,0.8112564436160028,0.26610612077638507,334.7187863961212,596.3727592277785
3270,1,0,1,461,14,5,18,0.14216354000382125,0.6515949983149767,240.44724703861053,573.5867256607672
3271,0,0,0,363,35,5,21,0.6349153537303209,0.31414990592747927,295.06264113138366,590.3086202950802
3272,0,0,1,243,32,7,13,0.39761656103655696,0.7758463725913316,281.104409456257,544.8304513929119
3273,0,0,1,454,31,9,17,0.46977853984571993,0.7659584856592119,275.7240768371131,536.4336173739297
3274,1,0,0,354,38,3,27,0.9087103542406112,0.1694229245185852,257.46723056412736,480.76654794822696
3275,0,1,0,154,16,4,23,0.8112564436160028,0.26610612077638507,344.67198423777415,686.3910034168659
3276,1,0,0,294,50,9,17,0.9892466596793383,0.7492987331934273,335.4534649996055,678.717783226621
3277,0,0,0,239,46,4,15,0.7385737628210336,0.10853192373178899,305.5291722311402,678.1645654535893
3278,0,0,0,1,25,1,21,0.8063855252694339,0.0688752664718777,367.787722634867,655.8841919055089
3279,0,1,1,470,39,5,22,0.7841161577962339,0.6968751777894795,298.8097717688747,693.2160608535296
3280,0,0,0,130,11,8,16,0.775893080746755,0.774874358670786,312.3751787953895,609.3877556159554
3281,0,0,1,85,19,3,27,0.48323641112074256,0.5905635331291705,296.77627002641555,645.8933220183942
3282,0,0,0,464,41,4,26,0.24443748919293284,0.13247077818959951,291.14196627992243,590.4773793531402
3283,0,0,0,38,38,3,21,0.9087103542406112,0.1694229245185852,339.0212185753927,642.8126187690664
3284,0,1,0,410,7,2,28,0.9787284394260496,0.14397736149840057,333.0691986845387,641.282715542306
3285,0,0,0,168,39,6,24,0.7841161577962339,0.6968751777894795,307.3098197239194,675.4553719474031
3286,0,0,0,258,23,3,21,0.03834434738382697,0.6661178111098707,225.83843138164846,437.5367994740582
3287,0,0,1,248,50,8,17,0.9892466596793383,0.7492987331934273,296.6104807296195,599.6171740401519
3288,0,0,0,228,9,9,21,0.013315835734829307,0.08963611628860235,262.41683549828616,672.3460087007862
3289,0,0,0,223,39,5,17,0.7841161577962339,0.6968751777894795,355.4403648879438,650.8555370099939
3290,0,0,0,370,27,6,21,0.042702050879597664,0.5714270058088005,223.0848572539886,556.2379935205174
3291,0,0,0,397,37,3,15,0.28013089881278574,0.967524380190298,282.6080688649666,590.7702917701118
3292,0,1,0,372,13,4,16,0.09574478422291577,0.2606025456916541,274.4235912750966,561.4685369660224
3293,0,0,0,65,43,10,24,0.11839594203047454,0.37822385248728096,283.38848455979803,590.797487147962
3294,0,0,1,149,10,11,16,0.25994612858630717,0.03773271921090782,231.58938598712382,480.1558005192114
3295,0,0,0,113,29,5,24,0.5533483980689198,0.980351353995502,316.4728782643229,651.4640397832877
3296,1,0,0,348,12,6,32,0.016379052540287375,0.8120638781692833,270.1938066368214,594.4103772957419
3297,1,0,0,287,15,3,22,0.21112623764202,0.9238038510084152,248.56311269687535,509.4329224190035
3298,0,0,1,383,14,4,27,0.14216354000382125,0.6515949983149767,255.9038885921327,557.2267568320406
3299,1,1,0,163,48,6,19,0.6061688305344433,0.4517896354664117,356.8625080433419,710.2723361416239
3300,0,0,1,65,43,10,24,0.11839594203047454,0.37822385248728096,260.1759981265668,504.7976730015848
3301,1,0,0,102,18,5,22,0.8916374130640179,0.9109178960788995,282.24354113886267,630.4632769894135
3302,1,0,1,388,50,5,24,0.9892466596793383,0.7492987331934273,362.6026200716839,709.558129007822
3303,0,0,0,311,9,3,24,0.013315835734829307,0.08963611628860235,215.89071677016787,370.8774403410401
3304,0,1,1,22,31,2,14,0.46977853984571993,0.7659584856592119,267.8512406383582,554.7739646114271
3305,0,0,0,478,14,3,20,0.14216354000382125,0.6515949983149767,240.98808597854458,575.1836116437076
3306,0,1,0,357,49,8,14,0.5121942616533488,0.6461082133464515,296.4586848318192,565.3398108924391
3307,1,0,1,307,7,7,27,0.9787284394260496,0.14397736149840057,306.11576541628233,616.3623196132879
3308,0,0,0,89,41,5,23,0.24443748919293284,0.13247077818959951,284.3058728742814,642.9802717405855
3309,0,0,0,297,3,8,23,0.978013844229281,0.1299455715343356,336.1379962718811,663.702402301119
3310,0,0,0,407,15,6,19,0.21112623764202,0.9238038510084152,244.61043678179317,473.5785551657103
3311,0,1,0,248,50,8,17,0.9892466596793383,0.7492987331934273,314.1873266112399,696.3958301671806
3312,0,0,1,435,31,6,12,0.46977853984571993,0.7659584856592119,280.5696497689972,656.9351433744941
3313,1,0,1,228,9,9,21,0.013315835734829307,0.08963611628860235,229.68713671297422,556.4879899360958
3314,1,0,0,71,45,6,18,0.8977528435643762,0.5364251248538494,333.29750199849246,665.6789469888396
3315,1,1,0,129,23,1,19,0.03834434738382697,0.6661178111098707,308.10516284810774,619.460195393191
3316,0,0,1,40,48,7,21,0.6061688305344433,0.4517896354664117,291.4987867930491,539.1468214696616
3317,0,1,1,104,9,3,21,0.013315835734829307,0.08963611628860235,267.09255227798826,509.0980871741215
3318,0,1,1,297,3,8,23,0.978013844229281,0.1299455715343356,328.57807647758875,591.7140042182184
3319,1,1,1,110,25,0,15,0.8063855252694339,0.0688752664718777,365.1867494815923,701.2849840041929
3320,0,1,1,158,19,2,24,0.48323641112074256,0.5905635331291705,277.94413538645705,519.6966125457257
3321,0,0,0,214,15,4,20,0.21112623764202,0.9238038510084152,232.80386279683282,488.69104781979564
3322,1,0,1,406,32,6,19,0.39761656103655696,0.7758463725913316,253.91825002034955,535.907762398633
3323,0,0,1,364,49,6,18,0.5121942616533488,0.6461082133464515,255.5486866962396,573.1352040094216
3324,0,1,0,163,48,6,19,0.6061688305344433,0.4517896354664117,273.01062770754766,582.9989935237545
3325,0,0,1,360,29,7,33,0.5533483980689198,0.980351353995502,267.46349625286246,586.7929966566448
3326,0,0,0,169,39,3,31,0.7841161577962339,0.6968751777894795,230.44579643396239,472.31790692391144
3327,0,1,0,433,23,8,29,0.03834434738382697,0.6661178111098707,245.4399157924087,551.1860499869065
3328,0,0,1,164,3,5,26,0.978013844229281,0.1299455715343356,343.9954108295404,738.8225299777824
3329,1,0,0,387,43,12,24,0.11839594203047454,0.37822385248728096,318.51146701309233,599.7981813786322
3330,1,0,0,173,33,8,23,0.8046367336064577,0.31251504993997514,294.98530405306064,511.1151924419577
3331,0,0,0,401,17,7,15,0.03654719586484134,0.2661329871043563,253.55597130140194,507.70713744368584
3332,1,1,1,379,27,7,22,0.042702050879597664,0.5714270058088005,346.2007686834369,742.6580120435628
3333,0,0,1,75,25,3,13,0.8063855252694339,0.0688752664718777,335.41030468382587,770.2057913775466
3334,0,0,0,386,10,8,30,0.25994612858630717,0.03773271921090782,324.8325994729063,705.7973918175294
3335,0,0,0,417,46,5,16,0.7385737628210336,0.10853192373178899,320.2775732032559,667.3311631752646
3336,1,1,1,419,15,5,23,0.21112623764202,0.9238038510084152,313.57587810372377,595.7733016238727
3337,1,0,0,76,38,9,17,0.9087103542406112,0.1694229245185852,328.87861102927104,656.393472584514
3338,0,0,0,362,27,5,23,0.042702050879597664,0.5714270058088005,275.858258218858,625.9887859950934
3339,1,1,0,500,38,5,15,0.9087103542406112,0.1694229245185852,351.99415382469687,756.6843693574978
3340,0,0,0,330,24,3,29,0.14149569114670157,0.8747874984983355,250.56366240129546,494.0582023700903
3341,0,0,0,437,22,1,25,0.6013455470092595,0.32826394867151976,230.65071260141497,453.78187159611724
3342,0,0,0,432,12,6,22,0.016379052540287375,0.8120638781692833,190.30611800005116,442.09702063896447
3343,0,0,0,311,9,3,24,0.013315835734829307,0.08963611628860235,247.1336618823199,501.79102810834866
3344,0,0,1,455,50,3,19,0.9892466596793383,0.7492987331934273,235.06653472480593,468.8006552209572
3345,0,0,1,110,25,0,15,0.8063855252694339,0.0688752664718777,320.4882983487689,585.7907323065908
3346,0,0,1,24,35,2,27,0.6349153537303209,0.31414990592747927,276.24005499700104,517.0017859479126
3347,0,1,0,10,19,2,22,0.48323641112074256,0.5905635331291705,332.05457897280183,676.0748563518721
3348,0,0,1,97,23,10,28,0.03834434738382697,0.6661178111098707,268.6863401559654,728.0399662498999
3349,1,1,1,324,8,2,22,0.49811370903626084,0.8910799578297883,299.6278812971669,619.9455025368724
3350,1,0,0,476,23,1,15,0.03834434738382697,0.6661178111098707,309.8833010773791,625.9684666823204
3351,0,1,0,492,40,4,16,0.5589970224536955,0.8726507888641208,276.77435883974664,525.6630387104383
3352,0,0,0,100,39,5,21,0.7841161577962339,0.6968751777894795,310.6611044146869,747.3735580792242
3353,1,1,1,354,38,3,27,0.9087103542406112,0.1694229245185852,321.5400358897891,662.7202893912739
3354,1,0,0,432,12,6,22,0.016379052540287375,0.8120638781692833,280.93065536318227,635.2448934007907
3355,0,0,0,420,12,8,22,0.016379052540287375,0.8120638781692833,249.5082003790978,537.0710680197542
3356,0,0,0,494,41,3,24,0.24443748919293284,0.13247077818959951,271.90297784356613,538.4394144272183
3357,0,0,0,357,49,8,14,0.5121942616533488,0.6461082133464515,229.46952836083244,480.06522283402523
3358,0,0,0,276,24,6,16,0.14149569114670157,0.8747874984983355,296.5235996085111,532.837616494372
3359,0,0,0,40,48,7,21,0.6061688305344433,0.4517896354664117,250.2286083599712,621.3600028437854
3360,0,0,0,356,47,10,25,0.3773106967564672,0.7403151453472674,248.784131433976,471.8617588838261
3361,0,0,1,208,17,5,27,0.03654719586484134,0.2661329871043563,239.91699471929772,567.1999869123554
3362,0,1,1,479,31,4,20,0.46977853984571993,0.7659584856592119,296.67546172903866,576.1159298800158
3363,0,0,0,155,33,3,20,0.8046367336064577,0.31251504993997514,338.5168716425137,603.4826894459409
3364,1,0,1,187,47,3,20,0.3773106967564672,0.7403151453472674,307.7034504061488,671.4749506293438
3365,1,0,1,309,14,2,25,0.14216354000382125,0.6515949983149767,322.1564754366397,660.9313792741575
3366,0,1,1,83,34,5,24,0.5088973850943148,0.8422173084691167,254.0086700215891,546.0262650129423
3367,0,0,1,468,48,6,14,0.6061688305344433,0.4517896354664117,314.5944576533058,586.5153616282809
3368,0,0,0,194,40,3,17,0.5589970224536955,0.8726507888641208,278.22102887129034,538.678906847344
3369,0,0,0,261,35,5,19,0.6349153537303209,0.31414990592747927,283.5219797135991,641.1189934152831
3370,0,0,0,448,30,4,15,0.8535007652826607,0.9145373487845063,297.7487913226121,603.975236298989
3371,0,1,0,487,47,4,15,0.3773106967564672,0.7403151453472674,289.64608826974734,541.11079291627
3372,0,0,1,156,6,4,19,0.7426119421143085,0.6856354165356606,324.9335794402442,675.4914398900257
3373,0,0,0,292,46,4,21,0.7385737628210336,0.10853192373178899,281.1205165195976,571.3098480535306
3374,1,0,0,33,9,8,21,0.013315835734829307,0.08963611628860235,304.55757805208515,601.4772309339573
3375,0,0,0,73,22,3,22,0.6013455470092595,0.32826394867151976,309.8550935015901,628.4648675699277
3376,0,1,0,278,50,4,18,0.9892466596793383,0.7492987331934273,354.5581543809835,703.002744904614
3377,1,0,1,246,19,6,19,0.48323641112074256,0.5905635331291705,234.58984656736044,554.9035039929988
3378,0,0,0,318,34,3,21,0.5088973850943148,0.8422173084691167,258.7810580333625,483.8719066295515
3379,1,0,0,373,13,8,16,0.09574478422291577,0.2606025456916541,287.88694163695027,620.9846257211865
3380,0,0,0,9,19,5,21,0.48323641112074256,0.5905635331291705,284.25624098542806,566.1357464694211
3381,0,0,0,82,27,3,27,0.042702050879597664,0.5714270058088005,268.90086859824726,534.516292621497
3382,0,0,0,466,29,6,18,0.5533483980689198,0.980351353995502,269.0338360117005,590.920502985422
3383,1,1,1,26,38,2,23,0.9087103542406112,0.1694229245185852,302.16177323344914,554.6440465908967
3384,0,0,1,326,14,5,25,0.14216354000382125,0.6515949983149767,185.11307425290516,344.1614419807418
3385,0,0,1,143,36,8,9,0.49425172130577266,0.7565638932865113,215.0787321182241,426.5588403822969
3386,0,0,0,278,50,4,18,0.9892466596793383,0.7492987331934273,319.5972506224729,486.5424364863376
3387,0,1,1,330,24,3,29,0.14149569114670157,0.8747874984983355,270.9206136078502,609.166732795833
3388,0,1,1,112,19,5,30,0.48323641112074256,0.5905635331291705,320.6503685597149,669.4932721184831
3389,0,1,0,311,9,3,24,0.013315835734829307,0.08963611628860235,321.2109787636485,681.8467025391087
3390,0,0,0,368,14,2,14,0.14216354000382125,0.6515949983149767,288.575311807415,603.8477359504774
3391,1,0,0,440,26,5,19,0.26668567629531026,0.7934630094096065,293.55367738193667,511.8264294184508
3392,1,0,1,483,6,6,23,0.7426119421143085,0.6856354165356606,293.68478157857294,613.8575003515936
3393,0,0,0,42,48,5,20,0.6061688305344433,0.4517896354664117,302.69872618029723,618.9588616437679
3394,0,0,0,126,11,10,20,0.775893080746755,0.774874358670786,354.51726966200476,799.5421114100589
3395,0,0,0,419,15,5,23,0.21112623764202,0.9238038510084152,250.14546818709368,515.211306797244
3396,0,1,0,64,45,1,18,0.8977528435643762,0.5364251248538494,307.74225096483013,562.7270769348703
3397,1,0,1,286,41,6,18,0.24443748919293284,0.13247077818959951,302.68276501188546,508.77620609980886
3398,0,0,1,213,41,2,27,0.24443748919293284,0.13247077818959951,281.82486257653943,605.6825186687308
3399,0,1,1,488,1,9,17,0.774368490325287,0.06913358555175364,231.5153290213574,470.1163046771426
3400,0,0,1,30,47,1,23,0.3773106967564672,0.7403151453472674,265.15112418950275,469.2959045039331
3401,0,1,0,367,45,6,16,0.8977528435643762,0.5364251248538494,284.56787201891586,644.3777439423808
3402,1,0,1,151,24,6,17,0.14149569114670157,0.8747874984983355,258.9300819639784,612.6724542649304
3403,0,0,1,406,32,6,19,0.39761656103655696,0.7758463725913316,241.30330855178968,449.1371027015929
3404,0,0,1,195,38,7,15,0.9087103542406112,0.1694229245185852,323.3061059065037,648.1524809245898
3405,0,0,1,310,29,6,16,0.5533483980689198,0.980351353995502,257.7599119308619,539.478959341558
3406,0,0,0,65,43,10,24,0.11839594203047454,0.37822385248728096,252.5142979729276,596.3296737841691
3407,0,1,0,84,31,4,20,0.46977853984571993,0.7659584856592119,281.8925162262301,617.4062212453093
3408,0,0,0,435,31,6,12,0.46977853984571993,0.7659584856592119,271.8958933808452,524.5319457809976
3409,0,0,1,134,40,8,18,0.5589970224536955,0.8726507888641208,259.9226829773532,525.6089047283153
3410,0,0,0,48,10,5,21,0.25994612858630717,0.03773271921090782,250.03697217333652,633.4791346766563
3411,0,1,0,314,9,6,20,0.013315835734829307,0.08963611628860235,254.80427659958042,603.8705976818082
3412,0,0,0,301,25,7,27,0.8063855252694339,0.0688752664718777,339.8279470308508,747.8806009368286
3413,0,0,0,85,19,3,27,0.48323641112074256,0.5905635331291705,341.31421592315115,617.9583852652617
3414,0,1,1,345,19,3,33,0.48323641112074256,0.5905635331291705,286.1238448073015,644.1974602988357
3415,1,0,1,49,1,5,20,0.774368490325287,0.06913358555175364,326.7374624531381,664.7877895925947
3416,0,0,0,233,47,3,19,0.3773106967564672,0.7403151453472674,250.86327914602862,476.3022424680809
3417,1,0,0,61,2,1,20,0.19722419138997793,0.08462062571197748,253.05507099592893,579.6163484427248
3418,0,1,0,290,39,0,22,0.7841161577962339,0.6968751777894795,310.3982849218932,691.5835301015721
3419,1,0,1,429,29,7,24,0.5533483980689198,0.980351353995502,310.53867420854357,675.0190772103041
3420,0,1,0,403,41,3,27,0.24443748919293284,0.13247077818959951,307.39969053541665,563.560837708054
3421,0,0,0,55,6,7,26,0.7426119421143085,0.6856354165356606,282.1110157857151,676.5920299538988
3422,0,0,1,493,13,6,22,0.09574478422291577,0.2606025456916541,268.64673616737593,503.48046804160936
3423,1,0,0,42,48,5,20,0.6061688305344433,0.4517896354664117,348.45743834341266,685.718231857533
3424,0,1,0,412,18,5,29,0.8916374130640179,0.9109178960788995,281.97911699610677,584.948354229665
3425,1,0,1,105,2,7,12,0.19722419138997793,0.08462062571197748,303.9918794065686,726.3946682214595
3426,0,0,0,249,42,3,20,0.5309706551488489,0.07851310959085822,308.6234790540753,654.9768767936297
3427,0,0,0,37,7,7,18,0.9787284394260496,0.14397736149840057,296.4693794371708,558.5829300555242
3428,0,0,0,17,30,6,13,0.8535007652826607,0.9145373487845063,290.470630781593,561.6288481501072
3429,0,0,0,26,38,2,23,0.9087103542406112,0.1694229245185852,321.6196984074013,689.4823878535716
3430,1,0,0,48,10,5,21,0.25994612858630717,0.03773271921090782,309.09891280602807,574.9277097212068
3431,1,0,1,169,39,3,31,0.7841161577962339,0.6968751777894795,359.5949944187351,694.8454756077126
3432,0,0,1,96,6,4,15,0.7426119421143085,0.6856354165356606,322.1750469120103,639.1175427938538
3433,0,0,0,440,26,5,19,0.26668567629531026,0.7934630094096065,280.5341977015407,633.1177703246318
3434,1,1,1,3,8,4,20,0.49811370903626084,0.8910799578297883,255.14018615574327,442.47422889663284
3435,1,0,0,428,38,11,25,0.9087103542406112,0.1694229245185852,386.61035338819323,696.4487897295642
3436,0,1,0,67,29,5,28,0.5533483980689198,0.980351353995502,263.25114274806754,558.0916163946083
3437,1,0,0,201,35,2,21,0.6349153537303209,0.31414990592747927,228.56709894622628,497.90055769011826
3438,0,0,1,349,28,3,19,0.6121745223645121,0.048944066278636456,280.61011240342,532.735434242898
3439,0,0,0,328,22,3,23,0.6013455470092595,0.32826394867151976,309.26455399172704,606.6732735800357
3440,1,0,1,207,24,6,18,0.14149569114670157,0.8747874984983355,280.1175849301187,583.1228929752067
3441,0,0,0,318,34,3,21,0.5088973850943148,0.8422173084691167,226.57372468152244,488.1152058423512
3442,0,0,0,432,12,6,22,0.016379052540287375,0.8120638781692833,269.15208137955096,637.6703930845271
3443,0,1,1,308,30,6,25,0.8535007652826607,0.9145373487845063,303.0663145513636,712.5009657583969
3444,0,1,0,485,38,5,21,0.9087103542406112,0.1694229245185852,311.3832624149824,722.0622689321399
3445,0,0,1,122,44,5,21,0.9833834334276617,0.5796247583348304,337.22522722463714,712.0682989213717
3446,0,0,1,435,31,6,12,0.46977853984571993,0.7659584856592119,317.1952875546851,588.1073434026932
3447,0,0,1,495,44,0,14,0.9833834334276617,0.5796247583348304,326.9396416423739,609.7816247907278
3448,0,0,0,5,49,2,15,0.5121942616533488,0.6461082133464515,241.2506939075009,539.1949634914928
3449,0,0,0,349,28,3,19,0.6121745223645121,0.048944066278636456,310.08251694029,593.1651195011449
3450,0,0,1,500,38,5,15,0.9087103542406112,0.1694229245185852,288.5543273167599,621.3884256400479
3451,0,0,0,71,45,6,18,0.8977528435643762,0.5364251248538494,307.69764043685353,626.7804059477633
3452,0,0,0,382,21,4,28,0.9842240803409368,0.6037942769471556,322.2553800916917,668.4096682103545
3453,0,1,0,439,17,6,23,0.03654719586484134,0.2661329871043563,276.8815730597161,594.4951699247533
3454,0,0,1,328,22,3,23,0.6013455470092595,0.32826394867151976,283.6965000041115,658.5462290711284
3455,0,1,0,319,50,4,21,0.9892466596793383,0.7492987331934273,312.17878458602195,674.5966821300334
3456,1,0,0,65,43,10,24,0.11839594203047454,0.37822385248728096,256.0239340246263,548.4244069500472
3457,0,0,0,66,43,4,21,0.11839594203047454,0.37822385248728096,237.06547387135635,485.42301025287463
3458,0,0,0,200,35,6,19,0.6349153537303209,0.31414990592747927,290.34436232488156,608.9656569134488
3459,0,0,1,482,42,5,19,0.5309706551488489,0.07851310959085822,295.48849398212167,613.3311872731164
3460,0,1,1,348,12,6,32,0.016379052540287375,0.8120638781692833,259.1189749920763,434.81930840254586
3461,0,1,0,272,44,5,19,0.9833834334276617,0.5796247583348304,246.24990627164317,605.4087285436098
3462,0,0,0,384,7,4,21,0.9787284394260496,0.14397736149840057,286.4968884567605,583.3634593523396
3463,0,0,0,413,8,3,18,0.49811370903626084,0.8910799578297883,280.9008425190497,593.3527418177598
3464,0,0,0,361,8,4,20,0.49811370903626084,0.8910799578297883,276.08058467142206,579.2554993659536
3465,1,0,0,62,36,2,23,0.49425172130577266,0.7565638932865113,295.77606953000515,635.8308032982686
3466,0,0,0,185,27,6,20,0.042702050879597664,0.5714270058088005,248.31339844227867,494.28061988887555
3467,0,1,0,430,31,2,20,0.46977853984571993,0.7659584856592119,284.900899900121,580.4456370492939
3468,0,1,0,210,49,6,20,0.5121942616533488,0.6461082133464515,279.1886255102357,582.0517415646771
3469,1,1,1,192,2,10,19,0.19722419138997793,0.08462062571197748,318.62690382184763,709.4649124592543
3470,1,0,0,245,41,6,30,0.24443748919293284,0.13247077818959951,261.88919135550213,567.9952005719625
3471,0,1,0,68,16,2,18,0.8112564436160028,0.26610612077638507,344.9576919543327,664.7152898356538
3472,0,1,1,147,16,5,19,0.8112564436160028,0.26610612077638507,332.4500996731273,787.3813755661603
3473,0,1,0,302,19,4,20,0.48323641112074256,0.5905635331291705,297.26198973130994,653.8249199006583
3474,0,1,1,257,4,7,24,0.20132735022343695,0.74613202130422,315.08432209974956,688.3889741449274
3475,0,0,0,24,35,2,27,0.6349153537303209,0.31414990592747927,311.72008325041975,581.0564402097843
3476,0,0,0,55,6,7,26,0.7426119421143085,0.6856354165356606,327.44776855751064,734.7380636389843
3477,0,1,0,434,4,5,20,0.20132735022343695,0.74613202130422,280.9702829734192,621.7030186341694
3478,0,1,0,309,14,2,25,0.14216354000382125,0.6515949983149767,270.14158123687037,488.3046078224442
3479,1,0,1,479,31,4,20,0.46977853984571993,0.7659584856592119,318.96926413577773,591.6472281353316
3480,0,0,1,494,41,3,24,0.24443748919293284,0.13247077818959951,286.8623279678577,713.2329934407262
3481,0,1,1,242,41,5,15,0.24443748919293284,0.13247077818959951,307.0335070042918,610.0495523473073
3482,0,0,0,326,14,5,25,0.14216354000382125,0.6515949983149767,283.22684631504814,582.0286089068658
3483,0,0,0,409,48,9,16,0.6061688305344433,0.4517896354664117,271.31486875381387,515.9584432238539
3484,0,0,0,267,45,6,15,0.8977528435643762,0.5364251248538494,335.90176724206765,622.685327796719
3485,0,0,1,93,29,2,12,0.5533483980689198,0.980351353995502,224.84087382269297,526.2334318342614
3486,1,1,0,179,28,1,17,0.6121745223645121,0.048944066278636456,268.7321817177359,576.0623232614902
3487,0,0,1,47,33,7,27,0.8046367336064577,0.31251504993997514,355.3620523891804,672.0625567210178
3488,0,1,0,488,1,9,17,0.774368490325287,0.06913358555175364,342.7861240425331,655.5743741234795
3489,0,1,1,6,41,7,27,0.24443748919293284,0.13247077818959951,344.37887703469914,605.6972792131044
3490,0,0,0,316,9,4,22,0.013315835734829307,0.08963611628860235,267.7138694214576,408.27267740200693
3491,0,0,1,111,31,6,19,0.46977853984571993,0.7659584856592119,289.987025584275,542.7243117782153
3492,0,0,0,121,30,7,24,0.8535007652826607,0.9145373487845063,307.44254218383304,580.4488568003097
3493,0,0,0,328,22,3,23,0.6013455470092595,0.32826394867151976,243.87605622758468,556.8485282208405
3494,0,0,0,258,23,3,21,0.03834434738382697,0.6661178111098707,243.8840212174347,563.6524496058287
3495,0,1,1,144,19,5,21,0.48323641112074256,0.5905635331291705,308.77140136983945,599.2302306388445
3496,0,1,1,150,3,3,19,0.978013844229281,0.1299455715343356,327.88775575375104,536.8154025253826
3497,0,0,1,360,29,7,33,0.5533483980689198,0.980351353995502,249.80142137276817,499.508347245375
3498,1,1,1,490,34,7,20,0.5088973850943148,0.8422173084691167,328.43322734105817,671.4852779453917
3499,0,0,0,131,28,5,19,0.6121745223645121,0.048944066278636456,266.1860688623534,616.2897457073959
3500,1,0,0,452,6,5,16,0.7426119421143085,0.6856354165356606,261.6747968396395,523.5619329036834
3501,0,1,0,189,1,9,26,0.774368490325287,0.06913358555175364,347.52738172091085,755.8873329260471
3502,0,0,0,210,49,6,20,0.5121942616533488,0.6461082133464515,247.9123180790608,534.2182820989144
3503,0,1,1,394,42,5,28,0.5309706551488489,0.07851310959085822,246.08854522516873,514.2415753480069
3504,1,1,1,208,17,5,27,0.03654719586484134,0.2661329871043563,272.0181027630103,625.0008388361489
3505,0,1,0,438,48,10,11,0.6061688305344433,0.4517896354664117,309.3787722853479,606.6439716943931
3506,0,0,1,132,42,5,17,0.5309706551488489,0.07851310959085822,248.10810303364804,466.7294766609116
3507,0,1,1,212,38,5,23,0.9087103542406112,0.1694229245185852,322.85766217410696,741.4812727224137
3508,0,0,0,37,7,7,18,0.9787284394260496,0.14397736149840057,323.09540920084055,718.010940286643
3509,0,0,1,91,32,3,18,0.39761656103655696,0.7758463725913316,283.4519759060905,497.4432848907312
3510,0,0,0,335,47,7,16,0.3773106967564672,0.7403151453472674,263.4366899279586,607.7837567741263
3511,0,1,0,47,33,7,27,0.8046367336064577,0.31251504993997514,289.4963054056236,676.4977437496659
3512,1,0,0,217,30,6,25,0.8535007652826607,0.9145373487845063,335.0683937236961,626.3273234410963
3513,0,0,0,311,9,3,24,0.013315835734829307,0.08963611628860235,281.17739240836266,616.1269298380132
3514,0,0,0,327,13,5,18,0.09574478422291577,0.2606025456916541,214.68353888695134,522.3989349890206
3515,1,0,1,230,22,3,18,0.6013455470092595,0.32826394867151976,334.10989885515545,695.788275728051
3516,0,0,0,33,9,8,21,0.013315835734829307,0.08963611628860235,274.626492780589,625.0500212332161
3517,0,0,1,324,8,2,22,0.49811370903626084,0.8910799578297883,219.54716374393706,505.17942914211966
3518,0,0,0,211,16,8,23,0.8112564436160028,0.26610612077638507,293.5070701490587,597.1498189972779
3519,0,0,0,455,50,3,19,0.9892466596793383,0.7492987331934273,276.8902012362902,621.7111122981765
3520,0,0,0,463,47,8,21,0.3773106967564672,0.7403151453472674,272.4943268075437,512.5350834222455
3521,1,0,1,10,19,2,22,0.48323641112074256,0.5905635331291705,286.4621831493485,645.1221202707445
3522,0,0,1,60,35,5,21,0.6349153537303209,0.31414990592747927,333.46959353879095,738.6786094244911
3523,0,0,0,200,35,6,19,0.6349153537303209,0.31414990592747927,305.1133046823452,665.9859191083759
3524,0,0,0,395,50,3,23,0.9892466596793383,0.7492987331934273,301.6328897361147,623.9373022677447
3525,0,0,0,439,17,6,23,0.03654719586484134,0.2661329871043563,241.79124311243172,511.9575332220912
3526,0,0,0,85,19,3,27,0.48323641112074256,0.5905635331291705,323.81336033760357,635.7530225508395
3527,0,1,1,499,13,5,16,0.09574478422291577,0.2606025456916541,264.96865618059496,401.4932327633369
3528,0,0,0,68,16,2,18,0.8112564436160028,0.26610612077638507,283.1854275939805,529.4695733704446
3529,1,0,1,450,30,4,23,0.8535007652826607,0.9145373487845063,318.82234218869183,756.1396982480267
3530,0,0,0,149,10,11,16,0.25994612858630717,0.03773271921090782,260.14129211165016,634.1903944664487
3531,1,0,1,372,13,4,16,0.09574478422291577,0.2606025456916541,324.5341647098911,693.794285078289
3532,1,0,0,427,34,4,23,0.5088973850943148,0.8422173084691167,255.63719692328064,455.78109150737686
3533,1,0,0,375,19,5,22,0.48323641112074256,0.5905635331291705,269.2670274339277,575.6487155024321
3534,0,1,0,150,3,3,19,0.978013844229281,0.1299455715343356,283.2025744381975,600.8612227277108
3535,1,0,0,264,44,3,16,0.9833834334276617,0.5796247583348304,279.7133195602687,603.954621171847
3536,0,0,1,302,19,4,20,0.48323641112074256,0.5905635331291705,330.09078861758167,587.9639337580695
3537,0,0,0,324,8,2,22,0.49811370903626084,0.8910799578297883,322.38968201532623,550.5507808132977
3538,0,1,0,92,32,3,21,0.39761656103655696,0.7758463725913316,263.95749344462934,581.3340332999906
3539,1,0,0,481,3,7,21,0.978013844229281,0.1299455715343356,378.0091845749007,754.0244568389904
3540,0,0,0,50,50,4,23,0.9892466596793383,0.7492987331934273,318.95167755961984,665.7052378894421
3541,1,1,0,484,25,6,18,0.8063855252694339,0.0688752664718777,371.1611246916105,734.9824736341182
3542,0,1,1,353,8,6,23,0.49811370903626084,0.8910799578297883,291.4983360624028,659.7694384319145
3543,0,0,0,457,49,5,22,0.5121942616533488,0.6461082133464515,315.6566843350505,585.5469259927656
3544,0,0,0,338,7,3,26,0.9787284394260496,0.14397736149840057,287.8972012314232,649.5640035421101
3545,0,1,0,492,40,4,16,0.5589970224536955,0.8726507888641208,280.66600122824394,516.1506169120489
3546,0,0,1,488,1,9,17,0.774368490325287,0.06913358555175364,332.334829525447,748.0441835152587
3547,1,0,1,131,28,5,19,0.6121745223645121,0.048944066278636456,285.93091845348675,649.9930647014228
3548,0,1,0,424,35,3,19,0.6349153537303209,0.31414990592747927,328.6928937875678,597.6043256507726
3549,1,0,0,208,17,5,27,0.03654719586484134,0.2661329871043563,281.0146685684463,673.5294429056472
3550,0,0,1,403,41,3,27,0.24443748919293284,0.13247077818959951,306.7182158291163,532.3608697165112
3551,0,0,0,60,35,5,21,0.6349153537303209,0.31414990592747927,294.7965802935644,569.6528684591767
3552,0,0,1,319,50,4,21,0.9892466596793383,0.7492987331934273,355.9632385981283,672.2589379719852
3553,0,1,0,112,19,5,30,0.48323641112074256,0.5905635331291705,300.2405869426592,627.4889556912461
3554,0,0,1,262,23,5,27,0.03834434738382697,0.6661178111098707,238.46402900254964,452.5985459493501
3555,0,1,1,133,20,7,11,0.4666645280085504,0.9181476451922208,300.4363110445062,532.598262108786
3556,0,0,0,330,24,3,29,0.14149569114670157,0.8747874984983355,250.1451915509485,461.0387117481181
3557,0,1,0,285,29,4,24,0.5533483980689198,0.980351353995502,271.48706753379065,561.3998638230146
3558,0,0,0,135,9,4,17,0.013315835734829307,0.08963611628860235,229.26387779319705,539.4880699364612
3559,0,0,1,261,35,5,19,0.6349153537303209,0.31414990592747927,269.16943994167394,559.8583256554931
3560,1,1,1,348,12,6,32,0.016379052540287375,0.8120638781692833,320.4057879974183,707.4840359121579
3561,1,0,0,14,25,5,22,0.8063855252694339,0.0688752664718777,342.4320692966938,642.5054588064584
3562,0,0,0,11,46,5,25,0.7385737628210336,0.10853192373178899,313.49619720914603,754.4334351179866
3563,1,0,0,100,39,5,21,0.7841161577962339,0.6968751777894795,311.3178569485084,665.1530714125189
3564,0,0,0,309,14,2,25,0.14216354000382125,0.6515949983149767,293.5952177972686,592.7251218442125
3565,1,0,0,344,50,7,16,0.9892466596793383,0.7492987331934273,315.83435500820076,638.0198412519253
3566,1,0,0,259,39,3,28,0.7841161577962339,0.6968751777894795,329.49107798002836,698.2664248254006
3567,1,0,1,104,9,3,21,0.013315835734829307,0.08963611628860235,257.00110929004427,499.0461473022664
3568,1,0,1,362,27,5,23,0.042702050879597664,0.5714270058088005,306.13495006138186,619.9437326519953
3569,0,1,0,434,4,5,20,0.20132735022343695,0.74613202130422,266.99719686021893,507.281081360852
3570,1,1,0,492,40,4,16,0.5589970224536955,0.8726507888641208,312.5835444957439,700.5967895166832
3571,1,0,0,347,2,3,14,0.19722419138997793,0.08462062571197748,221.8387438410913,544.0723898732512
3572,0,0,1,246,19,6,19,0.48323641112074256,0.5905635331291705,276.68509507955343,562.2104590524024
3573,0,1,0,154,16,4,23,0.8112564436160028,0.26610612077638507,331.7539472095364,698.994493297625
3574,0,0,0,500,38,5,15,0.9087103542406112,0.1694229245185852,344.66543323461565,607.1270753382553
3575,0,0,0,395,50,3,23,0.9892466596793383,0.7492987331934273,304.53050333522,637.6649440360552
3576,1,1,0,256,10,9,27,0.25994612858630717,0.03773271921090782,306.2773045608309,679.2110551092009
3577,1,0,1,345,19,3,33,0.48323641112074256,0.5905635331291705,291.44704294570533,579.0790492176084
3578,0,1,0,325,31,2,17,0.46977853984571993,0.7659584856592119,276.1195982263429,518.9679383985643
3579,0,0,1,313,17,8,17,0.03654719586484134,0.2661329871043563,286.77234213170516,717.3755806749384
3580,1,1,0,350,19,4,16,0.48323641112074256,0.5905635331291705,310.9904063529379,624.878043306323
3581,0,0,0,482,42,5,19,0.5309706551488489,0.07851310959085822,324.6064871810222,661.9147312005057
3582,0,1,0,401,17,7,15,0.03654719586484134,0.2661329871043563,255.12042206178705,459.9512989522082
3583,0,0,0,367,45,6,16,0.8977528435643762,0.5364251248538494,300.11576688045557,634.4559713071869
3584,0,0,0,495,44,0,14,0.9833834334276617,0.5796247583348304,314.60452286376864,599.3226382585841
3585,0,0,1,446,29,5,22,0.5533483980689198,0.980351353995502,260.6116380351804,525.2754728031009
3586,0,0,0,385,45,7,17,0.8977528435643762,0.5364251248538494,330.08000848889026,682.1570272891705
3587,0,1,0,492,40,4,16,0.5589970224536955,0.8726507888641208,315.01719546434754,601.3511687237315
3588,0,0,0,41,11,5,27,0.775893080746755,0.774874358670786,286.96212168562266,586.2987969749948
3589,0,1,1,194,40,3,17,0.5589970224536955,0.8726507888641208,259.23463971242313,456.7028200267974
3590,0,0,1,330,24,3,29,0.14149569114670157,0.8747874984983355,273.46327807016786,474.4164139529777
3591,0,0,0,70,25,7,23,0.8063855252694339,0.0688752664718777,290.470839010376,600.9411572314837
3592,0,0,0,100,39,5,21,0.7841161577962339,0.6968751777894795,295.9061723307162,570.5589663155553
3593,0,1,1,500,38,5,15,0.9087103542406112,0.1694229245185852,295.46405235774165,643.7375053754279
3594,0,0,0,62,36,2,23,0.49425172130577266,0.7565638932865113,282.23840411322095,511.80487107089016
3595,1,1,0,198,13,4,20,0.09574478422291577,0.2606025456916541,327.1183308315675,706.324956257253
3596,0,0,0,107,33,4,15,0.8046367336064577,0.31251504993997514,268.07836289818505,539.3263798552911
3597,1,1,1,9,19,5,21,0.48323641112074256,0.5905635331291705,348.9352922740318,759.6635095092038
3598,0,0,1,452,6,5,16,0.7426119421143085,0.6856354165356606,296.218585074381,640.8910088817498
3599,1,1,0,211,16,8,23,0.8112564436160028,0.26610612077638507,367.08769348849756,737.376739828892
3600,1,0,0,433,23,8,29,0.03834434738382697,0.6661178111098707,275.7212882946763,557.2336621144879
3601,1,0,1,253,18,4,24,0.8916374130640179,0.9109178960788995,380.68470424538526,691.8698513703177
3602,0,0,0,106,33,4,18,0.8046367336064577,0.31251504993997514,359.2487102883663,768.1916032054986
3603,0,0,0,204,45,11,19,0.8977528435643762,0.5364251248538494,240.0758291997742,588.5751919368937
3604,1,0,1,342,36,4,9,0.49425172130577266,0.7565638932865113,307.8800727137283,619.393699890636
3605,0,0,1,175,48,7,16,0.6061688305344433,0.4517896354664117,291.2691213320406,625.7531346270716
3606,1,0,1,328,22,3,23,0.6013455470092595,0.32826394867151976,299.68761012904463,583.1291210208057
3607,0,0,1,341,34,3,16,0.5088973850943148,0.8422173084691167,259.37362865786736,585.1079575351681
3608,0,0,1,471,35,5,20,0.6349153537303209,0.31414990592747927,228.99641855364075,587.6319055042891
3609,0,0,0,1,25,1,21,0.8063855252694339,0.0688752664718777,307.29117324749444,530.7789698649076
3610,1,0,0,293,43,3,32,0.11839594203047454,0.37822385248728096,280.2080702921435,517.8461153311555
3611,0,0,0,247,48,5,18,0.6061688305344433,0.4517896354664117,271.3709364567809,584.5495230557025
3612,0,0,0,406,32,6,19,0.39761656103655696,0.7758463725913316,246.44767455745622,498.4205074772684
3613,0,1,0,498,31,5,13,0.46977853984571993,0.7659584856592119,306.9691197041111,646.1169816637763
3614,1,0,0,12,1,3,22,0.774368490325287,0.06913358555175364,324.155829077993,708.8875624699947
3615,0,1,1,295,4,3,28,0.20132735022343695,0.74613202130422,279.95867472862574,483.97518859395916
3616,1,0,1,355,2,0,14,0.19722419138997793,0.08462062571197748,304.34153768540773,533.6072096685152
3617,1,0,0,433,23,8,29,0.03834434738382697,0.6661178111098707,299.2700256437138,636.588667554525
3618,0,1,0,261,35,5,19,0.6349153537303209,0.31414990592747927,395.8667858951931,775.2288491794078
3619,0,0,0,464,41,4,26,0.24443748919293284,0.13247077818959951,339.1468586855279,666.839546995148
3620,0,1,1,186,36,3,15,0.49425172130577266,0.7565638932865113,299.46794686253753,585.7088165426326
3621,1,0,0,157,46,8,28,0.7385737628210336,0.10853192373178899,335.29820544109174,677.0885341163485
3622,0,0,1,212,38,5,23,0.9087103542406112,0.1694229245185852,322.562850716145,699.0017439602689
3623,0,0,1,410,7,2,28,0.9787284394260496,0.14397736149840057,327.8501063181457,683.593467684952
3624,1,0,0,262,23,5,27,0.03834434738382697,0.6661178111098707,227.52031932844181,403.9039273801739
3625,1,0,1,24,35,2,27,0.6349153537303209,0.31414990592747927,308.1047040796121,522.9444929813058
3626,0,0,0,453,19,6,23,0.48323641112074256,0.5905635331291705,295.7425915802082,622.2944965147532
3627,0,0,0,55,6,7,26,0.7426119421143085,0.6856354165356606,326.2556784758307,720.3495005578695
3628,0,0,0,26,38,2,23,0.9087103542406112,0.1694229245185852,277.15960255776065,525.4562964590542
3629,0,0,0,288,13,2,11,0.09574478422291577,0.2606025456916541,230.9668168718701,555.574111878056
3630,0,0,0,453,19,6,23,0.48323641112074256,0.5905635331291705,232.6091891816445,426.268324786815
3631,0,1,0,447,31,1,18,0.46977853984571993,0.7659584856592119,296.34257275517945,606.1603114906138
3632,1,0,0,50,50,4,23,0.9892466596793383,0.7492987331934273,317.66592177509835,644.6761046820212
3633,0,1,1,270,29,7,22,0.5533483980689198,0.980351353995502,233.25229840929643,450.0584254040374
3634,0,0,1,452,6,5,16,0.7426119421143085,0.6856354165356606,305.39033404949504,641.7896748118592
3635,0,0,0,287,15,3,22,0.21112623764202,0.9238038510084152,271.8934640344741,652.5104152025843
3636,0,0,0,309,14,2,25,0.14216354000382125,0.6515949983149767,211.6960089057295,505.45726867168526
3637,0,0,1,212,38,5,23,0.9087103542406112,0.1694229245185852,232.6505178404783,542.27595440487
3638,1,0,0,37,7,7,18,0.9787284394260496,0.14397736149840057,352.0780668770424,641.5955207891093
3639,0,0,0,455,50,3,19,0.9892466596793383,0.7492987331934273,324.2839090460763,560.4450853836031
3640,1,1,0,171,28,4,14,0.6121745223645121,0.048944066278636456,330.4575967329921,649.6072927489017
3641,1,0,0,155,33,3,20,0.8046367336064577,0.31251504993997514,345.3062032990424,691.662015170827
3642,0,0,0,187,47,3,20,0.3773106967564672,0.7403151453472674,295.5934262421164,606.6790127650553
3643,1,1,1,279,45,6,18,0.8977528435643762,0.5364251248538494,316.0410137747101,635.7788248826531
3644,0,0,0,160,20,6,19,0.4666645280085504,0.9181476451922208,307.62413282115,547.0223433571757
3645,0,1,1,125,38,5,23,0.9087103542406112,0.1694229245185852,315.86578214466516,678.8776071540515
3646,0,1,0,277,48,5,24,0.6061688305344433,0.4517896354664117,329.1794525107072,658.3230465755471
3647,0,0,0,271,38,3,20,0.9087103542406112,0.1694229245185852,287.68183425966066,603.631033909681
3648,0,0,0,481,3,7,21,0.978013844229281,0.1299455715343356,310.75567063042394,592.3515884716446
3649,0,1,0,273,48,9,24,0.6061688305344433,0.4517896354664117,351.9471637713658,637.4956817177716
3650,1,0,0,155,33,3,20,0.8046367336064577,0.31251504993997514,318.28851289665545,692.256252457747
3651,0,0,1,122,44,5,21,0.9833834334276617,0.5796247583348304,330.7107856777473,632.384867651034
3652,0,0,0,302,19,4,20,0.48323641112074256,0.5905635331291705,269.1499209618519,523.3266698403827
3653,0,0,0,178,47,4,18,0.3773106967564672,0.7403151453472674,271.82161996385844,635.2021348020024
3654,0,0,0,348,12,6,32,0.016379052540287375,0.8120638781692833,299.9808514785226,667.062300844732
3655,0,1,1,309,14,2,25,0.14216354000382125,0.6515949983149767,270.4977438544508,603.4131998866794
3656,0,0,1,209,24,1,26,0.14149569114670157,0.8747874984983355,211.1427359767627,521.7829044011402
3657,0,0,0,419,15,5,23,0.21112623764202,0.9238038510084152,291.4374580399232,561.8651730595526
3658,1,0,1,146,8,6,22,0.49811370903626084,0.8910799578297883,328.3969325337068,650.7526344175159
3659,1,0,0,332,14,6,16,0.14216354000382125,0.6515949983149767,186.66977537793971,416.84857309048783
3660,0,0,0,68,16,2,18,0.8112564436160028,0.26610612077638507,279.2080890012149,616.5269591669463
3661,0,0,1,161,41,3,18,0.24443748919293284,0.13247077818959951,292.9357665441874,551.2858278518102
3662,0,0,1,453,19,6,23,0.48323641112074256,0.5905635331291705,335.5296925971161,711.7558286870689
3663,1,0,0,485,38,5,21,0.9087103542406112,0.1694229245185852,311.13140251434356,631.5331334779893
3664,1,1,0,422,25,5,20,0.8063855252694339,0.0688752664718777,405.9307533641877,704.830746863827
3665,0,0,0,212,38,5,23,0.9087103542406112,0.1694229245185852,325.6654106572642,781.5080654707201
3666,0,0,1,284,10,6,19,0.25994612858630717,0.03773271921090782,286.597497819554,577.6902671977647
3667,1,0,0,178,47,4,18,0.3773106967564672,0.7403151453472674,259.3364195882222,563.4957007826791
3668,1,0,1,244,34,9,25,0.5088973850943148,0.8422173084691167,248.85305461937241,556.0226173011499
3669,1,0,0,381,4,6,21,0.20132735022343695,0.74613202130422,285.23283103183974,554.9347374695403
3670,0,1,0,281,37,4,27,0.28013089881278574,0.967524380190298,317.9682027472275,617.3964595183021
3671,1,1,0,455,50,3,19,0.9892466596793383,0.7492987331934273,327.6951595351563,740.2391230976511
3672,0,1,1,335,47,7,16,0.3773106967564672,0.7403151453472674,267.2592030522449,452.5060115827191
3673,0,0,1,210,49,6,20,0.5121942616533488,0.6461082133464515,259.35362498201584,489.9783342040243
3674,1,0,0,71,45,6,18,0.8977528435643762,0.5364251248538494,361.44100181724906,709.474284866394
3675,0,1,0,339,33,4,20,0.8046367336064577,0.31251504993997514,323.78470174602893,652.526440365402
3676,0,0,0,142,23,7,15,0.03834434738382697,0.6661178111098707,288.88841973157645,548.90480070518
3677,1,0,1,116,48,3,20,0.6061688305344433,0.4517896354664117,356.31408465745545,709.1315038912451
3678,0,0,0,258,23,3,21,0.03834434738382697,0.6661178111098707,238.42699581576196,428.3898529122649
3679,0,0,0,233,47,3,19,0.3773106967564672,0.7403151453472674,228.6949547770978,502.24596062466236
3680,0,0,1,140,38,3,18,0.9087103542406112,0.1694229245185852,356.76029303960115,671.0401515089559
3681,0,0,0,297,3,8,23,0.978013844229281,0.1299455715343356,330.02007095115886,608.5115703715765
3682,1,1,0,386,10,8,30,0.25994612858630717,0.03773271921090782,302.91864415449703,679.2819911909086
3683,0,1,1,313,17,8,17,0.03654719586484134,0.2661329871043563,278.70651313480226,639.004458437548
3684,1,1,0,282,36,9,21,0.49425172130577266,0.7565638932865113,318.94361433441867,554.0596955504349
3685,0,0,1,100,39,5,21,0.7841161577962339,0.6968751777894795,293.79668374760297,536.8544489776253
3686,0,0,1,361,8,4,20,0.49811370903626084,0.8910799578297883,276.6092351444453,664.4473955262375
3687,1,1,0,410,7,2,28,0.9787284394260496,0.14397736149840057,381.2060367287937,840.1595606578704
3688,1,0,0,396,29,5,18,0.5533483980689198,0.980351353995502,245.300313011249,557.5291096993794
3689,0,0,0,284,10,6,19,0.25994612858630717,0.03773271921090782,275.14378766752304,602.7627761791701
3690,0,0,1,77,7,4,25,0.9787284394260496,0.14397736149840057,288.01859450967214,644.6890204129929
3691,0,0,0,440,26,5,19,0.26668567629531026,0.7934630094096065,261.7148883792254,547.5158876320543
3692,0,0,0,219,36,5,23,0.49425172130577266,0.7565638932865113,300.93431243541613,554.8630602593765
3693,0,0,0,289,12,4,23,0.016379052540287375,0.8120638781692833,235.56118221673105,534.8874996716212
3694,0,0,0,275,1,5,12,0.774368490325287,0.06913358555175364,330.3877012731084,716.2571001118978
3695,0,0,0,92,32,3,21,0.39761656103655696,0.7758463725913316,288.63571870447964,541.8581458276791
3696,0,0,1,216,36,4,27,0.49425172130577266,0.7565638932865113,272.29255852096315,498.28400888803117
3697,0,0,0,140,38,3,18,0.9087103542406112,0.1694229245185852,316.2872379005713,683.3632040238747
3698,0,1,1,481,3,7,21,0.978013844229281,0.1299455715343356,291.82927125220294,589.8715063939092
3699,1,0,0,12,1,3,22,0.774368490325287,0.06913358555175364,356.606862935289,693.5031093699372
3700,0,1,0,131,28,5,19,0.6121745223645121,0.048944066278636456,338.7217142248515,687.8042344766134
3701,0,0,0,5,49,2,15,0.5121942616533488,0.6461082133464515,335.6690261287641,762.5092135474488
3702,0,0,1,219,36,5,23,0.49425172130577266,0.7565638932865113,264.7707793151689,583.4768429811686
3703,0,1,1,156,6,4,19,0.7426119421143085,0.6856354165356606,305.47457298774026,673.383497018816
3704,0,0,0,208,17,5,27,0.03654719586484134,0.2661329871043563,251.36518089253963,545.6493246715837
3705,1,0,1,286,41,6,18,0.24443748919293284,0.13247077818959951,334.88833274285713,563.8148766313669
3706,0,0,0,483,6,6,23,0.7426119421143085,0.6856354165356606,291.6940808046115,557.2614451697893
3707,0,0,0,256,10,9,27,0.25994612858630717,0.03773271921090782,281.510254524405,607.957701448274
3708,0,1,0,127,28,4,22,0.6121745223645121,0.048944066278636456,286.4461113206202,607.9724339154792
3709,1,0,0,401,17,7,15,0.03654719586484134,0.2661329871043563,226.33625620809835,501.8361484808131
3710,1,1,0,48,10,5,21,0.25994612858630717,0.03773271921090782,311.94732287124884,696.9549103424021
3711,1,0,0,356,47,10,25,0.3773106967564672,0.7403151453472674,278.3459866602046,547.774094439763
3712,0,1,1,349,28,3,19,0.6121745223645121,0.048944066278636456,309.3736797912363,680.6011476325556
3713,0,0,1,277,48,5,24,0.6061688305344433,0.4517896354664117,258.2344086304955,622.8342027131108
3714,0,0,0,19,38,6,21,0.9087103542406112,0.1694229245185852,328.03334790060177,686.5115660215022
3715,0,0,0,379,27,7,22,0.042702050879597664,0.5714270058088005,262.92064526963475,487.58190394300607
3716,0,1,0,40,48,7,21,0.6061688305344433,0.4517896354664117,341.0651105745116,637.1855902689066
3717,0,0,1,167,21,6,21,0.9842240803409368,0.6037942769471556,288.73752228727693,653.2504072038696
3718,0,0,0,228,9,9,21,0.013315835734829307,0.08963611628860235,188.6619487145416,409.2025171321534
3719,0,0,1,284,10,6,19,0.25994612858630717,0.03773271921090782,252.0796381403763,505.27194590641966
3720,0,1,0,240,17,8,20,0.03654719586484134,0.2661329871043563,264.0176876704301,518.9318723592851
3721,0,1,0,303,38,5,18,0.9087103542406112,0.1694229245185852,312.76024048181864,637.8381609545096
3722,1,0,1,459,48,4,11,0.6061688305344433,0.4517896354664117,346.05711644686704,681.275426815697
3723,0,0,0,409,48,9,16,0.6061688305344433,0.4517896354664117,327.19290008975963,692.2222376491612
3724,0,0,0,267,45,6,15,0.8977528435643762,0.5364251248538494,323.8748863855307,751.0732779586954
3725,1,0,0,304,50,4,18,0.9892466596793383,0.7492987331934273,393.92706768558156,677.7012066420771
3726,0,0,0,388,50,5,24,0.9892466596793383,0.7492987331934273,317.9826118289332,694.4298025119589
3727,1,0,0,352,26,9,23,0.26668567629531026,0.7934630094096065,323.9136859896832,657.0295359227541
3728,0,1,0,14,25,5,22,0.8063855252694339,0.0688752664718777,302.19882796509097,559.6956424273327
3729,0,1,0,431,27,5,21,0.042702050879597664,0.5714270058088005,275.3030947637109,592.6687096174626
3730,1,0,0,453,19,6,23,0.48323641112074256,0.5905635331291705,244.10887129991318,573.875143682997
3731,1,1,1,55,6,7,26,0.7426119421143085,0.6856354165356606,313.50037715221526,650.9006775906894
3732,0,0,1,35,29,8,25,0.5533483980689198,0.980351353995502,295.0731472236999,523.0542992609281
3733,0,0,0,298,10,2,20,0.25994612858630717,0.03773271921090782,308.12838567232274,542.8081894025498
3734,0,0,0,235,1,5,19,0.774368490325287,0.06913358555175364,349.6058223083326,694.6560517403352
3735,0,0,0,364,49,6,18,0.5121942616533488,0.6461082133464515,273.7835858623774,617.1640216010629
3736,0,0,0,15,37,6,21,0.28013089881278574,0.967524380190298,200.12390676846246,382.8327859248592
3737,0,1,1,113,29,5,24,0.5533483980689198,0.980351353995502,208.0417190139195,378.8122870115008
3738,1,0,0,164,3,5,26,0.978013844229281,0.1299455715343356,351.6576410110675,668.6419212453109
3739,0,0,1,326,14,5,25,0.14216354000382125,0.6515949983149767,258.1911605914045,589.2104752163472
3740,0,1,0,381,4,6,21,0.20132735022343695,0.74613202130422,271.451384052567,606.2462614414793
3741,0,0,1,454,31,9,17,0.46977853984571993,0.7659584856592119,310.87034955649426,613.3649177782253
3742,1,0,1,164,3,5,26,0.978013844229281,0.1299455715343356,320.31077013916723,589.8318089186512
3743,0,0,0,287,15,3,22,0.21112623764202,0.9238038510084152,244.3683080763646,495.86085822591366
3744,0,0,0,12,1,3,22,0.774368490325287,0.06913358555175364,314.9008601268271,609.0591693336406
3745,1,0,0,28,29,3,18,0.5533483980689198,0.980351353995502,349.98661996109286,731.1245922427499
3746,0,1,0,271,38,3,20,0.9087103542406112,0.1694229245185852,338.9250366685912,660.7993207628809
3747,1,0,0,179,28,1,17,0.6121745223645121,0.048944066278636456,402.6661752042568,758.5059414693005
3748,0,0,0,262,23,5,27,0.03834434738382697,0.6661178111098707,239.00118415697267,431.8213461195153
3749,0,0,0,436,15,5,17,0.21112623764202,0.9238038510084152,237.79982646416798,416.075681312207
3750,0,1,0,243,32,7,13,0.39761656103655696,0.7758463725913316,280.2170148597152,567.4779819769661
3751,0,0,0,161,41,3,18,0.24443748919293284,0.13247077818959951,322.9712082256759,694.1875538258212
3752,1,0,0,35,29,8,25,0.5533483980689198,0.980351353995502,312.88980089761935,615.5655067247369
3753,0,0,1,420,12,8,22,0.016379052540287375,0.8120638781692833,289.97252094743857,637.0643315390475
3754,1,0,0,65,43,10,24,0.11839594203047454,0.37822385248728096,308.9605801772653,657.7060024822107
3755,0,0,0,450,30,4,23,0.8535007652826607,0.9145373487845063,318.0608295316652,635.27890979233
3756,0,0,0,249,42,3,20,0.5309706551488489,0.07851310959085822,286.81284484005937,506.412056402966
3757,0,0,1,366,23,5,18,0.03834434738382697,0.6661178111098707,227.49955464522267,560.7342332263644
3758,1,1,0,400,3,6,19,0.978013844229281,0.1299455715343356,367.2625719806691,713.7899281050751
3759,1,1,0,279,45,6,18,0.8977528435643762,0.5364251248538494,363.81786605468756,731.1796883787091
3760,1,0,0,333,1,2,36,0.774368490325287,0.06913358555175364,358.19911853055345,770.8782614571439
3761,0,1,1,18,48,5,30,0.6061688305344433,0.4517896354664117,273.3943772131212,538.3387281251164
3762,0,1,0,427,34,4,23,0.5088973850943148,0.8422173084691167,267.08680681021457,467.50988059693617
3763,0,0,1,39,26,5,12,0.26668567629531026,0.7934630094096065,271.46740698427897,563.7411457215757
3764,1,1,1,335,47,7,16,0.3773106967564672,0.7403151453472674,283.0010859154069,562.6048438661378
3765,0,0,0,432,12,6,22,0.016379052540287375,0.8120638781692833,249.24419070706463,578.2919951490143
3766,0,1,0,378,16,9,18,0.8112564436160028,0.26610612077638507,327.70337228482987,595.2350199430393
3767,0,1,0,206,8,5,13,0.49811370903626084,0.8910799578297883,263.4531897102813,543.8999023893648
3768,0,1,1,355,2,0,14,0.19722419138997793,0.08462062571197748,263.2323814778086,548.933124763312
3769,0,0,0,426,42,5,11,0.5309706551488489,0.07851310959085822,239.47104871673076,527.4754857796471
3770,0,0,0,320,40,6,20,0.5589970224536955,0.8726507888641208,257.82585103474315,638.537042628956
3771,0,0,0,31,17,5,16,0.03654719586484134,0.2661329871043563,269.61605468431327,575.724043977071
3772,1,0,0,170,40,4,22,0.5589970224536955,0.8726507888641208,314.96821300514597,660.6146817055842
3773,0,0,1,395,50,3,23,0.9892466596793383,0.7492987331934273,258.3799735738647,596.9882922765674
3774,1,1,0,89,41,5,23,0.24443748919293284,0.13247077818959951,299.1859820787703,668.7738200675867
3775,1,0,1,1,25,1,21,0.8063855252694339,0.0688752664718777,357.499736074906,785.2178365608278
3776,1,0,0,382,21,4,28,0.9842240803409368,0.6037942769471556,371.27321065101427,629.9782157377474
3777,0,1,1,373,13,8,16,0.09574478422291577,0.2606025456916541,252.1771095244452,531.0608121601804
3778,0,0,0,232,21,8,29,0.9842240803409368,0.6037942769471556,242.28471014561114,503.61773514043415
3779,0,0,0,374,33,6,16,0.8046367336064577,0.31251504993997514,318.3871636770198,656.6868688678126
3780,0,1,0,475,16,6,19,0.8112564436160028,0.26610612077638507,391.05604225450287,777.6197990614239
3781,0,1,0,90,46,9,18,0.7385737628210336,0.10853192373178899,307.9066605885132,574.7179208157636
3782,0,0,0,376,36,2,28,0.49425172130577266,0.7565638932865113,281.41370547484763,542.6793846607777
3783,0,0,1,198,13,4,20,0.09574478422291577,0.2606025456916541,271.68690553639044,579.4624259481835
3784,0,0,0,477,14,4,25,0.14216354000382125,0.6515949983149767,239.6630231365424,441.1927738752221
3785,0,0,0,407,15,6,19,0.21112623764202,0.9238038510084152,282.5306017977126,628.2820264602143
3786,0,0,0,62,36,2,23,0.49425172130577266,0.7565638932865113,308.40375857810955,567.6388929395209
3787,0,0,1,479,31,4,20,0.46977853984571993,0.7659584856592119,292.1377480566395,539.7011273975813
3788,0,0,0,216,36,4,27,0.49425172130577266,0.7565638932865113,293.891995345213,663.5791879183643
3789,0,0,1,14,25,5,22,0.8063855252694339,0.0688752664718777,346.1919727882354,749.3355410732635
3790,0,1,0,180,29,2,19,0.5533483980689198,0.980351353995502,252.77222860224796,484.3813013220942
3791,1,0,0,89,41,5,23,0.24443748919293284,0.13247077818959951,299.9474226700536,612.4054561471243
3792,0,0,0,109,27,2,33,0.042702050879597664,0.5714270058088005,279.0635312547617,604.8514215157659
3793,1,0,0,116,48,3,20,0.6061688305344433,0.4517896354664117,339.8874796451787,665.7430902687325
3794,1,1,0,394,42,5,28,0.5309706551488489,0.07851310959085822,331.87603162118756,627.7582039403623
3795,0,0,0,387,43,12,24,0.11839594203047454,0.37822385248728096,246.57537144153332,526.9878784122865
3796,1,1,0,217,30,6,25,0.8535007652826607,0.9145373487845063,323.91074369193774,630.8815730964736
3797,1,1,0,63,47,5,28,0.3773106967564672,0.7403151453472674,304.4334968605634,562.1028162000888
3798,1,1,1,488,1,9,17,0.774368490325287,0.06913358555175364,302.48825361723425,647.5279634251121
3799,1,0,1,297,3,8,23,0.978013844229281,0.1299455715343356,327.8594980142682,666.5446105601569
3800,1,0,1,251,26,3,20,0.26668567629531026,0.7934630094096065,327.0015002113375,668.5952708394673
3801,1,1,0,463,47,8,21,0.3773106967564672,0.7403151453472674,287.4605446961617,528.7489822981391
3802,0,0,1,84,31,4,20,0.46977853984571993,0.7659584856592119,265.1511933292234,557.751287818803
3803,0,1,0,358,1,1,29,0.774368490325287,0.06913358555175364,274.5528728774422,497.43669402347007
3804,0,0,0,256,10,9,27,0.25994612858630717,0.03773271921090782,237.61176890823214,586.5804617517416
3805,0,1,0,80,19,3,18,0.48323641112074256,0.5905635331291705,320.46803123066775,672.3566860075293
3806,0,0,1,461,14,5,18,0.14216354000382125,0.6515949983149767,301.03288946002687,667.2331188377233
3807,0,1,0,84,31,4,20,0.46977853984571993,0.7659584856592119,311.4691005122479,622.4604970212125
3808,0,0,1,482,42,5,19,0.5309706551488489,0.07851310959085822,246.81444088765872,612.2433452231736
3809,0,1,0,274,40,3,20,0.5589970224536955,0.8726507888641208,290.3686069205193,577.5200096143946
3810,0,0,0,108,30,4,23,0.8535007652826607,0.9145373487845063,303.4426274090735,598.1645972587555
3811,0,0,0,102,18,5,22,0.8916374130640179,0.9109178960788995,285.3797187762604,534.607785840758
3812,1,0,1,465,3,5,16,0.978013844229281,0.1299455715343356,383.591910185317,837.8628688556548
3813,1,1,1,389,10,7,21,0.25994612858630717,0.03773271921090782,284.9304073605863,566.0162740786403
3814,0,0,1,168,39,6,24,0.7841161577962339,0.6968751777894795,305.69439644864354,600.8275017118316
3815,0,0,0,278,50,4,18,0.9892466596793383,0.7492987331934273,305.98411445114647,634.0405538803559
3816,0,0,0,311,9,3,24,0.013315835734829307,0.08963611628860235,218.31394120748425,387.5618958957313
3817,0,0,1,75,25,3,13,0.8063855252694339,0.0688752664718777,331.83969713470975,673.6445143036552
3818,0,0,1,64,45,1,18,0.8977528435643762,0.5364251248538494,260.10029612848507,481.1984090781074
3819,1,1,1,257,4,7,24,0.20132735022343695,0.74613202130422,283.4997371659989,555.6140981610351
3820,0,1,1,242,41,5,15,0.24443748919293284,0.13247077818959951,240.80164196306146,486.6500591336193
3821,0,0,0,29,23,3,18,0.03834434738382697,0.6661178111098707,262.1522767851038,600.6183029033887
3822,0,0,0,320,40,6,20,0.5589970224536955,0.8726507888641208,264.7602653430505,513.3569414796807
3823,0,1,1,263,39,5,14,0.7841161577962339,0.6968751777894795,280.3178378208025,647.5033318574931
3824,0,0,0,268,18,7,24,0.8916374130640179,0.9109178960788995,276.8144095364124,524.0518078120048
3825,0,1,0,241,49,4,22,0.5121942616533488,0.6461082133464515,291.0749925013701,632.5994710794807
3826,1,0,0,157,46,8,28,0.7385737628210336,0.10853192373178899,322.8780537922714,706.666954101177
3827,0,0,1,371,44,3,15,0.9833834334276617,0.5796247583348304,361.07591376108843,699.9388232145509
3828,0,0,0,346,41,8,26,0.24443748919293284,0.13247077818959951,289.5507857054629,559.9952393663234
3829,0,0,0,157,46,8,28,0.7385737628210336,0.10853192373178899,257.10839763974576,519.1754896873288
3830,0,1,0,157,46,8,28,0.7385737628210336,0.10853192373178899,312.6716036029859,709.8401936760213
3831,1,1,0,46,37,7,20,0.28013089881278574,0.967524380190298,276.1184669168047,639.4539031795888
3832,1,0,1,207,24,6,18,0.14149569114670157,0.8747874984983355,309.8376893677399,628.7150474079073
3833,0,0,0,285,29,4,24,0.5533483980689198,0.980351353995502,246.38137908607547,448.0717874281223
3834,0,0,0,171,28,4,14,0.6121745223645121,0.048944066278636456,293.7976019260813,666.2161464401729
3835,0,0,1,27,35,3,22,0.6349153537303209,0.31414990592747927,287.1357883573238,578.4240373661214
3836,0,0,1,363,35,5,21,0.6349153537303209,0.31414990592747927,268.35797416172323,538.735272007436
3837,0,0,1,352,26,9,23,0.26668567629531026,0.7934630094096065,210.3983530907132,503.84713455890346
3838,0,0,0,16,26,3,16,0.26668567629531026,0.7934630094096065,258.07031937818635,612.094905122502
3839,0,0,0,78,6,6,20,0.7426119421143085,0.6856354165356606,314.66531271981177,619.2665886519038
3840,0,0,0,202,44,6,16,0.9833834334276617,0.5796247583348304,321.2486663260275,632.1167961376425
3841,0,0,0,487,47,4,15,0.3773106967564672,0.7403151453472674,246.11792093141543,504.7935762389431
3842,0,0,1,477,14,4,25,0.14216354000382125,0.6515949983149767,255.08703628487604,589.6521165867377
3843,0,0,0,257,4,7,24,0.20132735022343695,0.74613202130422,206.24201425912543,446.416052682079
3844,0,1,1,414,39,3,29,0.7841161577962339,0.6968751777894795,321.4573977292417,598.8607070972848
3845,0,1,1,290,39,0,22,0.7841161577962339,0.6968751777894795,291.4896780960977,552.9290229161605
3846,0,0,1,302,19,4,20,0.48323641112074256,0.5905635331291705,290.8771642458041,664.7712989774776
3847,0,0,1,303,38,5,18,0.9087103542406112,0.1694229245185852,295.5486785967447,581.0488355685094
3848,0,0,0,61,2,1,20,0.19722419138997793,0.08462062571197748,300.7552354110217,632.9281643317908
3849,1,1,0,322,31,4,21,0.46977853984571993,0.7659584856592119,348.72151611397385,640.4125260569697
3850,0,0,1,421,12,5,20,0.016379052540287375,0.8120638781692833,180.1102634736576,430.0822131404455
3851,0,0,0,286,41,6,18,0.24443748919293284,0.13247077818959951,269.4518777436321,550.484603536388
3852,1,0,1,489,18,5,26,0.8916374130640179,0.9109178960788995,332.45139050072544,662.8908407665058
3853,0,0,0,255,19,5,19,0.48323641112074256,0.5905635331291705,222.26587481577025,494.47689157111944
3854,1,1,0,298,10,2,20,0.25994612858630717,0.03773271921090782,331.43178091726566,674.940513543883
3855,0,1,1,252,21,2,17,0.9842240803409368,0.6037942769471556,351.1514860501639,750.6412618876852
3856,0,0,0,464,41,4,26,0.24443748919293284,0.13247077818959951,277.9106242589824,581.9463040749334
3857,0,0,0,202,44,6,16,0.9833834334276617,0.5796247583348304,318.54853083470874,691.56392270604
3858,0,1,0,20,30,6,26,0.8535007652826607,0.9145373487845063,324.74090250887764,621.589626851659
3859,0,1,0,142,23,7,15,0.03834434738382697,0.6661178111098707,226.25667553945658,463.9943033495385
3860,1,1,0,6,41,7,27,0.24443748919293284,0.13247077818959951,338.69391907206233,609.0658367809592
3861,0,0,1,313,17,8,17,0.03654719586484134,0.2661329871043563,255.71156970462727,542.3329544944378
3862,0,0,1,389,10,7,21,0.25994612858630717,0.03773271921090782,305.92241221223856,750.149953973887
3863,0,0,0,382,21,4,28,0.9842240803409368,0.6037942769471556,273.62858411071727,510.1624256030059
3864,0,0,0,494,41,3,24,0.24443748919293284,0.13247077818959951,324.39489639182,724.6807409603211
3865,0,0,1,323,27,9,11,0.042702050879597664,0.5714270058088005,234.40777359369858,488.41158454130897
3866,1,1,1,50,50,4,23,0.9892466596793383,0.7492987331934273,366.1121016751864,620.0338746081432
3867,0,0,0,278,50,4,18,0.9892466596793383,0.7492987331934273,277.69814534076045,593.6051017798668
3868,0,0,1,82,27,3,27,0.042702050879597664,0.5714270058088005,287.8207347491085,636.6103654512929
3869,1,0,0,290,39,0,22,0.7841161577962339,0.6968751777894795,259.2149630624574,536.7808678804562
3870,0,1,0,356,47,10,25,0.3773106967564672,0.7403151453472674,249.10873265972876,517.7637712327032
3871,0,0,1,317,10,7,22,0.25994612858630717,0.03773271921090782,292.7973929390832,608.4292944574877
3872,0,0,1,50,50,4,23,0.9892466596793383,0.7492987331934273,313.3109140048456,528.6372410815717
3873,1,0,1,327,13,5,18,0.09574478422291577,0.2606025456916541,326.2114877975108,603.1701471428413
3874,1,1,0,177,19,5,23,0.48323641112074256,0.5905635331291705,259.7109411954017,516.7168640164314
3875,1,0,1,227,44,10,24,0.9833834334276617,0.5796247583348304,315.8248668102983,653.3096858055508
3876,0,0,0,491,39,7,21,0.7841161577962339,0.6968751777894795,264.4186311640913,653.4184634203123
3877,0,0,0,306,46,5,21,0.7385737628210336,0.10853192373178899,253.45930495148542,504.9548682114297
3878,0,1,1,29,23,3,18,0.03834434738382697,0.6661178111098707,210.41551496916253,563.4045613496452
3879,0,0,0,49,1,5,20,0.774368490325287,0.06913358555175364,303.0300849390278,583.7936087777839
3880,1,0,0,351,2,5,21,0.19722419138997793,0.08462062571197748,308.3749252171699,618.0231306060299
3881,0,1,1,151,24,6,17,0.14149569114670157,0.8747874984983355,286.9840438697368,613.6143295382311
3882,0,0,1,104,9,3,21,0.013315835734829307,0.08963611628860235,263.0552743195723,479.08533443808267
3883,0,0,0,281,37,4,27,0.28013089881278574,0.967524380190298,318.84880011218604,594.6311717552835
3884,0,0,0,313,17,8,17,0.03654719586484134,0.2661329871043563,237.27215683445488,551.1979920294891
3885,1,0,0,55,6,7,26,0.7426119421143085,0.6856354165356606,318.94238244558704,616.13843164431
3886,0,0,0,82,27,3,27,0.042702050879597664,0.5714270058088005,327.41597232355366,580.5876634658348
3887,0,0,1,45,11,3,17,0.775893080746755,0.774874358670786,361.83212870528615,691.8709929700098
3888,0,1,0,383,14,4,27,0.14216354000382125,0.6515949983149767,267.60455684653346,505.71944952663335
3889,1,0,0,311,9,3,24,0.013315835734829307,0.08963611628860235,288.4277024319964,602.7577933590183
3890,0,0,0,289,12,4,23,0.016379052540287375,0.8120638781692833,267.8406413856427,561.8287055590138
3891,0,0,0,42,48,5,20,0.6061688305344433,0.4517896354664117,282.8748086168662,480.3318836018036
3892,0,0,0,470,39,5,22,0.7841161577962339,0.6968751777894795,335.87358820424157,704.9648116216955
3893,0,0,0,487,47,4,15,0.3773106967564672,0.7403151453472674,258.711788388236,505.63247270580035
3894,0,0,0,46,37,7,20,0.28013089881278574,0.967524380190298,266.547092848911,599.1105225109818
3895,1,0,1,314,9,6,20,0.013315835734829307,0.08963611628860235,275.25226248885815,645.7655428911117
3896,0,0,0,204,45,11,19,0.8977528435643762,0.5364251248538494,317.13707250319595,679.198848672242
3897,0,0,0,180,29,2,19,0.5533483980689198,0.980351353995502,286.3757373030165,523.453037569771
3898,1,0,1,293,43,3,32,0.11839594203047454,0.37822385248728096,266.90169596627715,538.6960699580441
3899,0,0,0,155,33,3,20,0.8046367336064577,0.31251504993997514,376.2410079951957,829.8805226694401
3900,0,1,0,474,33,2,23,0.8046367336064577,0.31251504993997514,301.7059101967502,536.5168220149428
3901,0,0,1,163,48,6,19,0.6061688305344433,0.4517896354664117,338.46908921719404,803.396744622359
3902,0,1,1,3,8,4,20,0.49811370903626084,0.8910799578297883,319.7151624232473,577.8653653847873
3903,0,0,0,426,42,5,11,0.5309706551488489,0.07851310959085822,266.9953200065246,603.7842805591988
3904,0,0,1,375,19,5,22,0.48323641112074256,0.5905635331291705,215.49634685754822,555.6345638943965
3905,0,0,1,281,37,4,27,0.28013089881278574,0.967524380190298,252.65593556637361,468.96967092021674
3906,1,0,0,6,41,7,27,0.24443748919293284,0.13247077818959951,322.86176959036044,677.8522070547207
3907,0,1,1,252,21,2,17,0.9842240803409368,0.6037942769471556,348.28831811662064,624.2258733016297
3908,0,0,1,165,13,5,14,0.09574478422291577,0.2606025456916541,220.83432717064042,624.9922003399016
3909,0,0,0,52,33,9,17,0.8046367336064577,0.31251504993997514,270.7123200898716,531.3067479657241
3910,0,0,0,409,48,9,16,0.6061688305344433,0.4517896354664117,315.62987219811134,590.2378451008827
3911,0,0,0,94,32,2,21,0.39761656103655696,0.7758463725913316,259.7640230419299,544.5154319246624
3912,0,0,0,293,43,3,32,0.11839594203047454,0.37822385248728096,243.31054418153965,544.6688470052889
3913,0,0,0,443,22,5,21,0.6013455470092595,0.32826394867151976,277.2501430501048,581.7066243947914
3914,0,1,1,189,1,9,26,0.774368490325287,0.06913358555175364,320.0469114232414,768.5290909467344
3915,0,0,0,301,25,7,27,0.8063855252694339,0.0688752664718777,353.2049743879242,630.5324844220249
3916,0,0,0,292,46,4,21,0.7385737628210336,0.10853192373178899,323.9498966584547,589.2690752714045
3917,0,1,0,430,31,2,20,0.46977853984571993,0.7659584856592119,269.09634206414125,580.1928674434525
3918,0,0,0,85,19,3,27,0.48323641112074256,0.5905635331291705,306.4278333894665,543.2545141048782
3919,0,1,0,335,47,7,16,0.3773106967564672,0.7403151453472674,240.3130845708623,472.2035694425387
3920,0,0,0,177,19,5,23,0.48323641112074256,0.5905635331291705,247.88146630924592,566.2852302844462
3921,0,0,0,8,25,5,23,0.8063855252694339,0.0688752664718777,270.3435363892845,573.4249274540025
3922,0,0,1,186,36,3,15,0.49425172130577266,0.7565638932865113,289.5998000477399,555.0270481246523
3923,0,1,1,412,18,5,29,0.8916374130640179,0.9109178960788995,361.513787888779,679.504692381403
3924,1,0,0,439,17,6,23,0.03654719586484134,0.2661329871043563,281.3647529742383,659.8169671927435
3925,1,1,1,88,14,4,18,0.14216354000382125,0.6515949983149767,340.75427300833263,728.0505413808673
3926,0,0,0,58,48,6,22,0.6061688305344433,0.4517896354664117,291.4449048415584,573.4890785651006
3927,1,1,0,348,12,6,32,0.016379052540287375,0.8120638781692833,269.35112727311713,530.4065340920112
3928,0,1,0,373,13,8,16,0.09574478422291577,0.2606025456916541,318.32441038168935,568.6041169281577
3929,0,0,0,451,3,6,18,0.978013844229281,0.1299455715343356,311.7849473407733,684.6992419247133
3930,0,0,1,435,31,6,12,0.46977853984571993,0.7659584856592119,272.0739428226288,571.6604559323744
3931,0,0,0,440,26,5,19,0.26668567629531026,0.7934630094096065,272.16367410351376,552.6098492560399
3932,0,0,1,289,12,4,23,0.016379052540287375,0.8120638781692833,257.73820082032717,479.92827368862964
3933,1,0,0,64,45,1,18,0.8977528435643762,0.5364251248538494,367.150949533818,760.4997008848172
3934,0,0,0,304,50,4,18,0.9892466596793383,0.7492987331934273,320.79070196336886,682.2259247585289
3935,0,1,0,325,31,2,17,0.46977853984571993,0.7659584856592119,324.3456192090692,625.6471204810467
3936,0,1,0,344,50,7,16,0.9892466596793383,0.7492987331934273,370.5119070258098,749.1803206364531
3937,0,1,0,305,28,5,17,0.6121745223645121,0.048944066278636456,321.09566018266594,714.6909705445883
3938,1,0,0,424,35,3,19,0.6349153537303209,0.31414990592747927,352.2695849135183,777.8695085107411
3939,0,1,0,428,38,11,25,0.9087103542406112,0.1694229245185852,291.6664272534906,708.8963010928999
3940,0,0,0,28,29,3,18,0.5533483980689198,0.980351353995502,305.23137404115744,685.4254015864136
3941,0,0,1,290,39,0,22,0.7841161577962339,0.6968751777894795,307.58076282790665,653.6723174687911
3942,0,0,0,56,18,3,28,0.8916374130640179,0.9109178960788995,292.7945521333702,589.6772274957748
3943,0,0,0,18,48,5,30,0.6061688305344433,0.4517896354664117,335.7802902592858,696.3088321467912
3944,0,1,1,270,29,7,22,0.5533483980689198,0.980351353995502,317.09193873755436,600.5013870448763
3945,0,1,1,442,50,4,19,0.9892466596793383,0.7492987331934273,341.2834184598238,671.2203224833041
3946,1,1,0,102,18,5,22,0.8916374130640179,0.9109178960788995,311.2846188000793,632.3695147964655
3947,0,0,0,398,47,4,13,0.3773106967564672,0.7403151453472674,226.90154972101578,456.96116137841886
3948,1,0,0,55,6,7,26,0.7426119421143085,0.6856354165356606,331.96802071870775,653.8553063400883
3949,0,0,0,160,20,6,19,0.4666645280085504,0.9181476451922208,323.6157049772574,699.1217664900155
3950,1,0,0,236,38,4,18,0.9087103542406112,0.1694229245185852,303.610039975005,569.3820418538874
3951,1,0,0,183,29,6,19,0.5533483980689198,0.980351353995502,326.01205558832015,672.5239204858945
3952,0,0,1,219,36,5,23,0.49425172130577266,0.7565638932865113,293.5535113557661,569.5996436572302
3953,0,0,0,490,34,7,20,0.5088973850943148,0.8422173084691167,255.95291108761484,608.6063410959897
3954,0,1,0,48,10,5,21,0.25994612858630717,0.03773271921090782,280.07938374885515,622.9321509231896
3955,0,1,0,303,38,5,18,0.9087103542406112,0.1694229245185852,391.22287504640536,809.1664485940274
3956,0,0,0,434,4,5,20,0.20132735022343695,0.74613202130422,262.0755840837211,548.6573785081148
3957,0,0,0,45,11,3,17,0.775893080746755,0.774874358670786,329.9833633212837,742.4247406177489
3958,0,0,0,154,16,4,23,0.8112564436160028,0.26610612077638507,296.0030488404327,600.856642462404
3959,0,0,1,307,7,7,27,0.9787284394260496,0.14397736149840057,314.47288916880194,573.7848609994242
3960,0,0,0,345,19,3,33,0.48323641112074256,0.5905635331291705,272.2250329211236,540.6173443145642
3961,0,0,1,25,20,7,18,0.4666645280085504,0.9181476451922208,308.78543093157083,658.424956050722
3962,0,0,0,8,25,5,23,0.8063855252694339,0.0688752664718777,323.0199524118185,622.5990442473937
3963,0,0,0,429,29,7,24,0.5533483980689198,0.980351353995502,247.55369718226274,460.3772688257833
3964,0,1,1,364,49,6,18,0.5121942616533488,0.6461082133464515,268.07400647575037,564.859544341891
3965,1,0,1,11,46,5,25,0.7385737628210336,0.10853192373178899,356.09316589169487,759.3636825105773
3966,0,1,1,190,10,7,25,0.25994612858630717,0.03773271921090782,316.5515656039196,657.1338562184173
3967,0,0,0,211,16,8,23,0.8112564436160028,0.26610612077638507,276.0159507876236,566.5203761511239
3968,0,0,0,486,28,5,15,0.6121745223645121,0.048944066278636456,334.71691209757626,617.7923766013905
3969,0,1,0,67,29,5,28,0.5533483980689198,0.980351353995502,275.0094618820741,627.0884299048882
3970,0,0,0,457,49,5,22,0.5121942616533488,0.6461082133464515,291.84640837331006,585.3413486133139
3971,1,0,1,190,10,7,25,0.25994612858630717,0.03773271921090782,310.88255557245895,651.2098610419295
3972,0,0,0,277,48,5,24,0.6061688305344433,0.4517896354664117,284.24044536301085,572.277803312917
3973,1,0,1,293,43,3,32,0.11839594203047454,0.37822385248728096,297.307370554084,588.0347708071348
3974,1,0,0,420,12,8,22,0.016379052540287375,0.8120638781692833,224.78234755823874,476.4027702496813
3975,0,1,0,430,31,2,20,0.46977853984571993,0.7659584856592119,259.25609812257153,497.94293006643676
3976,1,1,0,262,23,5,27,0.03834434738382697,0.6661178111098707,317.77845448538193,673.8631379206812
3977,0,0,1,256,10,9,27,0.25994612858630717,0.03773271921090782,271.4417291157097,652.6530370216664
3978,0,1,1,139,3,4,20,0.978013844229281,0.1299455715343356,374.36290898587936,778.4766448709692
3979,0,0,1,476,23,1,15,0.03834434738382697,0.6661178111098707,277.43714123913963,545.6934811254088
3980,0,1,1,176,17,10,21,0.03654719586484134,0.2661329871043563,232.00488726768998,481.2798953159364
3981,0,1,0,146,8,6,22,0.49811370903626084,0.8910799578297883,252.0608740713173,581.2486921503711
3982,0,0,1,370,27,6,21,0.042702050879597664,0.5714270058088005,271.1811386067458,578.7930159303013
3983,1,0,1,98,43,0,23,0.11839594203047454,0.37822385248728096,316.5139755127017,616.3120218336173
3984,1,0,0,31,17,5,16,0.03654719586484134,0.2661329871043563,337.3481706059149,610.8072403292913
3985,0,0,0,434,4,5,20,0.20132735022343695,0.74613202130422,291.40061083846075,552.8439462815329
3986,1,0,1,197,29,8,24,0.5533483980689198,0.980351353995502,249.61561898217175,486.94914010119334
3987,0,1,0,3,8,4,20,0.49811370903626084,0.8910799578297883,350.36449115877525,669.3003305412354
3988,0,0,0,390,6,6,25,0.7426119421143085,0.6856354165356606,281.0340681133654,594.1698429206193
3989,0,0,0,383,14,4,27,0.14216354000382125,0.6515949983149767,279.8288681588755,526.2241051416307
3990,0,1,1,457,49,5,22,0.5121942616533488,0.6461082133464515,243.2904566187997,555.5107810425955
3991,0,0,1,302,19,4,20,0.48323641112074256,0.5905635331291705,278.7443567226073,582.8932536941353
3992,0,1,0,253,18,4,24,0.8916374130640179,0.9109178960788995,359.13389194136874,699.0672131116173
3993,0,1,1,203,50,3,17,0.9892466596793383,0.7492987331934273,299.8331681734687,621.3120576767648
3994,1,0,0,222,2,3,20,0.19722419138997793,0.08462062571197748,283.41840818713484,528.6731287153734
3995,0,0,0,308,30,6,25,0.8535007652826607,0.9145373487845063,294.1540541320445,615.9238294750528
3996,0,0,1,491,39,7,21,0.7841161577962339,0.6968751777894795,290.9324235995839,571.0387831906642
3997,0,1,0,305,28,5,17,0.6121745223645121,0.048944066278636456,333.0593820330314,709.8350086557019
3998,0,0,0,162,31,3,23,0.46977853984571993,0.7659584856592119,254.9689666160457,497.385582288322
3999,1,0,0,98,43,0,23,0.11839594203047454,0.37822385248728096,320.82946527861594,659.3539667862788
4000,0,1,1,233,47,3,19,0.3773106967564672,0.7403151453472674,280.625256147761,581.6455569580851
4001,0,1,0,134,40,8,18,0.5589970224536955,0.8726507888641208,226.71344858174115,510.9738656528324
4002,0,0,0,372,13,4,16,0.09574478422291577,0.2606025456916541,267.04369218336126,543.1070502782051
4003,1,0,0,132,42,5,17,0.5309706551488489,0.07851310959085822,295.9812632709107,564.3899183313303
4004,0,0,0,35,29,8,25,0.5533483980689198,0.980351353995502,327.3966942267881,710.9269954574244
4005,1,1,0,468,48,6,14,0.6061688305344433,0.4517896354664117,307.26945074584785,654.5906926136521
4006,1,0,1,250,28,7,21,0.6121745223645121,0.048944066278636456,321.0925848233433,773.0966570043178
4007,0,0,1,360,29,7,33,0.5533483980689198,0.980351353995502,325.23799481795294,751.214624413843
4008,0,0,0,51,40,11,23,0.5589970224536955,0.8726507888641208,234.4946943509228,485.8633819197415
4009,1,1,1,24,35,2,27,0.6349153537303209,0.31414990592747927,335.8721498579945,648.2430664687638
4010,0,0,1,62,36,2,23,0.49425172130577266,0.7565638932865113,297.00394762489015,569.336886514858
4011,0,0,1,234,22,8,19,0.6013455470092595,0.32826394867151976,323.27986013377097,711.9103090555718
4012,1,0,0,202,44,6,16,0.9833834334276617,0.5796247583348304,411.49319580734453,750.5431208563743
4013,0,1,1,252,21,2,17,0.9842240803409368,0.6037942769471556,368.7862997792582,669.1931554906054
4014,0,0,0,272,44,5,19,0.9833834334276617,0.5796247583348304,319.726536798447,611.2213166575699
4015,0,1,1,268,18,7,24,0.8916374130640179,0.9109178960788995,294.6961817485418,637.313493953679
4016,1,0,0,35,29,8,25,0.5533483980689198,0.980351353995502,280.57040672849155,509.4661091807669
4017,0,1,0,456,15,7,24,0.21112623764202,0.9238038510084152,272.47401256664466,567.5670043315971
4018,0,0,0,85,19,3,27,0.48323641112074256,0.5905635331291705,287.63858284381337,574.8544041525042
4019,0,0,0,189,1,9,26,0.774368490325287,0.06913358555175364,299.557594989284,667.0432621009274
4020,0,0,1,455,50,3,19,0.9892466596793383,0.7492987331934273,302.1721377137699,525.0593781340301
4021,0,0,0,491,39,7,21,0.7841161577962339,0.6968751777894795,308.3730330123977,619.7104636349762
4022,0,0,0,112,19,5,30,0.48323641112074256,0.5905635331291705,255.29893205905404,478.8733559222825
4023,1,1,0,316,9,4,22,0.013315835734829307,0.08963611628860235,275.92644670262393,571.0522984796519
4024,0,1,1,445,38,9,16,0.9087103542406112,0.1694229245185852,355.672547358969,772.1426704112938
4025,0,0,1,326,14,5,25,0.14216354000382125,0.6515949983149767,240.85716841906373,535.7655017752056
4026,1,0,0,169,39,3,31,0.7841161577962339,0.6968751777894795,276.03402704667917,595.4863512777484
4027,1,1,0,401,17,7,15,0.03654719586484134,0.2661329871043563,311.35051184505295,668.5770571519339
4028,0,1,1,230,22,3,18,0.6013455470092595,0.32826394867151976,275.2508367504317,611.923109703373
4029,1,1,0,50,50,4,23,0.9892466596793383,0.7492987331934273,349.4196574974387,681.2646057367816
4030,0,0,0,126,11,10,20,0.775893080746755,0.774874358670786,316.9473349264919,715.9711572351987
4031,0,0,1,428,38,11,25,0.9087103542406112,0.1694229245185852,350.50327683624425,732.3735499132473
4032,0,1,1,260,10,4,22,0.25994612858630717,0.03773271921090782,233.70723752301,619.399362921645
4033,0,1,0,358,1,1,29,0.774368490325287,0.06913358555175364,321.35448743698356,568.6169868135258
4034,0,1,0,471,35,5,20,0.6349153537303209,0.31414990592747927,323.4933977076213,686.1407449789436
4035,0,0,1,395,50,3,23,0.9892466596793383,0.7492987331934273,334.167457442451,735.4725781194506
4036,1,0,1,12,1,3,22,0.774368490325287,0.06913358555175364,329.79953578426046,716.6279146586455
4037,1,1,1,112,19,5,30,0.48323641112074256,0.5905635331291705,355.8553299675663,748.5184579919708
4038,0,1,1,494,41,3,24,0.24443748919293284,0.13247077818959951,313.19325571060625,651.4440774150856
4039,0,0,0,489,18,5,26,0.8916374130640179,0.9109178960788995,362.91366107969793,805.9544173170232
4040,1,1,0,474,33,2,23,0.8046367336064577,0.31251504993997514,316.583698730045,695.1469281438342
4041,0,0,0,467,5,4,17,0.36124442727304995,0.0388791817240417,229.7447477294144,539.8161352615693
4042,1,1,0,403,41,3,27,0.24443748919293284,0.13247077818959951,322.27315937268077,559.0192830936445
4043,0,0,0,276,24,6,16,0.14149569114670157,0.8747874984983355,303.43656008242607,643.8323123682621
4044,0,0,1,249,42,3,20,0.5309706551488489,0.07851310959085822,297.4977842843545,543.4616174212099
4045,0,0,1,138,14,5,17,0.14216354000382125,0.6515949983149767,263.79180868428625,578.8381728041763
4046,0,0,1,271,38,3,20,0.9087103542406112,0.1694229245185852,277.3139154727883,510.69920611354263
4047,0,0,0,92,32,3,21,0.39761656103655696,0.7758463725913316,293.12555992808257,619.8944479183923
4048,1,0,0,223,39,5,17,0.7841161577962339,0.6968751777894795,320.09433459077513,686.9674295017436
4049,0,1,0,338,7,3,26,0.9787284394260496,0.14397736149840057,327.8971034592402,688.8124697399912
4050,1,1,0,48,10,5,21,0.25994612858630717,0.03773271921090782,329.66632738698314,659.407332724804
4051,1,0,0,343,38,2,20,0.9087103542406112,0.1694229245185852,356.64535635136434,721.3604619761189
4052,0,0,1,262,23,5,27,0.03834434738382697,0.6661178111098707,222.1196072844633,398.420609343826
4053,1,0,0,352,26,9,23,0.26668567629531026,0.7934630094096065,249.38843322930592,539.9784661368097
4054,1,0,0,292,46,4,21,0.7385737628210336,0.10853192373178899,318.26083708135246,648.9543748135994
4055,0,0,0,51,40,11,23,0.5589970224536955,0.8726507888641208,285.18975544130046,662.09421974943
4056,0,1,1,125,38,5,23,0.9087103542406112,0.1694229245185852,296.84013357213615,641.5178600214489
4057,1,1,0,284,10,6,19,0.25994612858630717,0.03773271921090782,321.4784716151704,589.4236221914763
4058,0,1,0,105,2,7,12,0.19722419138997793,0.08462062571197748,194.18562198028923,469.61220911554875
4059,0,0,0,217,30,6,25,0.8535007652826607,0.9145373487845063,279.927367924899,449.9014714373491
4060,0,1,0,241,49,4,22,0.5121942616533488,0.6461082133464515,334.30696431316534,646.7017288415396
4061,0,0,1,117,39,8,23,0.7841161577962339,0.6968751777894795,329.1298634578938,689.8066303931118
4062,0,1,0,486,28,5,15,0.6121745223645121,0.048944066278636456,302.31524037296043,677.883425959874
4063,1,0,1,65,43,10,24,0.11839594203047454,0.37822385248728096,207.97799374781823,478.86754512066085
4064,0,0,0,103,5,6,17,0.36124442727304995,0.0388791817240417,277.81756747303336,576.2643919395731
4065,0,0,0,255,19,5,19,0.48323641112074256,0.5905635331291705,322.6027168581106,621.2622103770861
4066,0,1,0,314,9,6,20,0.013315835734829307,0.08963611628860235,273.8055657164854,583.7377934335716
4067,1,1,0,1,25,1,21,0.8063855252694339,0.0688752664718777,372.7943458101182,742.169962941906
4068,0,0,0,117,39,8,23,0.7841161577962339,0.6968751777894795,286.83730276888,593.3435143798224
4069,0,1,0,181,37,7,22,0.28013089881278574,0.967524380190298,276.9765554845377,588.951387009447
4070,0,0,0,130,11,8,16,0.775893080746755,0.774874358670786,279.37875961723563,564.7164411387519
4071,0,0,0,456,15,7,24,0.21112623764202,0.9238038510084152,230.13389173166814,512.8262329176936
4072,0,0,0,18,48,5,30,0.6061688305344433,0.4517896354664117,302.9925310028694,667.4722851947104
4073,0,0,0,312,50,3,22,0.9892466596793383,0.7492987331934273,293.8646029499026,639.136682088251
4074,0,1,0,28,29,3,18,0.5533483980689198,0.980351353995502,339.1901157866931,665.3848347167717
4075,0,1,0,386,10,8,30,0.25994612858630717,0.03773271921090782,284.9143903202041,562.02396205788
4076,1,1,0,450,30,4,23,0.8535007652826607,0.9145373487845063,390.701259769407,827.2139817899059
4077,1,1,0,144,19,5,21,0.48323641112074256,0.5905635331291705,321.0188891267396,688.8036553653853
4078,0,0,0,98,43,0,23,0.11839594203047454,0.37822385248728096,217.5952380694705,430.88426709352626
4079,0,1,0,382,21,4,28,0.9842240803409368,0.6037942769471556,347.29215246878584,710.2840159388371
4080,0,1,0,61,2,1,20,0.19722419138997793,0.08462062571197748,325.1152168960883,610.1392592771791
4081,0,0,1,184,28,3,25,0.6121745223645121,0.048944066278636456,339.3663927621276,719.133053612759
4082,0,1,0,418,5,2,19,0.36124442727304995,0.0388791817240417,319.49240752908736,723.3422261559414
4083,1,0,1,400,3,6,19,0.978013844229281,0.1299455715343356,337.619384054248,662.2141068346368
4084,0,0,0,269,15,10,18,0.21112623764202,0.9238038510084152,208.23364877951417,442.7824015060073
4085,0,1,1,140,38,3,18,0.9087103542406112,0.1694229245185852,266.1357214813437,504.1689897399669
4086,1,0,0,479,31,4,20,0.46977853984571993,0.7659584856592119,279.6757556518686,509.2084917890303
4087,1,1,0,375,19,5,22,0.48323641112074256,0.5905635331291705,333.5472131657762,660.239941505578
4088,0,1,0,187,47,3,20,0.3773106967564672,0.7403151453472674,333.8001683453438,705.2605328883499
4089,0,0,1,386,10,8,30,0.25994612858630717,0.03773271921090782,270.0893998905239,494.8488800207547
4090,0,0,0,392,47,7,15,0.3773106967564672,0.7403151453472674,213.97696074163235,472.59952628900277
4091,0,0,0,115,26,6,26,0.26668567629531026,0.7934630094096065,262.5313134285754,491.4333805693911
4092,1,1,0,268,18,7,24,0.8916374130640179,0.9109178960788995,298.8894451888575,630.0791354012786
4093,0,1,0,63,47,5,28,0.3773106967564672,0.7403151453472674,304.10704813399695,660.9032165297757
4094,0,1,1,332,14,6,16,0.14216354000382125,0.6515949983149767,279.3587794343829,619.5623169672909
4095,0,0,0,386,10,8,30,0.25994612858630717,0.03773271921090782,237.67891968576532,492.01548770554245
4096,0,0,1,115,26,6,26,0.26668567629531026,0.7934630094096065,264.1739348962169,559.6266920804319
4097,0,0,0,279,45,6,18,0.8977528435643762,0.5364251248538494,363.02207935357995,798.8617384523918
4098,0,0,0,484,25,6,18,0.8063855252694339,0.0688752664718777,243.59688776326357,527.0275892689697
4099,0,0,0,335,47,7,16,0.3773106967564672,0.7403151453472674,260.0192986573063,536.8619709051011
4100,0,1,0,210,49,6,20,0.5121942616533488,0.6461082133464515,275.7702905140619,599.6619870849162
4101,0,1,0,190,10,7,25,0.25994612858630717,0.03773271921090782,259.4984172216695,569.6403859547696
4102,0,0,1,452,6,5,16,0.7426119421143085,0.6856354165356606,288.98374098628375,551.6960584008183
4103,0,0,1,58,48,6,22,0.6061688305344433,0.4517896354664117,212.65793536148007,521.7109715370519
4104,0,1,0,97,23,10,28,0.03834434738382697,0.6661178111098707,279.65282831590275,580.7674770772766
4105,0,0,0,396,29,5,18,0.5533483980689198,0.980351353995502,300.7278920567925,560.8173757933647
4106,1,0,0,103,5,6,17,0.36124442727304995,0.0388791817240417,271.04867453551446,696.023843676971
4107,0,0,0,180,29,2,19,0.5533483980689198,0.980351353995502,320.0545290164048,635.0391989584981
4108,0,0,1,464,41,4,26,0.24443748919293284,0.13247077818959951,284.4964479652108,577.3813520929468
4109,0,0,1,445,38,9,16,0.9087103542406112,0.1694229245185852,311.5438266695972,700.5072245663404
4110,0,0,1,386,10,8,30,0.25994612858630717,0.03773271921090782,298.625508927622,587.761576625687
4111,0,0,0,152,17,4,17,0.03654719586484134,0.2661329871043563,271.5230544751082,609.916228382284
4112,0,1,0,208,17,5,27,0.03654719586484134,0.2661329871043563,294.006712094196,549.216682084498
4113,0,0,0,499,13,5,16,0.09574478422291577,0.2606025456916541,276.4274713288322,577.9053562591308
4114,0,0,0,168,39,6,24,0.7841161577962339,0.6968751777894795,254.51695125808823,507.32215178368904
4115,0,1,0,309,14,2,25,0.14216354000382125,0.6515949983149767,251.91067345033287,500.23921710478635
4116,0,0,0,443,22,5,21,0.6013455470092595,0.32826394867151976,314.23432547210297,640.2958745266351
4117,1,0,0,370,27,6,21,0.042702050879597664,0.5714270058088005,282.18987903169403,567.4677877466003
4118,1,1,1,80,19,3,18,0.48323641112074256,0.5905635331291705,348.47712418727485,689.6865805904598
4119,1,1,1,470,39,5,22,0.7841161577962339,0.6968751777894795,347.40258531084964,704.7069184614255
4120,0,0,1,494,41,3,24,0.24443748919293284,0.13247077818959951,256.2856891303287,610.9295646398602
4121,0,0,0,256,10,9,27,0.25994612858630717,0.03773271921090782,242.9750215436052,545.1913061825816
4122,1,0,0,262,23,5,27,0.03834434738382697,0.6661178111098707,314.5802968150287,636.9015412339535
4123,0,1,1,233,47,3,19,0.3773106967564672,0.7403151453472674,297.90849256623295,535.418360634174
4124,0,1,1,243,32,7,13,0.39761656103655696,0.7758463725913316,322.4157064094614,597.1448737171004
4125,0,0,1,444,16,3,16,0.8112564436160028,0.26610612077638507,311.7832754520154,670.2777832634084
4126,0,1,0,410,7,2,28,0.9787284394260496,0.14397736149840057,354.7579369474662,715.8203454735971
4127,0,0,0,368,14,2,14,0.14216354000382125,0.6515949983149767,281.0663495430343,517.9945783045898
4128,0,1,0,87,4,5,28,0.20132735022343695,0.74613202130422,282.51600009063014,551.5966791445991
4129,0,0,0,197,29,8,24,0.5533483980689198,0.980351353995502,243.36197213486943,494.6521957621451
4130,1,0,0,175,48,7,16,0.6061688305344433,0.4517896354664117,319.8046471655425,689.3081862683782
4131,0,0,0,262,23,5,27,0.03834434738382697,0.6661178111098707,247.187663656048,615.5457143251983
4132,0,1,0,490,34,7,20,0.5088973850943148,0.8422173084691167,303.7734701187279,596.4660502058521
4133,0,0,0,284,10,6,19,0.25994612858630717,0.03773271921090782,294.2037271600762,577.1982644204927
4134,0,0,1,359,41,1,22,0.24443748919293284,0.13247077818959951,313.1246570386709,542.8835645368604
4135,1,0,1,392,47,7,15,0.3773106967564672,0.7403151453472674,253.88282774569615,547.7111313211167
4136,1,1,0,341,34,3,16,0.5088973850943148,0.8422173084691167,265.1311567982985,524.8821869140623
4137,0,0,0,52,33,9,17,0.8046367336064577,0.31251504993997514,261.6687898652459,542.1007354987565
4138,0,0,0,264,44,3,16,0.9833834334276617,0.5796247583348304,271.1796248729973,627.0652980086662
4139,0,0,0,392,47,7,15,0.3773106967564672,0.7403151453472674,304.2931448530672,622.9326377257178
4140,0,1,0,412,18,5,29,0.8916374130640179,0.9109178960788995,333.43232063096946,614.1237460091227
4141,1,0,0,429,29,7,24,0.5533483980689198,0.980351353995502,267.5420075288695,623.0855788615894
4142,1,0,1,5,49,2,15,0.5121942616533488,0.6461082133464515,326.4709927545894,742.396527088725
4143,0,0,1,213,41,2,27,0.24443748919293284,0.13247077818959951,305.1884391194643,607.6747891804389
4144,0,1,1,428,38,11,25,0.9087103542406112,0.1694229245185852,311.3602028688369,766.4539303876273
4145,0,0,0,470,39,5,22,0.7841161577962339,0.6968751777894795,300.65789976042583,554.8889372645023
4146,0,0,1,437,22,1,25,0.6013455470092595,0.32826394867151976,272.97479177608545,516.0433670202981
4147,0,0,0,275,1,5,12,0.774368490325287,0.06913358555175364,352.57850180385907,621.029393452623
4148,0,1,0,144,19,5,21,0.48323641112074256,0.5905635331291705,330.3179607480372,619.5181997326695
4149,0,0,0,316,9,4,22,0.013315835734829307,0.08963611628860235,295.02426158557626,680.6755222056902
4150,0,0,0,145,14,2,23,0.14216354000382125,0.6515949983149767,285.178190563298,556.943970313967
4151,0,1,0,185,27,6,20,0.042702050879597664,0.5714270058088005,224.50431643228504,545.0444246924471
4152,0,1,1,56,18,3,28,0.8916374130640179,0.9109178960788995,304.91572511447225,564.4107702840705
4153,1,0,0,153,10,6,20,0.25994612858630717,0.03773271921090782,306.44693248579034,644.6055816495498
4154,0,1,0,288,13,2,11,0.09574478422291577,0.2606025456916541,215.7059177508651,444.94488631422956
4155,0,0,0,340,14,2,21,0.14216354000382125,0.6515949983149767,300.4560541379028,535.4754054634311
4156,0,1,1,323,27,9,11,0.042702050879597664,0.5714270058088005,259.80683350760216,610.7954729150844
4157,0,0,0,164,3,5,26,0.978013844229281,0.1299455715343356,331.6653970143842,713.410478256088
4158,0,1,1,136,23,6,20,0.03834434738382697,0.6661178111098707,259.677987783315,531.5361777410825
4159,0,0,0,274,40,3,20,0.5589970224536955,0.8726507888641208,256.4966952682735,448.4595068152007
4160,0,0,1,145,14,2,23,0.14216354000382125,0.6515949983149767,212.92101035872088,419.1039752548053
4161,0,1,0,59,31,6,14,0.46977853984571993,0.7659584856592119,239.40719284705725,443.16098601502887
4162,0,1,1,146,8,6,22,0.49811370903626084,0.8910799578297883,295.70101234661666,581.5332231846945
4163,0,0,0,407,15,6,19,0.21112623764202,0.9238038510084152,255.65391088850163,582.8203556663391
4164,0,1,1,460,32,4,23,0.39761656103655696,0.7758463725913316,294.72841349888523,620.547971408777
4165,0,1,1,6,41,7,27,0.24443748919293284,0.13247077818959951,300.36126534448147,616.7685995519253
4166,1,1,0,56,18,3,28,0.8916374130640179,0.9109178960788995,271.56803722710947,576.5080428559716
4167,0,0,0,5,49,2,15,0.5121942616533488,0.6461082133464515,281.95981427047724,552.7317136312861
4168,1,1,0,8,25,5,23,0.8063855252694339,0.0688752664718777,348.97530141035355,687.5168648693895
4169,0,0,0,240,17,8,20,0.03654719586484134,0.2661329871043563,168.51800061974535,546.191806037876
4170,0,0,0,267,45,6,15,0.8977528435643762,0.5364251248538494,296.2263254144892,628.0960901596767
4171,1,0,0,179,28,1,17,0.6121745223645121,0.048944066278636456,349.0179827660947,761.6103572700454
4172,1,0,0,257,4,7,24,0.20132735022343695,0.74613202130422,287.68665473526835,565.3408357346009
4173,1,0,0,455,50,3,19,0.9892466596793383,0.7492987331934273,363.0423478206468,756.7074357079007
4174,1,0,1,343,38,2,20,0.9087103542406112,0.1694229245185852,361.3386796142334,714.2408387252923
4175,0,0,0,32,44,2,22,0.9833834334276617,0.5796247583348304,294.7793842284527,598.497782672785
4176,1,1,1,389,10,7,21,0.25994612858630717,0.03773271921090782,316.62476668739356,544.088135750561
4177,0,0,1,214,15,4,20,0.21112623764202,0.9238038510084152,275.2633447560811,572.3528772755477
4178,0,0,0,45,11,3,17,0.775893080746755,0.774874358670786,329.17033847919373,663.2082706431071
4179,0,1,1,453,19,6,23,0.48323641112074256,0.5905635331291705,330.85754812399887,679.9054644458272
4180,0,1,1,77,7,4,25,0.9787284394260496,0.14397736149840057,363.0932989698848,711.6807844666641
4181,0,1,1,429,29,7,24,0.5533483980689198,0.980351353995502,302.3926906467237,614.5393217765818
4182,1,0,0,43,31,4,16,0.46977853984571993,0.7659584856592119,262.01111675978865,534.8020789673135
4183,0,1,0,60,35,5,21,0.6349153537303209,0.31414990592747927,350.97187491805477,666.1489612420593
4184,1,0,0,452,6,5,16,0.7426119421143085,0.6856354165356606,312.15144916295316,677.752899453542
4185,1,0,0,234,22,8,19,0.6013455470092595,0.32826394867151976,363.75015250166916,842.6112406974565
4186,0,1,1,132,42,5,17,0.5309706551488489,0.07851310959085822,279.26312174716213,590.4636144702546
4187,0,0,1,210,49,6,20,0.5121942616533488,0.6461082133464515,258.9885786640789,606.4259247636877
4188,0,1,0,95,28,3,17,0.6121745223645121,0.048944066278636456,327.9199716185736,750.3896574823557
4189,0,0,0,427,34,4,23,0.5088973850943148,0.8422173084691167,286.8129127427446,666.8364817261993
4190,1,0,0,286,41,6,18,0.24443748919293284,0.13247077818959951,274.38453642577997,588.7658844635943
4191,0,0,1,348,12,6,32,0.016379052540287375,0.8120638781692833,200.29516842421913,485.3547285137151
4192,0,0,0,190,10,7,25,0.25994612858630717,0.03773271921090782,273.87555204754653,657.6684753616605
4193,0,0,0,337,6,7,22,0.7426119421143085,0.6856354165356606,260.45865703395094,506.28478288611177
4194,0,1,0,464,41,4,26,0.24443748919293284,0.13247077818959951,253.8743568815986,497.6428026307065
4195,0,0,1,218,49,8,27,0.5121942616533488,0.6461082133464515,263.1800359726525,599.3315416521369
4196,0,1,0,232,21,8,29,0.9842240803409368,0.6037942769471556,332.1499244372662,764.0571196648709
4197,1,0,1,99,42,5,22,0.5309706551488489,0.07851310959085822,357.02497736210074,716.9773727139374
4198,0,0,0,482,42,5,19,0.5309706551488489,0.07851310959085822,282.3631499070119,662.7936558298014
4199,0,0,1,450,30,4,23,0.8535007652826607,0.9145373487845063,318.67511661659324,627.8958226517935
4200,0,1,0,324,8,2,22,0.49811370903626084,0.8910799578297883,315.9339934452995,662.4276879650963
4201,0,0,1,242,41,5,15,0.24443748919293284,0.13247077818959951,283.17201183988936,565.7693162954304
4202,0,0,1,258,23,3,21,0.03834434738382697,0.6661178111098707,224.6931773875951,481.8342155205489
4203,0,0,1,456,15,7,24,0.21112623764202,0.9238038510084152,238.34056074514504,484.13263179593724
4204,1,0,0,99,42,5,22,0.5309706551488489,0.07851310959085822,329.19023727444466,604.161540213943
4205,0,1,0,473,9,5,11,0.013315835734829307,0.08963611628860235,309.1596987085097,692.864866061717
4206,0,0,0,376,36,2,28,0.49425172130577266,0.7565638932865113,278.23223473908246,642.5515827221409
4207,1,0,0,199,7,7,24,0.9787284394260496,0.14397736149840057,332.6668712798505,592.4692100137172
4208,0,1,0,178,47,4,18,0.3773106967564672,0.7403151453472674,298.4577914845043,594.3199766718667
4209,0,0,0,293,43,3,32,0.11839594203047454,0.37822385248728096,242.05800036459237,499.6005562922989
4210,1,1,0,382,21,4,28,0.9842240803409368,0.6037942769471556,338.93769764650546,689.0538256304195
4211,0,0,0,336,40,0,12,0.5589970224536955,0.8726507888641208,303.80345353269894,617.7558543212426
4212,0,1,1,346,41,8,26,0.24443748919293284,0.13247077818959951,286.1134784035694,487.53225560269254
4213,1,0,0,322,31,4,21,0.46977853984571993,0.7659584856592119,281.22068105553865,504.91779055491986
4214,1,1,0,370,27,6,21,0.042702050879597664,0.5714270058088005,252.79351953361436,544.8949364179807
4215,0,0,0,429,29,7,24,0.5533483980689198,0.980351353995502,259.60077768686654,536.9471681937168
4216,1,0,0,168,39,6,24,0.7841161577962339,0.6968751777894795,345.553927930557,715.5959251064534
4217,0,1,0,131,28,5,19,0.6121745223645121,0.048944066278636456,313.59641865191145,569.696182694617
4218,0,0,0,260,10,4,22,0.25994612858630717,0.03773271921090782,266.89016845519865,552.2842883133459
4219,0,0,0,251,26,3,20,0.26668567629531026,0.7934630094096065,266.1947142088878,553.7045934550355
4220,0,0,1,414,39,3,29,0.7841161577962339,0.6968751777894795,269.65836401741035,609.9110019877692
4221,0,0,1,345,19,3,33,0.48323641112074256,0.5905635331291705,248.01198756044212,536.5691143315723
4222,0,0,0,11,46,5,25,0.7385737628210336,0.10853192373178899,262.89218483281377,546.0951820827644
4223,0,0,0,178,47,4,18,0.3773106967564672,0.7403151453472674,224.05423483464818,505.6766289529925
4224,0,0,0,145,14,2,23,0.14216354000382125,0.6515949983149767,291.7394744342865,609.4393787969096
4225,0,0,0,10,19,2,22,0.48323641112074256,0.5905635331291705,276.14497916116267,552.6599754694302
4226,0,0,0,93,29,2,12,0.5533483980689198,0.980351353995502,281.39750088114505,620.9699553253649
4227,0,0,0,99,42,5,22,0.5309706551488489,0.07851310959085822,268.8438612413135,490.8800754338622
4228,0,0,1,207,24,6,18,0.14149569114670157,0.8747874984983355,328.4999652228497,636.3069677504648
4229,0,0,1,259,39,3,28,0.7841161577962339,0.6968751777894795,276.1659208700486,565.6831529525203
4230,0,0,0,347,2,3,14,0.19722419138997793,0.08462062571197748,298.8011257676935,594.2052941768876
4231,1,0,0,112,19,5,30,0.48323641112074256,0.5905635331291705,300.8082354112856,650.5541774345145
4232,0,0,0,248,50,8,17,0.9892466596793383,0.7492987331934273,333.28411060606936,610.0309013276786
4233,0,0,0,272,44,5,19,0.9833834334276617,0.5796247583348304,341.8936764928719,687.162681488996
4234,0,0,0,424,35,3,19,0.6349153537303209,0.31414990592747927,324.1333564299872,676.1734455919392
4235,0,0,0,170,40,4,22,0.5589970224536955,0.8726507888641208,239.91925483828635,540.1810932168426
4236,0,0,0,366,23,5,18,0.03834434738382697,0.6661178111098707,237.27299572306865,460.9337139266278
4237,0,0,0,47,33,7,27,0.8046367336064577,0.31251504993997514,289.6592948042789,569.9480660086991
4238,0,0,0,285,29,4,24,0.5533483980689198,0.980351353995502,289.26146232854524,569.5422945767887
4239,0,0,0,428,38,11,25,0.9087103542406112,0.1694229245185852,332.99502338423497,749.3295762919998
4240,0,1,0,221,37,7,22,0.28013089881278574,0.967524380190298,289.3593210743313,638.218870250573
4241,0,0,0,141,23,3,13,0.03834434738382697,0.6661178111098707,221.91227833558688,431.35107049604255
4242,0,1,0,57,24,5,24,0.14149569114670157,0.8747874984983355,278.274595309352,515.783442626414
4243,0,1,0,247,48,5,18,0.6061688305344433,0.4517896354664117,344.3659208074089,643.721464050003
4244,0,0,1,494,41,3,24,0.24443748919293284,0.13247077818959951,255.23279424369713,542.8113215359241
4245,0,0,0,177,19,5,23,0.48323641112074256,0.5905635331291705,273.32228776565233,568.9985598468704
4246,0,0,1,85,19,3,27,0.48323641112074256,0.5905635331291705,275.05121482064476,525.2550916561898
4247,0,0,0,370,27,6,21,0.042702050879597664,0.5714270058088005,249.02728689475012,493.5003420811766
4248,0,0,0,464,41,4,26,0.24443748919293284,0.13247077818959951,249.70108118636094,510.2143589415202
4249,0,1,0,15,37,6,21,0.28013089881278574,0.967524380190298,228.00974923115137,460.43101615155183
4250,0,1,0,133,20,7,11,0.4666645280085504,0.9181476451922208,288.96002207694846,656.7524445325719
4251,0,0,0,228,9,9,21,0.013315835734829307,0.08963611628860235,249.27294953152048,546.7329442488158
4252,1,0,0,201,35,2,21,0.6349153537303209,0.31414990592747927,335.88437193261814,617.7024929739722
4253,0,0,1,475,16,6,19,0.8112564436160028,0.26610612077638507,341.9275883403428,670.1546984900388
4254,1,0,0,284,10,6,19,0.25994612858630717,0.03773271921090782,282.4075408137353,634.432565239369
4255,0,0,1,489,18,5,26,0.8916374130640179,0.9109178960788995,311.8546836577658,605.1013635577209
4256,0,1,0,419,15,5,23,0.21112623764202,0.9238038510084152,301.62813208192625,657.0454034960457
4257,1,0,0,64,45,1,18,0.8977528435643762,0.5364251248538494,331.79746247453403,660.2930691054115
4258,0,1,1,3,8,4,20,0.49811370903626084,0.8910799578297883,281.2600437216355,547.9623148414975
4259,1,1,0,218,49,8,27,0.5121942616533488,0.6461082133464515,339.19982266083247,730.9458531447015
4260,0,0,0,280,42,4,15,0.5309706551488489,0.07851310959085822,328.86057487101135,647.5346096829236
4261,0,0,0,250,28,7,21,0.6121745223645121,0.048944066278636456,307.0508764855435,658.9247124885318
4262,1,0,0,289,12,4,23,0.016379052540287375,0.8120638781692833,301.8902262221707,597.9025966852537
4263,0,1,1,149,10,11,16,0.25994612858630717,0.03773271921090782,302.6071415250135,686.6762572269278
4264,0,1,0,98,43,0,23,0.11839594203047454,0.37822385248728096,273.83367966866984,586.1079211711619
4265,0,0,0,494,41,3,24,0.24443748919293284,0.13247077818959951,212.27794416517818,478.40256181904823
4266,0,0,0,46,37,7,20,0.28013089881278574,0.967524380190298,263.9028571955663,460.8446526258445
4267,0,0,1,40,48,7,21,0.6061688305344433,0.4517896354664117,319.3782336331987,610.8139926805464
4268,0,1,0,227,44,10,24,0.9833834334276617,0.5796247583348304,299.36870813077456,588.1230032159417
4269,1,0,1,164,3,5,26,0.978013844229281,0.1299455715343356,358.26439620383394,664.4644034396839
4270,0,1,0,254,4,3,19,0.20132735022343695,0.74613202130422,268.1091360180713,564.0000993710227
4271,0,1,0,354,38,3,27,0.9087103542406112,0.1694229245185852,278.1298126386005,589.4135492054918
4272,0,1,1,55,6,7,26,0.7426119421143085,0.6856354165356606,313.59161341083353,684.8907350618919
4273,0,0,0,491,39,7,21,0.7841161577962339,0.6968751777894795,337.80990668085013,655.487126985946
4274,0,0,0,75,25,3,13,0.8063855252694339,0.0688752664718777,311.69412332640496,670.8756489062496
4275,0,0,0,420,12,8,22,0.016379052540287375,0.8120638781692833,204.92675601460533,539.2170332170591
4276,0,0,0,295,4,3,28,0.20132735022343695,0.74613202130422,300.9279471643184,615.130211905412
4277,0,0,0,119,29,3,20,0.5533483980689198,0.980351353995502,295.14226300777966,729.2910311513173
4278,0,0,0,139,3,4,20,0.978013844229281,0.1299455715343356,341.532844331506,569.9686750089036
4279,0,1,0,22,31,2,14,0.46977853984571993,0.7659584856592119,285.3670667745095,550.8155288637695
4280,1,0,1,269,15,10,18,0.21112623764202,0.9238038510084152,299.7521057608349,695.880682707466
4281,0,1,1,249,42,3,20,0.5309706551488489,0.07851310959085822,348.05684260899284,758.7979156552248
4282,0,0,1,320,40,6,20,0.5589970224536955,0.8726507888641208,245.4751134118598,482.59508691973195
4283,0,0,0,19,38,6,21,0.9087103542406112,0.1694229245185852,291.49999111085157,565.7343423732729
4284,0,1,1,152,17,4,17,0.03654719586484134,0.2661329871043563,294.12425426365314,609.6400217392777
4285,0,0,1,44,29,3,19,0.5533483980689198,0.980351353995502,294.4561167085302,635.6367215450608
4286,0,0,1,335,47,7,16,0.3773106967564672,0.7403151453472674,266.3053189461393,559.112255271756
4287,0,0,0,331,9,2,10,0.013315835734829307,0.08963611628860235,287.1252959679848,589.6167115407321
4288,1,0,0,115,26,6,26,0.26668567629531026,0.7934630094096065,317.7574167463713,624.195905666246
4289,1,0,0,37,7,7,18,0.9787284394260496,0.14397736149840057,316.8820426042468,731.9732486635568
4290,0,1,0,414,39,3,29,0.7841161577962339,0.6968751777894795,309.0688214064429,572.3915228421442
4291,0,0,0,17,30,6,13,0.8535007652826607,0.9145373487845063,329.9248484250062,673.1679574587395
4292,0,0,1,199,7,7,24,0.9787284394260496,0.14397736149840057,357.66898524599304,678.4584599269249
4293,0,1,0,424,35,3,19,0.6349153537303209,0.31414990592747927,286.6002666116106,670.6488242362757
4294,0,0,0,204,45,11,19,0.8977528435643762,0.5364251248538494,310.41571847082827,683.6505129064133
4295,0,1,0,255,19,5,19,0.48323641112074256,0.5905635331291705,300.9626974769834,600.4129895006242
4296,0,0,0,340,14,2,21,0.14216354000382125,0.6515949983149767,245.71046124788253,535.0061405451063
4297,0,0,0,21,32,6,22,0.39761656103655696,0.7758463725913316,271.6995285043444,619.4658491119629
4298,0,1,0,21,32,6,22,0.39761656103655696,0.7758463725913316,272.15783375162323,627.4576879377569
4299,0,1,0,397,37,3,15,0.28013089881278574,0.967524380190298,288.6515114760716,462.21771813407304
4300,0,0,1,140,38,3,18,0.9087103542406112,0.1694229245185852,335.67153259813085,682.2860905562692
4301,0,0,0,322,31,4,21,0.46977853984571993,0.7659584856592119,298.1657484996442,677.527811656509
4302,1,0,0,354,38,3,27,0.9087103542406112,0.1694229245185852,294.65542920464486,708.6694264571345
4303,1,0,0,147,16,5,19,0.8112564436160028,0.26610612077638507,310.4608349213358,653.5933645970422
4304,0,0,1,382,21,4,28,0.9842240803409368,0.6037942769471556,294.93459611548064,624.744635121145
4305,0,0,1,460,32,4,23,0.39761656103655696,0.7758463725913316,298.0375061597921,574.019492189717
4306,1,1,0,47,33,7,27,0.8046367336064577,0.31251504993997514,360.31639092445636,731.3816393501393
4307,0,0,0,243,32,7,13,0.39761656103655696,0.7758463725913316,257.5734820830047,505.48146609238466
4308,1,0,1,97,23,10,28,0.03834434738382697,0.6661178111098707,256.80219159090376,447.031759685511
4309,0,0,1,239,46,4,15,0.7385737628210336,0.10853192373178899,332.6289041979214,634.3723171925749
4310,0,0,1,105,2,7,12,0.19722419138997793,0.08462062571197748,295.2356014029957,632.3955316980919
4311,0,0,0,404,11,4,17,0.775893080746755,0.774874358670786,251.3887813759022,521.0609273940797
4312,0,0,0,134,40,8,18,0.5589970224536955,0.8726507888641208,260.7781645733902,495.8973278270792
4313,0,0,0,358,1,1,29,0.774368490325287,0.06913358555175364,337.7087713377016,647.3495026124101
4314,0,0,1,359,41,1,22,0.24443748919293284,0.13247077818959951,243.79467428232684,359.7554626738689
4315,1,0,0,33,9,8,21,0.013315835734829307,0.08963611628860235,240.52750292188202,557.0329457156893
4316,0,1,0,372,13,4,16,0.09574478422291577,0.2606025456916541,240.2098061188526,501.4307331559574
4317,0,0,0,405,49,5,20,0.5121942616533488,0.6461082133464515,219.9207396615733,508.24620399308543
4318,0,1,1,220,38,5,15,0.9087103542406112,0.1694229245185852,337.78160328558926,687.6389298713352
4319,0,0,0,128,22,3,25,0.6013455470092595,0.32826394867151976,295.67667724513893,581.2776516605182
4320,0,0,1,265,27,5,24,0.042702050879597664,0.5714270058088005,220.35703809972904,484.06587298352275
4321,0,0,1,271,38,3,20,0.9087103542406112,0.1694229245185852,289.99410878683375,422.56382000572086
4322,0,0,1,487,47,4,15,0.3773106967564672,0.7403151453472674,322.8458117547583,608.2543898941477
4323,0,0,1,235,1,5,19,0.774368490325287,0.06913358555175364,326.89439140796645,664.193986695543
4324,0,1,1,167,21,6,21,0.9842240803409368,0.6037942769471556,314.4083952340231,640.868666322677
4325,0,0,1,240,17,8,20,0.03654719586484134,0.2661329871043563,244.63482773671583,512.2907286839237
4326,0,0,1,240,17,8,20,0.03654719586484134,0.2661329871043563,233.6475438880553,575.7144227293528
4327,0,0,1,270,29,7,22,0.5533483980689198,0.980351353995502,296.5500108543528,621.0659052315658
4328,0,0,0,266,48,8,13,0.6061688305344433,0.4517896354664117,308.5620122613219,555.0645004090738
4329,1,1,0,280,42,4,15,0.5309706551488489,0.07851310959085822,304.88339595285584,622.1151193896101
4330,0,0,0,458,22,9,18,0.6013455470092595,0.32826394867151976,283.353680268008,482.5763339517239
4331,0,1,1,146,8,6,22,0.49811370903626084,0.8910799578297883,324.3273316107232,643.7449997372153
4332,0,1,0,354,38,3,27,0.9087103542406112,0.1694229245185852,318.33377464479395,728.0857172048347
4333,0,0,0,225,9,7,22,0.013315835734829307,0.08963611628860235,251.5956168342772,459.98515413702876
4334,1,0,1,220,38,5,15,0.9087103542406112,0.1694229245185852,344.04878929994675,745.2120664604295
4335,0,0,1,86,22,4,19,0.6013455470092595,0.32826394867151976,271.6562498813163,562.8933293739512
4336,0,1,1,79,29,6,23,0.5533483980689198,0.980351353995502,315.5310336072459,755.4490092982008
4337,0,1,0,475,16,6,19,0.8112564436160028,0.26610612077638507,374.73663723398175,678.101930759054
4338,0,0,0,419,15,5,23,0.21112623764202,0.9238038510084152,283.3288152421559,558.9544006059517
4339,0,1,1,242,41,5,15,0.24443748919293284,0.13247077818959951,305.6342451337674,594.5392743634367
4340,0,1,0,369,2,4,17,0.19722419138997793,0.08462062571197748,284.8147715100558,565.4216992835688
4341,0,0,0,210,49,6,20,0.5121942616533488,0.6461082133464515,282.0738743404764,650.9396152850192
4342,0,0,0,25,20,7,18,0.4666645280085504,0.9181476451922208,251.7649781671627,548.9164594144995
4343,1,0,1,403,41,3,27,0.24443748919293284,0.13247077818959951,317.87356389662034,516.6847670746362
4344,0,0,1,73,22,3,22,0.6013455470092595,0.32826394867151976,336.03479290195185,725.9951252675589
4345,0,0,0,15,37,6,21,0.28013089881278574,0.967524380190298,237.99484108074847,526.1094566917789
4346,1,0,1,369,2,4,17,0.19722419138997793,0.08462062571197748,282.9065421975181,608.9478073422054
4347,0,1,1,349,28,3,19,0.6121745223645121,0.048944066278636456,298.8615069989708,751.2535019233677
4348,0,1,0,397,37,3,15,0.28013089881278574,0.967524380190298,267.3824932791633,586.5112584822878
4349,0,0,0,14,25,5,22,0.8063855252694339,0.0688752664718777,339.3778074610447,763.0962970661469
4350,0,0,0,368,14,2,14,0.14216354000382125,0.6515949983149767,244.08051973251813,459.6745907333562
4351,0,1,0,308,30,6,25,0.8535007652826607,0.9145373487845063,276.6497273706714,688.1218674119799
4352,0,1,0,440,26,5,19,0.26668567629531026,0.7934630094096065,315.4035066846741,639.3099661052671
4353,0,0,1,194,40,3,17,0.5589970224536955,0.8726507888641208,293.9134964468852,589.8405515689897
4354,0,1,0,397,37,3,15,0.28013089881278574,0.967524380190298,254.24414206434318,559.4134691045928
4355,1,1,1,181,37,7,22,0.28013089881278574,0.967524380190298,271.46636983979215,681.0481316306764
4356,0,1,0,306,46,5,21,0.7385737628210336,0.10853192373178899,341.94047584030466,788.1829352214108
4357,1,0,1,159,25,1,14,0.8063855252694339,0.0688752664718777,343.9568244765762,629.8464110699342
4358,0,0,1,6,41,7,27,0.24443748919293284,0.13247077818959951,257.5327611475488,546.5984745119633
4359,0,0,1,6,41,7,27,0.24443748919293284,0.13247077818959951,264.265865181636,538.8846230827852
4360,1,0,1,307,7,7,27,0.9787284394260496,0.14397736149840057,319.4039180849163,660.0963948710573
4361,0,0,0,447,31,1,18,0.46977853984571993,0.7659584856592119,272.6760139812026,593.6220958812016
4362,0,0,0,403,41,3,27,0.24443748919293284,0.13247077818959951,275.9976463664471,520.7295545863359
4363,0,1,0,47,33,7,27,0.8046367336064577,0.31251504993997514,300.75977027467013,700.8521627017333
4364,0,0,0,134,40,8,18,0.5589970224536955,0.8726507888641208,284.98759691365666,655.852949318883
4365,1,0,0,240,17,8,20,0.03654719586484134,0.2661329871043563,268.38244613843665,621.3323552301968
4366,0,0,0,420,12,8,22,0.016379052540287375,0.8120638781692833,273.5928623935448,624.9019398624129
4367,0,1,1,121,30,7,24,0.8535007652826607,0.9145373487845063,324.3492952459988,688.3499295160259
4368,1,1,0,470,39,5,22,0.7841161577962339,0.6968751777894795,331.2549459992394,730.6608575712669
4369,0,1,0,157,46,8,28,0.7385737628210336,0.10853192373178899,321.62393057561064,623.3083718340259
4370,0,0,0,211,16,8,23,0.8112564436160028,0.26610612077638507,307.45292347427534,609.7179474302359
4371,0,0,0,16,26,3,16,0.26668567629531026,0.7934630094096065,245.3561644180732,484.2319414544197
4372,0,1,0,23,33,2,15,0.8046367336064577,0.31251504993997514,312.2259698239277,675.8611977645681
4373,1,0,0,383,14,4,27,0.14216354000382125,0.6515949983149767,215.54827381712403,467.21694246593466
4374,0,0,0,476,23,1,15,0.03834434738382697,0.6661178111098707,242.84921254924475,599.8879472808756
4375,0,0,1,19,38,6,21,0.9087103542406112,0.1694229245185852,304.6883537836959,693.1038425190468
4376,0,0,1,442,50,4,19,0.9892466596793383,0.7492987331934273,320.65098184204766,601.210793519021
4377,0,0,1,479,31,4,20,0.46977853984571993,0.7659584856592119,266.4710512030774,561.4474997809474
4378,0,0,0,442,50,4,19,0.9892466596793383,0.7492987331934273,275.9273302370448,568.052925118781
4379,0,1,0,169,39,3,31,0.7841161577962339,0.6968751777894795,334.7310666775896,635.158866831398
4380,0,0,1,179,28,1,17,0.6121745223645121,0.048944066278636456,282.45541686327437,556.9617839436411
4381,1,1,0,136,23,6,20,0.03834434738382697,0.6661178111098707,296.78050473422826,585.5882245395537
4382,0,0,0,249,42,3,20,0.5309706551488489,0.07851310959085822,300.4387019928985,612.6956181536417
4383,0,0,1,239,46,4,15,0.7385737628210336,0.10853192373178899,279.17871455301173,561.1504947073853
4384,0,0,1,346,41,8,26,0.24443748919293284,0.13247077818959951,298.42178593940184,632.8255370643086
4385,0,1,1,443,22,5,21,0.6013455470092595,0.32826394867151976,368.54304284500915,729.2531898775753
4386,0,0,0,216,36,4,27,0.49425172130577266,0.7565638932865113,312.5741074925059,564.4999348797786
4387,1,0,0,166,21,5,17,0.9842240803409368,0.6037942769471556,371.72732692208814,691.3186731078058
4388,0,0,0,172,38,2,13,0.9087103542406112,0.1694229245185852,360.59534445690144,627.1957837771151
4389,0,0,1,116,48,3,20,0.6061688305344433,0.4517896354664117,333.7660068068989,743.9930868608797
4390,1,0,0,98,43,0,23,0.11839594203047454,0.37822385248728096,297.1122741874623,606.9484724398113
4391,1,0,1,117,39,8,23,0.7841161577962339,0.6968751777894795,322.3077869380591,657.0208660087263
4392,0,0,1,431,27,5,21,0.042702050879597664,0.5714270058088005,278.29590663591796,579.467341957229
4393,0,0,0,207,24,6,18,0.14149569114670157,0.8747874984983355,273.864858348968,567.7856826733306
4394,0,0,0,476,23,1,15,0.03834434738382697,0.6661178111098707,251.11845518894893,436.07834425935107
4395,1,1,0,140,38,3,18,0.9087103542406112,0.1694229245185852,334.9062008624409,596.2127305982044
4396,0,0,1,308,30,6,25,0.8535007652826607,0.9145373487845063,311.76269319098117,710.3351043595945
4397,0,0,0,197,29,8,24,0.5533483980689198,0.980351353995502,261.66333555372887,612.7032293097568
4398,0,0,1,432,12,6,22,0.016379052540287375,0.8120638781692833,212.88975237986733,503.2962140231829
4399,1,0,0,308,30,6,25,0.8535007652826607,0.9145373487845063,309.4642393240004,665.2678528717308
4400,0,1,1,471,35,5,20,0.6349153537303209,0.31414990592747927,284.77727784283996,660.4339662950666
4401,0,0,1,123,7,5,17,0.9787284394260496,0.14397736149840057,341.59979458616976,748.6201772391315
4402,0,1,1,367,45,6,16,0.8977528435643762,0.5364251248538494,303.1712327706265,620.6305880152465
4403,0,0,0,197,29,8,24,0.5533483980689198,0.980351353995502,318.08980994868887,650.5843675305487
4404,0,1,0,308,30,6,25,0.8535007652826607,0.9145373487845063,336.79012238470074,675.8926978406095
4405,0,0,1,408,33,5,16,0.8046367336064577,0.31251504993997514,276.63235745083864,646.8858451662674
4406,0,1,0,472,45,6,13,0.8977528435643762,0.5364251248538494,349.1244418899185,664.2252466319885
4407,0,0,0,159,25,1,14,0.8063855252694339,0.0688752664718777,350.1777516848789,736.5331664028479
4408,0,0,1,376,36,2,28,0.49425172130577266,0.7565638932865113,257.14903265904,526.3373157504989
4409,0,0,0,333,1,2,36,0.774368490325287,0.06913358555175364,244.09729917275135,523.319968430473
4410,0,0,1,82,27,3,27,0.042702050879597664,0.5714270058088005,278.5286607120378,644.2666756681754
4411,0,1,0,334,20,1,21,0.4666645280085504,0.9181476451922208,275.33176900690296,606.870496003474
4412,0,0,0,90,46,9,18,0.7385737628210336,0.10853192373178899,269.85103754920675,569.0513162132976
4413,0,1,0,321,22,4,14,0.6013455470092595,0.32826394867151976,258.9864766240046,464.9836589195187
4414,1,0,0,174,37,8,22,0.28013089881278574,0.967524380190298,294.14548204953394,601.0135412098882
4415,0,0,1,405,49,5,20,0.5121942616533488,0.6461082133464515,301.0834697864348,534.2643222835637
4416,0,1,0,323,27,9,11,0.042702050879597664,0.5714270058088005,233.77442710336697,494.16739983170334
4417,1,0,1,67,29,5,28,0.5533483980689198,0.980351353995502,271.29132528656476,608.5714816540086
4418,0,1,1,271,38,3,20,0.9087103542406112,0.1694229245185852,333.2975941642465,708.064652281464
4419,0,1,0,341,34,3,16,0.5088973850943148,0.8422173084691167,282.8462004030802,492.6754360678301
4420,1,0,1,32,44,2,22,0.9833834334276617,0.5796247583348304,338.38302870778404,602.2825557932945
4421,0,1,1,421,12,5,20,0.016379052540287375,0.8120638781692833,246.9567533469696,626.2612805711797
4422,0,0,0,326,14,5,25,0.14216354000382125,0.6515949983149767,248.96263450931403,510.2922081493393
4423,0,1,0,262,23,5,27,0.03834434738382697,0.6661178111098707,259.6004065921242,547.2506009577262
4424,1,1,0,126,11,10,20,0.775893080746755,0.774874358670786,311.0814855655785,737.9230537235435
4425,0,0,0,220,38,5,15,0.9087103542406112,0.1694229245185852,268.1791361684046,499.8354403614861
4426,0,0,1,152,17,4,17,0.03654719586484134,0.2661329871043563,216.7566048240141,477.63891801328464
4427,0,0,0,389,10,7,21,0.25994612858630717,0.03773271921090782,231.5926355067623,525.2529493812059
4428,0,0,1,425,2,5,14,0.19722419138997793,0.08462062571197748,242.00538113871394,581.2107438482055
4429,0,1,0,234,22,8,19,0.6013455470092595,0.32826394867151976,293.1149380061076,584.737804001236
4430,0,0,0,218,49,8,27,0.5121942616533488,0.6461082133464515,288.90560907972207,612.7690351644048
4431,0,0,0,159,25,1,14,0.8063855252694339,0.0688752664718777,325.90261372292866,670.4367510692035
4432,0,0,0,360,29,7,33,0.5533483980689198,0.980351353995502,347.028467709691,631.6489729331369
4433,0,1,1,285,29,4,24,0.5533483980689198,0.980351353995502,281.3710571084004,548.6624522010931
4434,1,0,0,316,9,4,22,0.013315835734829307,0.08963611628860235,306.75775315760245,525.1387539707828
4435,1,0,0,440,26,5,19,0.26668567629531026,0.7934630094096065,273.3974332538985,539.5289580337518
4436,0,0,0,103,5,6,17,0.36124442727304995,0.0388791817240417,223.44638014939997,443.4965603488789
4437,1,0,1,348,12,6,32,0.016379052540287375,0.8120638781692833,258.3532002696536,507.0541584746637
4438,0,0,0,175,48,7,16,0.6061688305344433,0.4517896354664117,267.1568842383542,545.0040016513593
4439,1,0,0,233,47,3,19,0.3773106967564672,0.7403151453472674,305.5526490215568,643.453894540784
4440,0,0,0,101,7,5,15,0.9787284394260496,0.14397736149840057,264.43626243864264,584.6276269671237
4441,0,0,0,446,29,5,22,0.5533483980689198,0.980351353995502,279.1092928718552,523.5642342921082
4442,0,0,0,232,21,8,29,0.9842240803409368,0.6037942769471556,288.9669737511812,553.1555550248138
4443,0,0,0,235,1,5,19,0.774368490325287,0.06913358555175364,319.2564286385615,656.1857570851952
4444,0,1,0,383,14,4,27,0.14216354000382125,0.6515949983149767,256.4158573085985,596.9480571837296
4445,0,0,0,497,42,5,19,0.5309706551488489,0.07851310959085822,302.6546677714935,630.9876216897873
4446,0,0,0,242,41,5,15,0.24443748919293284,0.13247077818959951,200.08282496353632,482.87157082724957
4447,0,0,1,334,20,1,21,0.4666645280085504,0.9181476451922208,279.420422780107,541.0606756057585
4448,0,0,0,72,47,7,22,0.3773106967564672,0.7403151453472674,269.2334005598002,570.0282784385745
4449,0,0,0,448,30,4,15,0.8535007652826607,0.9145373487845063,338.9059469257869,713.5231597665393
4450,0,0,0,486,28,5,15,0.6121745223645121,0.048944066278636456,337.0096749443661,683.980395328828
4451,0,0,0,73,22,3,22,0.6013455470092595,0.32826394867151976,256.9768659737279,507.9100596916489
4452,0,0,0,54,41,3,19,0.24443748919293284,0.13247077818959951,312.5213626256704,562.3556387528141
4453,1,1,0,199,7,7,24,0.9787284394260496,0.14397736149840057,362.27964547976944,820.5816486140368
4454,1,0,0,261,35,5,19,0.6349153537303209,0.31414990592747927,357.7903714131117,651.3963948590281
4455,0,0,0,115,26,6,26,0.26668567629531026,0.7934630094096065,236.96304977581494,535.6032702097018
4456,0,0,1,39,26,5,12,0.26668567629531026,0.7934630094096065,251.40338087470167,480.96056037909875
4457,0,0,0,365,48,4,19,0.6061688305344433,0.4517896354664117,281.6727068206395,577.8724546724503
4458,0,0,0,32,44,2,22,0.9833834334276617,0.5796247583348304,376.9908214328682,662.3489132400097
4459,0,0,0,427,34,4,23,0.5088973850943148,0.8422173084691167,275.71854583946157,654.4244354395103
4460,0,0,0,227,44,10,24,0.9833834334276617,0.5796247583348304,348.46299844464886,672.7503984376137
4461,0,0,0,112,19,5,30,0.48323641112074256,0.5905635331291705,319.45532471846894,711.5787561039566
4462,0,1,0,245,41,6,30,0.24443748919293284,0.13247077818959951,332.3028800033263,583.2473544239266
4463,1,0,0,216,36,4,27,0.49425172130577266,0.7565638932865113,284.51291558860646,619.3927397984974
4464,0,1,0,347,2,3,14,0.19722419138997793,0.08462062571197748,269.71716768367173,576.8368105203942
4465,0,0,0,330,24,3,29,0.14149569114670157,0.8747874984983355,283.3134683688177,512.7731914900728
4466,1,1,0,478,14,3,20,0.14216354000382125,0.6515949983149767,308.21323072840084,697.5740627271676
4467,0,0,0,283,49,3,20,0.5121942616533488,0.6461082133464515,221.07111403622773,529.5417042536405
4468,0,1,0,151,24,6,17,0.14149569114670157,0.8747874984983355,296.7123041200978,648.1513028654151
4469,0,0,0,78,6,6,20,0.7426119421143085,0.6856354165356606,300.2059431718583,621.8064977079782
4470,0,0,0,341,34,3,16,0.5088973850943148,0.8422173084691167,289.97739537471045,575.2856571802059
4471,0,1,0,242,41,5,15,0.24443748919293284,0.13247077818959951,221.1748679490675,456.36822538566764
4472,1,0,0,87,4,5,28,0.20132735022343695,0.74613202130422,293.35337653740163,677.7796025646448
4473,0,0,0,348,12,6,32,0.016379052540287375,0.8120638781692833,224.52247933245772,584.8100123745651
4474,0,0,0,173,33,8,23,0.8046367336064577,0.31251504993997514,304.87348591109816,628.0010205452494
4475,0,0,1,203,50,3,17,0.9892466596793383,0.7492987331934273,319.38942563178006,662.891656635282
4476,0,0,0,201,35,2,21,0.6349153537303209,0.31414990592747927,312.6361346851478,665.6057838088825
4477,0,1,0,125,38,5,23,0.9087103542406112,0.1694229245185852,300.4012218267504,721.0984657705461
4478,0,0,0,437,22,1,25,0.6013455470092595,0.32826394867151976,313.3536182383648,656.8906874008488
4479,0,1,0,250,28,7,21,0.6121745223645121,0.048944066278636456,319.3243500244966,646.4439395790218
4480,0,0,0,125,38,5,23,0.9087103542406112,0.1694229245185852,250.97419953537155,486.83181785506514
4481,0,0,1,63,47,5,28,0.3773106967564672,0.7403151453472674,279.3564073527023,644.053723544856
4482,0,0,1,124,28,3,18,0.6121745223645121,0.048944066278636456,307.73774325722445,654.9821511349119
4483,0,0,1,114,35,9,14,0.6349153537303209,0.31414990592747927,229.80556051734158,556.0833616675598
4484,1,0,1,164,3,5,26,0.978013844229281,0.1299455715343356,349.6707839325579,762.7585605177293
4485,1,0,0,240,17,8,20,0.03654719586484134,0.2661329871043563,307.59812037676727,707.714301543152
4486,0,0,1,481,3,7,21,0.978013844229281,0.1299455715343356,297.9672451688087,667.5633277361021
4487,1,0,0,253,18,4,24,0.8916374130640179,0.9109178960788995,325.22175775217033,662.8809391590602
4488,1,0,1,430,31,2,20,0.46977853984571993,0.7659584856592119,330.7042840121259,561.3811843238882
4489,0,0,1,320,40,6,20,0.5589970224536955,0.8726507888641208,265.4039865927782,550.3514152944691
4490,0,0,0,174,37,8,22,0.28013089881278574,0.967524380190298,287.29747218183206,594.6239471214728
4491,0,0,0,52,33,9,17,0.8046367336064577,0.31251504993997514,339.2746606514523,666.633581611079
4492,1,1,1,374,33,6,16,0.8046367336064577,0.31251504993997514,372.6491533536398,759.7571238840554
4493,1,0,0,114,35,9,14,0.6349153537303209,0.31414990592747927,300.320630974024,689.7632122565728
4494,0,0,1,216,36,4,27,0.49425172130577266,0.7565638932865113,293.2499545516052,569.2451245512294
4495,1,1,0,374,33,6,16,0.8046367336064577,0.31251504993997514,274.4256094679292,612.9195647598959
4496,0,0,0,124,28,3,18,0.6121745223645121,0.048944066278636456,289.81872963630616,665.8632053430548
4497,0,0,0,97,23,10,28,0.03834434738382697,0.6661178111098707,272.6075724694234,540.0716693966842
4498,0,0,0,162,31,3,23,0.46977853984571993,0.7659584856592119,284.003810644788,555.0423080260496
4499,1,0,1,86,22,4,19,0.6013455470092595,0.32826394867151976,337.43982183533035,632.9811015422528
4500,0,1,0,199,7,7,24,0.9787284394260496,0.14397736149840057,336.9564428081235,707.2156409244923
4501,0,1,0,315,3,6,23,0.978013844229281,0.1299455715343356,323.5807507551417,684.7749441751039
4502,0,0,1,100,39,5,21,0.7841161577962339,0.6968751777894795,329.07749879988444,691.3554600343477
4503,0,1,1,303,38,5,18,0.9087103542406112,0.1694229245185852,340.198133476005,662.0367760510713
4504,1,0,0,284,10,6,19,0.25994612858630717,0.03773271921090782,328.7059522100119,727.0275015387596
4505,0,0,0,302,19,4,20,0.48323641112074256,0.5905635331291705,278.5138095508367,532.0661630641209
4506,0,1,0,307,7,7,27,0.9787284394260496,0.14397736149840057,278.43907754329564,528.2669076811092
4507,0,1,1,393,20,2,24,0.4666645280085504,0.9181476451922208,296.58402742257397,572.1427695254098
4508,0,0,0,340,14,2,21,0.14216354000382125,0.6515949983149767,288.4930052982749,514.8846057609983
4509,0,0,0,458,22,9,18,0.6013455470092595,0.32826394867151976,311.10855965136386,531.3259125619874
4510,0,0,0,60,35,5,21,0.6349153537303209,0.31414990592747927,315.97642636342886,713.8511169314928
4511,1,0,0,428,38,11,25,0.9087103542406112,0.1694229245185852,353.7440008713861,760.6156474036085
4512,1,0,0,448,30,4,15,0.8535007652826607,0.9145373487845063,365.8467123081274,749.034018476943
4513,0,0,0,296,31,10,14,0.46977853984571993,0.7659584856592119,283.2827241436328,536.7518610465904
4514,1,0,0,90,46,9,18,0.7385737628210336,0.10853192373178899,410.18661593312004,776.5089835941238
4515,0,0,0,209,24,1,26,0.14149569114670157,0.8747874984983355,239.34341839830907,441.48446447628055
4516,0,0,0,481,3,7,21,0.978013844229281,0.1299455715343356,365.3041784508643,818.5971217377258
4517,0,0,0,222,2,3,20,0.19722419138997793,0.08462062571197748,227.85612646795045,541.7217840974785
4518,1,0,0,449,33,4,24,0.8046367336064577,0.31251504993997514,317.2137313782466,609.6363224538271
4519,1,0,1,474,33,2,23,0.8046367336064577,0.31251504993997514,316.94754763435395,636.5049983240822
4520,0,0,0,230,22,3,18,0.6013455470092595,0.32826394867151976,309.1079655641331,604.6314808570231
4521,0,0,1,219,36,5,23,0.49425172130577266,0.7565638932865113,280.2190955402709,470.74572802473864
4522,0,0,0,205,26,5,20,0.26668567629531026,0.7934630094096065,248.69113702719935,574.1839192763705
4523,0,1,1,116,48,3,20,0.6061688305344433,0.4517896354664117,337.982279772446,732.5164518805602
4524,0,0,1,449,33,4,24,0.8046367336064577,0.31251504993997514,271.49243099412695,495.11669006320136
4525,0,0,0,69,15,3,15,0.21112623764202,0.9238038510084152,227.74040194969254,534.4664852635984
4526,1,1,0,79,29,6,23,0.5533483980689198,0.980351353995502,312.7649818101662,639.1255991340771
4527,1,0,0,272,44,5,19,0.9833834334276617,0.5796247583348304,336.3179082878685,679.9392629076658
4528,1,0,1,229,27,6,14,0.042702050879597664,0.5714270058088005,295.32460836494704,638.0010141938441
4529,0,1,0,476,23,1,15,0.03834434738382697,0.6661178111098707,276.4359082442614,478.4578251596904
4530,0,0,1,349,28,3,19,0.6121745223645121,0.048944066278636456,260.13276810058454,585.5646601427406
4531,0,1,0,202,44,6,16,0.9833834334276617,0.5796247583348304,339.46393258796684,726.6914569833768
4532,0,1,0,147,16,5,19,0.8112564436160028,0.26610612077638507,300.8043541644489,599.312622961578
4533,0,0,0,17,30,6,13,0.8535007652826607,0.9145373487845063,273.89745553372376,605.3140998515353
4534,1,0,1,104,9,3,21,0.013315835734829307,0.08963611628860235,264.2972563083359,434.9067004022518
4535,0,0,0,15,37,6,21,0.28013089881278574,0.967524380190298,269.9126381679422,528.2019476121634
4536,1,0,0,204,45,11,19,0.8977528435643762,0.5364251248538494,279.7627606147401,544.3303125779096
4537,0,0,1,442,50,4,19,0.9892466596793383,0.7492987331934273,342.41109108295336,654.3329794628431
4538,0,0,1,400,3,6,19,0.978013844229281,0.1299455715343356,326.72281803561395,555.9022160855112
4539,0,0,0,483,6,6,23,0.7426119421143085,0.6856354165356606,294.0239514603576,620.5904080918117
4540,0,1,1,153,10,6,20,0.25994612858630717,0.03773271921090782,313.078038655495,576.7641221541794
4541,0,0,1,425,2,5,14,0.19722419138997793,0.08462062571197748,191.82842796024096,399.9559909236205
4542,0,1,0,399,24,2,14,0.14149569114670157,0.8747874984983355,333.5984074910842,661.0083400311494
4543,0,0,0,91,32,3,18,0.39761656103655696,0.7758463725913316,284.01357210104413,509.37750244884126
4544,1,0,0,56,18,3,28,0.8916374130640179,0.9109178960788995,283.41965432360274,597.1081599121931
4545,0,0,0,385,45,7,17,0.8977528435643762,0.5364251248538494,319.9421791599296,617.4157792550702
4546,0,0,0,19,38,6,21,0.9087103542406112,0.1694229245185852,280.465953628591,549.2393718325422
4547,0,1,1,198,13,4,20,0.09574478422291577,0.2606025456916541,256.4242077228671,610.3565190072169
4548,0,0,0,458,22,9,18,0.6013455470092595,0.32826394867151976,294.1636529946695,671.4724108703358
4549,1,1,0,387,43,12,24,0.11839594203047454,0.37822385248728096,331.41766145804553,585.1195564118938
4550,0,0,0,251,26,3,20,0.26668567629531026,0.7934630094096065,240.77384523814007,598.3239647413849
4551,0,0,0,111,31,6,19,0.46977853984571993,0.7659584856592119,256.9072592206277,483.2352399173052
4552,0,1,0,295,4,3,28,0.20132735022343695,0.74613202130422,260.7928628806803,516.1482027970928
4553,1,0,0,155,33,3,20,0.8046367336064577,0.31251504993997514,343.14944498366884,671.9151344507635
4554,0,0,0,322,31,4,21,0.46977853984571993,0.7659584856592119,284.26200206675605,578.10339205953
4555,0,0,1,469,50,7,28,0.9892466596793383,0.7492987331934273,315.2106753653462,652.5806398077606
4556,1,0,0,394,42,5,28,0.5309706551488489,0.07851310959085822,334.80108244703723,691.3645993803759
4557,1,0,0,433,23,8,29,0.03834434738382697,0.6661178111098707,320.05254382816344,617.1038339691208
4558,0,1,1,247,48,5,18,0.6061688305344433,0.4517896354664117,294.2806071506521,680.4383590608356
4559,0,0,1,389,10,7,21,0.25994612858630717,0.03773271921090782,235.93433220293426,501.7564107553659
4560,1,0,1,245,41,6,30,0.24443748919293284,0.13247077818959951,285.5475638139418,564.0910632068333
4561,0,0,1,313,17,8,17,0.03654719586484134,0.2661329871043563,247.56804373591268,515.5465308301364
4562,0,0,1,337,6,7,22,0.7426119421143085,0.6856354165356606,291.23074827724,650.0902197728119
4563,0,0,0,209,24,1,26,0.14149569114670157,0.8747874984983355,214.917384295657,347.8174678703667
4564,0,1,0,52,33,9,17,0.8046367336064577,0.31251504993997514,322.8206050313567,626.9890515740001
4565,0,1,0,92,32,3,21,0.39761656103655696,0.7758463725913316,295.30246427522076,542.0869943151772
4566,0,0,1,86,22,4,19,0.6013455470092595,0.32826394867151976,276.461744188975,621.222379129866
4567,0,0,0,248,50,8,17,0.9892466596793383,0.7492987331934273,308.12324834876534,667.949761962709
4568,0,1,1,301,25,7,27,0.8063855252694339,0.0688752664718777,307.1870780904034,679.0635167369393
4569,0,0,0,350,19,4,16,0.48323641112074256,0.5905635331291705,308.4085753268048,536.9984697324006
4570,0,0,1,88,14,4,18,0.14216354000382125,0.6515949983149767,273.6614619285176,467.71492826193423
4571,0,0,0,231,38,5,14,0.9087103542406112,0.1694229245185852,298.0367762517675,615.1746402655366
4572,1,0,0,455,50,3,19,0.9892466596793383,0.7492987331934273,376.1158095516746,738.3000312666904
4573,0,0,0,108,30,4,23,0.8535007652826607,0.9145373487845063,295.7865535309551,582.7792020241001
4574,1,0,1,53,19,10,11,0.48323641112074256,0.5905635331291705,240.45402057050353,450.0929987924683
4575,0,1,1,437,22,1,25,0.6013455470092595,0.32826394867151976,334.35531507185505,722.9806670234491
4576,1,0,0,219,36,5,23,0.49425172130577266,0.7565638932865113,336.5725876546645,686.2847272340971
4577,0,0,1,217,30,6,25,0.8535007652826607,0.9145373487845063,287.660121196039,519.5155653660591
4578,0,0,1,44,29,3,19,0.5533483980689198,0.980351353995502,276.6675287974751,623.701811416788
4579,0,0,1,216,36,4,27,0.49425172130577266,0.7565638932865113,279.50553096203555,508.09147797159665
4580,0,0,0,76,38,9,17,0.9087103542406112,0.1694229245185852,273.2009193696175,568.2619679803709
4581,1,0,0,43,31,4,16,0.46977853984571993,0.7659584856592119,344.51229862528487,666.3478809921171
4582,1,1,0,25,20,7,18,0.4666645280085504,0.9181476451922208,275.54377539617053,665.2112376101122
4583,0,0,1,235,1,5,19,0.774368490325287,0.06913358555175364,322.5844611210679,655.0070078174737
4584,1,1,0,432,12,6,22,0.016379052540287375,0.8120638781692833,293.42282107944425,628.2441447487694
4585,0,0,0,66,43,4,21,0.11839594203047454,0.37822385248728096,219.3804494197429,477.0452058916467
4586,0,0,0,41,11,5,27,0.775893080746755,0.774874358670786,317.5192831331142,681.4743150463914
4587,0,0,0,382,21,4,28,0.9842240803409368,0.6037942769471556,287.7221074081409,602.7402799990122
4588,0,1,1,97,23,10,28,0.03834434738382697,0.6661178111098707,283.3321524925999,558.5899459622262
4589,1,0,0,219,36,5,23,0.49425172130577266,0.7565638932865113,299.23879618865055,619.4899055767617
4590,0,0,1,9,19,5,21,0.48323641112074256,0.5905635331291705,278.9044391561724,605.1764582624534
4591,0,0,0,454,31,9,17,0.46977853984571993,0.7659584856592119,265.1279572078578,496.1297006498419
4592,0,1,0,254,4,3,19,0.20132735022343695,0.74613202130422,250.96534252346805,573.3694070907773
4593,1,1,0,414,39,3,29,0.7841161577962339,0.6968751777894795,282.4840726761708,660.9271369555885
4594,0,0,0,34,14,5,15,0.14216354000382125,0.6515949983149767,210.99431561262162,422.11830792468174
4595,0,0,0,412,18,5,29,0.8916374130640179,0.9109178960788995,307.5144600418124,607.9674367029569
4596,0,1,1,70,25,7,23,0.8063855252694339,0.0688752664718777,324.3824613204782,698.5365366140711
4597,1,0,0,457,49,5,22,0.5121942616533488,0.6461082133464515,289.52078063507827,542.1614322397822
4598,1,0,0,3,8,4,20,0.49811370903626084,0.8910799578297883,287.4865647081833,587.0300490235836
4599,1,1,0,19,38,6,21,0.9087103542406112,0.1694229245185852,385.1837912169842,711.4263160311912
4600,0,1,1,73,22,3,22,0.6013455470092595,0.32826394867151976,271.3879420870423,531.0457616330274
4601,0,0,0,3,8,4,20,0.49811370903626084,0.8910799578297883,266.7185156602096,560.5069508211413
4602,0,1,1,189,1,9,26,0.774368490325287,0.06913358555175364,322.1283419849375,594.0262881862641
4603,0,0,1,493,13,6,22,0.09574478422291577,0.2606025456916541,278.74024351976254,518.4140788742736
4604,0,0,1,33,9,8,21,0.013315835734829307,0.08963611628860235,256.2211156658964,514.9694336643968
4605,1,0,0,344,50,7,16,0.9892466596793383,0.7492987331934273,375.47676308972075,717.2282936276346
4606,0,1,0,345,19,3,33,0.48323641112074256,0.5905635331291705,256.03829180944285,590.6655541553612
4607,0,0,1,24,35,2,27,0.6349153537303209,0.31414990592747927,245.49186724006074,515.607173557869
4608,0,0,0,140,38,3,18,0.9087103542406112,0.1694229245185852,261.2036111729923,565.9372349669402
4609,0,1,1,342,36,4,9,0.49425172130577266,0.7565638932865113,241.57418093556862,494.1466326265952
4610,0,0,1,448,30,4,15,0.8535007652826607,0.9145373487845063,303.6820591339127,750.4055886192359
4611,0,0,0,259,39,3,28,0.7841161577962339,0.6968751777894795,285.68923159810686,595.0548857855384
4612,1,0,0,94,32,2,21,0.39761656103655696,0.7758463725913316,274.43182312259125,565.653271016492
4613,1,0,0,256,10,9,27,0.25994612858630717,0.03773271921090782,312.5113436080315,696.4416057471027
4614,1,0,0,475,16,6,19,0.8112564436160028,0.26610612077638507,300.28383993182206,585.060093532276
4615,0,0,1,67,29,5,28,0.5533483980689198,0.980351353995502,318.1285281174687,648.5073710364716
4616,0,1,0,458,22,9,18,0.6013455470092595,0.32826394867151976,260.4040916378237,504.2820049919402
4617,0,0,1,322,31,4,21,0.46977853984571993,0.7659584856592119,324.70922304321556,663.7215492319409
4618,0,0,0,354,38,3,27,0.9087103542406112,0.1694229245185852,323.48708609638453,663.6155366510415
4619,0,0,1,364,49,6,18,0.5121942616533488,0.6461082133464515,337.1948586124403,626.574474089548
4620,0,0,0,425,2,5,14,0.19722419138997793,0.08462062571197748,255.38818508996695,581.4378784297865
4621,1,1,0,239,46,4,15,0.7385737628210336,0.10853192373178899,397.49627185088735,760.7340602147111
4622,0,0,1,229,27,6,14,0.042702050879597664,0.5714270058088005,258.44938699450586,612.9225832258107
4623,0,0,0,308,30,6,25,0.8535007652826607,0.9145373487845063,317.89413278823474,586.5157678717217
4624,0,0,0,205,26,5,20,0.26668567629531026,0.7934630094096065,314.470696400455,537.9771279294848
4625,1,0,1,54,41,3,19,0.24443748919293284,0.13247077818959951,280.61180817166445,566.5492611930022
4626,1,0,0,448,30,4,15,0.8535007652826607,0.9145373487845063,325.5169393346907,613.1338182612665
4627,1,0,0,330,24,3,29,0.14149569114670157,0.8747874984983355,308.0335993244702,622.8787339187168
4628,0,0,0,348,12,6,32,0.016379052540287375,0.8120638781692833,220.00875975768264,494.55746751940666
4629,0,0,0,226,21,9,24,0.9842240803409368,0.6037942769471556,308.6029020130443,600.683020607699
4630,0,1,1,453,19,6,23,0.48323641112074256,0.5905635331291705,304.245873660701,615.904986806203
4631,1,0,0,21,32,6,22,0.39761656103655696,0.7758463725913316,291.2460846889511,567.5095592422941
4632,1,0,0,105,2,7,12,0.19722419138997793,0.08462062571197748,301.5323914481795,566.4187011011292
4633,1,1,1,433,23,8,29,0.03834434738382697,0.6661178111098707,269.057351716145,674.3602009776562
4634,0,0,0,26,38,2,23,0.9087103542406112,0.1694229245185852,327.83368097211593,613.4359409734988
4635,0,0,0,423,49,5,22,0.5121942616533488,0.6461082133464515,357.2487126213747,822.5720443806763
4636,0,0,0,431,27,5,21,0.042702050879597664,0.5714270058088005,245.53410096592228,522.2759719088006
4637,1,0,0,241,49,4,22,0.5121942616533488,0.6461082133464515,286.75694223738634,636.3629090947062
4638,0,0,0,404,11,4,17,0.775893080746755,0.774874358670786,265.7284067159365,571.6666397035838
4639,0,0,0,240,17,8,20,0.03654719586484134,0.2661329871043563,215.226646034353,520.9984542902945
4640,1,0,0,17,30,6,13,0.8535007652826607,0.9145373487845063,349.7742040278539,757.4375096372557
4641,0,1,0,180,29,2,19,0.5533483980689198,0.980351353995502,296.24937851809216,573.5425166258216
4642,0,0,0,302,19,4,20,0.48323641112074256,0.5905635331291705,294.2500123068081,534.1720679257517
4643,0,1,1,279,45,6,18,0.8977528435643762,0.5364251248538494,305.6260770426975,627.7767628348277
4644,0,0,0,437,22,1,25,0.6013455470092595,0.32826394867151976,259.2786116761533,588.0774328411399
4645,0,0,1,469,50,7,28,0.9892466596793383,0.7492987331934273,303.8682451548443,725.420616866354
4646,0,0,1,87,4,5,28,0.20132735022343695,0.74613202130422,252.09109891014242,505.97359704381597
4647,1,1,1,42,48,5,20,0.6061688305344433,0.4517896354664117,393.15181450418146,743.6635488457564
4648,0,0,1,151,24,6,17,0.14149569114670157,0.8747874984983355,213.9602018436479,485.3320743625626
4649,0,0,0,119,29,3,20,0.5533483980689198,0.980351353995502,340.86621180493006,623.4269934812709
4650,0,0,0,429,29,7,24,0.5533483980689198,0.980351353995502,303.1955213684749,616.5519827991276
4651,0,0,0,178,47,4,18,0.3773106967564672,0.7403151453472674,275.18569210564374,573.3933487056169
4652,0,0,1,382,21,4,28,0.9842240803409368,0.6037942769471556,342.72060533396944,743.7736091904826
4653,1,0,0,183,29,6,19,0.5533483980689198,0.980351353995502,271.9892705908946,575.9521217267878
4654,1,1,1,62,36,2,23,0.49425172130577266,0.7565638932865113,284.87791195637135,542.6649373692013
4655,0,0,0,170,40,4,22,0.5589970224536955,0.8726507888641208,339.44803856967155,669.9614087685843
4656,0,1,0,163,48,6,19,0.6061688305344433,0.4517896354664117,322.40043791440195,657.7681647470131
4657,0,1,0,318,34,3,21,0.5088973850943148,0.8422173084691167,233.14157906212628,528.075667084271
4658,0,0,0,167,21,6,21,0.9842240803409368,0.6037942769471556,284.0656870870706,568.3613772561273
4659,1,0,0,298,10,2,20,0.25994612858630717,0.03773271921090782,309.64903805285974,723.235263936759
4660,0,0,0,333,1,2,36,0.774368490325287,0.06913358555175364,349.31258660730623,734.6090946000452
4661,0,0,1,21,32,6,22,0.39761656103655696,0.7758463725913316,268.40699275571944,551.9516873179853
4662,0,0,1,192,2,10,19,0.19722419138997793,0.08462062571197748,219.52854122606482,519.0595547533502
4663,0,0,1,35,29,8,25,0.5533483980689198,0.980351353995502,237.6177837454255,530.1977759824003
4664,0,0,1,46,37,7,20,0.28013089881278574,0.967524380190298,233.00137095969194,538.5441208375958
4665,0,1,0,362,27,5,23,0.042702050879597664,0.5714270058088005,254.11085432205266,494.5246617097788
4666,0,0,1,419,15,5,23,0.21112623764202,0.9238038510084152,279.0175640031327,523.4404670111095
4667,0,0,0,169,39,3,31,0.7841161577962339,0.6968751777894795,304.6881409481026,687.660958407708
4668,0,0,0,408,33,5,16,0.8046367336064577,0.31251504993997514,301.39934797744655,692.3931989344375
4669,1,0,0,449,33,4,24,0.8046367336064577,0.31251504993997514,339.0238513416812,797.0611378749187
4670,0,1,1,439,17,6,23,0.03654719586484134,0.2661329871043563,271.3995013802927,619.3873354275706
4671,0,1,1,91,32,3,18,0.39761656103655696,0.7758463725913316,289.2808834688006,653.5167555965447
4672,0,1,0,370,27,6,21,0.042702050879597664,0.5714270058088005,220.75292813829066,468.8772333413793
4673,0,1,1,341,34,3,16,0.5088973850943148,0.8422173084691167,277.6335097717323,594.4523983584146
4674,1,0,0,108,30,4,23,0.8535007652826607,0.9145373487845063,261.0314566404361,551.0293931000801
4675,0,1,0,72,47,7,22,0.3773106967564672,0.7403151453472674,285.09851917055346,530.3206071073204
4676,1,0,0,278,50,4,18,0.9892466596793383,0.7492987331934273,340.2151448363597,736.3632453129061
4677,1,0,0,250,28,7,21,0.6121745223645121,0.048944066278636456,351.65380714854024,737.6061475533569
4678,0,0,1,381,4,6,21,0.20132735022343695,0.74613202130422,300.963527991233,508.6528072646494
4679,1,0,0,222,2,3,20,0.19722419138997793,0.08462062571197748,277.56568216295057,626.6118026346388
4680,1,0,0,168,39,6,24,0.7841161577962339,0.6968751777894795,357.93741567185435,793.7299582092085
4681,0,0,0,141,23,3,13,0.03834434738382697,0.6661178111098707,232.4590575225247,549.6814826727312
4682,0,0,1,108,30,4,23,0.8535007652826607,0.9145373487845063,291.99171489837255,643.3395087707895
4683,0,0,0,64,45,1,18,0.8977528435643762,0.5364251248538494,308.5575716929464,663.9885808097031
4684,1,0,0,411,5,4,17,0.36124442727304995,0.0388791817240417,307.4769621616527,623.2037182869428
4685,0,0,0,109,27,2,33,0.042702050879597664,0.5714270058088005,267.8593410808036,495.571914832752
4686,0,0,0,58,48,6,22,0.6061688305344433,0.4517896354664117,280.74614260183574,491.2121719958119
4687,0,0,1,334,20,1,21,0.4666645280085504,0.9181476451922208,254.11566091071577,578.7747178470661
4688,0,0,0,403,41,3,27,0.24443748919293284,0.13247077818959951,311.158921816368,677.2155412168604
4689,1,0,0,40,48,7,21,0.6061688305344433,0.4517896354664117,312.42532306021735,615.6486037083
4690,1,0,0,193,2,3,20,0.19722419138997793,0.08462062571197748,326.7489773459065,627.7876573984038
4691,1,1,1,364,49,6,18,0.5121942616533488,0.6461082133464515,379.76341967498234,781.433062466977
4692,0,0,0,308,30,6,25,0.8535007652826607,0.9145373487845063,280.2206334688644,578.5593870181376
4693,0,1,0,245,41,6,30,0.24443748919293284,0.13247077818959951,250.0145634996485,530.6154380557099
4694,0,0,0,436,15,5,17,0.21112623764202,0.9238038510084152,244.06543568124292,539.1319086941867
4695,1,0,1,83,34,5,24,0.5088973850943148,0.8422173084691167,302.48704435482153,598.357845430513
4696,0,1,0,136,23,6,20,0.03834434738382697,0.6661178111098707,268.88784992692155,487.8068018237191
4697,1,0,1,185,27,6,20,0.042702050879597664,0.5714270058088005,227.6717702303217,486.95336015395026
4698,0,0,0,409,48,9,16,0.6061688305344433,0.4517896354664117,320.9156742707565,659.1403117381864
4699,0,0,0,169,39,3,31,0.7841161577962339,0.6968751777894795,284.84951049299355,581.2560487819317
4700,0,0,1,290,39,0,22,0.7841161577962339,0.6968751777894795,293.3711552906375,652.2080776195786
4701,0,0,0,412,18,5,29,0.8916374130640179,0.9109178960788995,305.93041045068014,564.1070959068065
4702,0,1,0,230,22,3,18,0.6013455470092595,0.32826394867151976,299.51780609235624,611.5168995681757
4703,0,0,0,347,2,3,14,0.19722419138997793,0.08462062571197748,241.60331554065363,542.3356218872401
4704,0,0,0,396,29,5,18,0.5533483980689198,0.980351353995502,350.2300428577379,775.0040895491362
4705,0,0,1,463,47,8,21,0.3773106967564672,0.7403151453472674,221.8770590050997,479.1711249845377
4706,0,1,0,450,30,4,23,0.8535007652826607,0.9145373487845063,336.79732088686495,692.9797387287598
4707,1,1,1,395,50,3,23,0.9892466596793383,0.7492987331934273,343.06054442485413,711.0612043318314
4708,0,1,0,422,25,5,20,0.8063855252694339,0.0688752664718777,346.90764052745226,728.9406730756099
4709,0,0,1,82,27,3,27,0.042702050879597664,0.5714270058088005,220.18149179677383,377.1517941967431
4710,0,1,0,249,42,3,20,0.5309706551488489,0.07851310959085822,318.020078612322,661.5860853691878
4711,0,0,0,161,41,3,18,0.24443748919293284,0.13247077818959951,281.01993657284265,582.7616277613117
4712,0,1,0,39,26,5,12,0.26668567629531026,0.7934630094096065,274.9168504057419,452.31731053915837
4713,0,1,0,169,39,3,31,0.7841161577962339,0.6968751777894795,279.6245899130756,545.4020915378455
4714,0,1,1,65,43,10,24,0.11839594203047454,0.37822385248728096,243.55058699802487,486.7066264154306
4715,1,0,1,334,20,1,21,0.4666645280085504,0.9181476451922208,315.8197269214535,614.2421211798518
4716,0,0,0,401,17,7,15,0.03654719586484134,0.2661329871043563,229.14103323141666,571.831308549953
4717,0,1,0,366,23,5,18,0.03834434738382697,0.6661178111098707,278.1097377083912,644.636196653835
4718,1,1,1,283,49,3,20,0.5121942616533488,0.6461082133464515,306.5616290014021,617.5862030287375
4719,0,0,1,317,10,7,22,0.25994612858630717,0.03773271921090782,251.60292589251,491.2288794898998
4720,0,1,0,103,5,6,17,0.36124442727304995,0.0388791817240417,272.6819706659253,598.9192773278788
4721,0,1,1,350,19,4,16,0.48323641112074256,0.5905635331291705,262.01210456976406,503.18697240985693
4722,0,0,0,40,48,7,21,0.6061688305344433,0.4517896354664117,276.25514275953395,542.3310590385452
4723,1,0,0,441,21,3,18,0.9842240803409368,0.6037942769471556,293.66623172375324,693.3660590651909
4724,1,0,0,349,28,3,19,0.6121745223645121,0.048944066278636456,324.0198472738635,641.6960183366891
4725,0,0,0,144,19,5,21,0.48323641112074256,0.5905635331291705,335.0121295262056,559.2734946120884
4726,0,0,0,174,37,8,22,0.28013089881278574,0.967524380190298,267.5484576562753,651.5282780795459
4727,0,0,1,49,1,5,20,0.774368490325287,0.06913358555175364,295.3491945641598,616.5324755380134
4728,0,0,1,189,1,9,26,0.774368490325287,0.06913358555175364,327.4275617793169,673.5677698603461
4729,0,0,0,314,9,6,20,0.013315835734829307,0.08963611628860235,280.930739864223,565.6222103383301
4730,0,1,0,376,36,2,28,0.49425172130577266,0.7565638932865113,300.6547363483084,620.2043919966419
4731,0,0,0,245,41,6,30,0.24443748919293284,0.13247077818959951,288.48796305990044,612.6679169811387
4732,1,0,0,12,1,3,22,0.774368490325287,0.06913358555175364,365.1213292976361,795.0097310675222
4733,0,0,0,65,43,10,24,0.11839594203047454,0.37822385248728096,227.69579939360915,511.59366130716995
4734,1,0,0,229,27,6,14,0.042702050879597664,0.5714270058088005,296.45875096775666,610.9310367332067
4735,0,0,0,368,14,2,14,0.14216354000382125,0.6515949983149767,247.9882432599214,509.65893173725436
4736,1,0,0,489,18,5,26,0.8916374130640179,0.9109178960788995,320.03867299822144,648.2983086483415
4737,1,0,0,279,45,6,18,0.8977528435643762,0.5364251248538494,342.5471772744917,776.7143175941534
4738,0,0,0,418,5,2,19,0.36124442727304995,0.0388791817240417,243.95615586161765,498.54308989668596
4739,0,1,0,192,2,10,19,0.19722419138997793,0.08462062571197748,289.15993565806025,670.9608222205117
4740,1,1,0,333,1,2,36,0.774368490325287,0.06913358555175364,382.0728977823052,781.5812909540751
4741,0,0,0,98,43,0,23,0.11839594203047454,0.37822385248728096,241.38410906912586,510.3932022301199
4742,0,0,0,101,7,5,15,0.9787284394260496,0.14397736149840057,299.1013205180803,519.4281232566099
4743,0,0,1,416,30,10,14,0.8535007652826607,0.9145373487845063,309.7412376034472,733.6173060107735
4744,0,0,0,351,2,5,21,0.19722419138997793,0.08462062571197748,271.0083460778248,570.3286370640882
4745,0,0,0,122,44,5,21,0.9833834334276617,0.5796247583348304,314.8170869965862,634.0377294310051
4746,1,0,0,54,41,3,19,0.24443748919293284,0.13247077818959951,281.391963546407,594.2982778193233
4747,0,0,0,418,5,2,19,0.36124442727304995,0.0388791817240417,319.4974889099964,767.8805477501661
4748,1,0,0,417,46,5,16,0.7385737628210336,0.10853192373178899,364.76557970887364,797.3603172415231
4749,0,0,0,222,2,3,20,0.19722419138997793,0.08462062571197748,246.67002717672045,481.57308866476916
4750,1,0,1,394,42,5,28,0.5309706551488489,0.07851310959085822,264.09694394806314,601.915619622434
4751,0,0,1,279,45,6,18,0.8977528435643762,0.5364251248538494,296.3822779854221,572.385078947723
4752,1,0,0,201,35,2,21,0.6349153537303209,0.31414990592747927,301.45689996782676,583.0879298489863
4753,0,0,0,360,29,7,33,0.5533483980689198,0.980351353995502,228.73667047925747,473.8424278385772
4754,0,0,0,465,3,5,16,0.978013844229281,0.1299455715343356,382.8582963054509,650.9309937612041
4755,0,1,0,404,11,4,17,0.775893080746755,0.774874358670786,298.08966610725827,634.867115430725
4756,0,0,0,224,9,6,12,0.013315835734829307,0.08963611628860235,302.5126340430969,606.3298252437103
4757,0,0,1,27,35,3,22,0.6349153537303209,0.31414990592747927,309.9020643193588,683.6749623826114
4758,0,0,0,451,3,6,18,0.978013844229281,0.1299455715343356,287.9961474491256,593.3121439883782
4759,0,1,0,288,13,2,11,0.09574478422291577,0.2606025456916541,256.20925069653566,505.62238779111914
4760,0,0,1,224,9,6,12,0.013315835734829307,0.08963611628860235,260.82615270718327,553.1430110303122
4761,0,0,0,38,38,3,21,0.9087103542406112,0.1694229245185852,384.5295512761254,720.5464591801357
4762,1,1,0,467,5,4,17,0.36124442727304995,0.0388791817240417,365.35782190791826,728.2717524191272
4763,0,1,1,123,7,5,17,0.9787284394260496,0.14397736149840057,284.4539633469617,592.8608703906825
4764,0,0,1,70,25,7,23,0.8063855252694339,0.0688752664718777,302.34212819709165,718.0180074084564
4765,0,1,1,480,47,2,22,0.3773106967564672,0.7403151453472674,260.93624510103797,551.6043505879629
4766,1,1,0,97,23,10,28,0.03834434738382697,0.6661178111098707,264.3280778020767,596.0688596656107
4767,0,1,0,285,29,4,24,0.5533483980689198,0.980351353995502,194.7537988214592,460.6116880363227
4768,0,0,0,345,19,3,33,0.48323641112074256,0.5905635331291705,248.36995529045825,438.91994819406636
4769,1,1,0,348,12,6,32,0.016379052540287375,0.8120638781692833,250.09591678248555,509.8534744665476
4770,1,0,1,372,13,4,16,0.09574478422291577,0.2606025456916541,268.8406997968429,558.181832315808
4771,1,0,1,400,3,6,19,0.978013844229281,0.1299455715343356,383.5816986347902,759.374774818834
4772,1,1,0,226,21,9,24,0.9842240803409368,0.6037942769471556,340.94707804062153,639.0609180538427
4773,0,0,0,282,36,9,21,0.49425172130577266,0.7565638932865113,251.47607624254343,455.4905723861172
4774,1,1,0,86,22,4,19,0.6013455470092595,0.32826394867151976,341.48533445658313,677.4960568490187
4775,0,1,0,294,50,9,17,0.9892466596793383,0.7492987331934273,327.8950022123736,836.9289504766002
4776,0,1,0,322,31,4,21,0.46977853984571993,0.7659584856592119,280.6551819029865,563.202472139413
4777,1,0,1,414,39,3,29,0.7841161577962339,0.6968751777894795,315.1707165861934,746.4383265048979
4778,0,0,0,128,22,3,25,0.6013455470092595,0.32826394867151976,289.66193823946963,562.2644026011549
4779,0,0,0,304,50,4,18,0.9892466596793383,0.7492987331934273,357.8802236370076,706.829414585178
4780,0,0,0,20,30,6,26,0.8535007652826607,0.9145373487845063,308.68660149445185,617.7496113240578
4781,0,0,1,162,31,3,23,0.46977853984571993,0.7659584856592119,280.5666217565187,544.4029774343402
4782,1,1,0,301,25,7,27,0.8063855252694339,0.0688752664718777,345.2388645097469,664.8254976363879
4783,0,1,0,32,44,2,22,0.9833834334276617,0.5796247583348304,307.1214528618976,638.2076574444907
4784,1,1,0,162,31,3,23,0.46977853984571993,0.7659584856592119,319.6149118329487,619.3373914261837
4785,0,0,0,99,42,5,22,0.5309706551488489,0.07851310959085822,362.47207696472174,782.9722641430218
4786,0,1,1,411,5,4,17,0.36124442727304995,0.0388791817240417,351.9851682782014,733.2109462425095
4787,1,0,1,46,37,7,20,0.28013089881278574,0.967524380190298,291.82146645137857,647.554715064582
4788,0,0,0,312,50,3,22,0.9892466596793383,0.7492987331934273,281.5521737360304,703.511783163711
4789,0,0,1,94,32,2,21,0.39761656103655696,0.7758463725913316,255.7701275556271,599.2865518576201
4790,0,1,1,236,38,4,18,0.9087103542406112,0.1694229245185852,347.8214241949381,728.4942081301374
4791,0,0,1,208,17,5,27,0.03654719586484134,0.2661329871043563,303.43614569085656,625.8541070944709
4792,0,1,1,375,19,5,22,0.48323641112074256,0.5905635331291705,284.65674120003666,683.368752759568
4793,0,1,0,47,33,7,27,0.8046367336064577,0.31251504993997514,340.43102993521666,715.5015107421151
4794,0,1,0,311,9,3,24,0.013315835734829307,0.08963611628860235,272.5252450784066,556.5747356342663
4795,0,0,1,188,41,1,18,0.24443748919293284,0.13247077818959951,332.7452028209583,685.4299500178586
4796,1,0,1,144,19,5,21,0.48323641112074256,0.5905635331291705,315.74733272896873,676.1369127235789
4797,0,0,1,95,28,3,17,0.6121745223645121,0.048944066278636456,319.91440403396706,574.8511502123799
4798,0,0,1,420,12,8,22,0.016379052540287375,0.8120638781692833,217.03617709750498,545.0338571874447
4799,0,0,0,427,34,4,23,0.5088973850943148,0.8422173084691167,241.71750200941537,447.8780499323118
4800,0,1,1,245,41,6,30,0.24443748919293284,0.13247077818959951,288.92850980389363,602.9830789446065
4801,0,0,1,360,29,7,33,0.5533483980689198,0.980351353995502,257.3648921232675,508.298576174741
4802,1,0,0,418,5,2,19,0.36124442727304995,0.0388791817240417,269.7097025203885,583.4499817776738
4803,0,1,0,168,39,6,24,0.7841161577962339,0.6968751777894795,341.06933451706686,690.6594204454749
4804,0,0,0,172,38,2,13,0.9087103542406112,0.1694229245185852,311.51679274830866,481.9783038721155
4805,0,0,1,464,41,4,26,0.24443748919293284,0.13247077818959951,258.71944361487675,542.5021411372979
4806,1,0,1,422,25,5,20,0.8063855252694339,0.0688752664718777,367.11502615028377,691.9805478311673
4807,0,1,1,273,48,9,24,0.6061688305344433,0.4517896354664117,280.24383383958383,557.4586271218985
4808,0,0,1,51,40,11,23,0.5589970224536955,0.8726507888641208,269.12912220066926,621.6025155738876
4809,1,1,1,453,19,6,23,0.48323641112074256,0.5905635331291705,330.6386726225687,663.7470255257113
4810,1,0,0,149,10,11,16,0.25994612858630717,0.03773271921090782,238.40896910707676,578.1310796152554
4811,0,1,1,288,13,2,11,0.09574478422291577,0.2606025456916541,286.84541184831835,577.6736037148896
4812,1,1,1,52,33,9,17,0.8046367336064577,0.31251504993997514,340.2589944153561,785.2318402486143
4813,0,0,0,120,1,5,17,0.774368490325287,0.06913358555175364,294.1027122534794,638.5029516915798
4814,0,0,1,14,25,5,22,0.8063855252694339,0.0688752664718777,379.97255785669813,744.4725064401439
4815,1,1,1,223,39,5,17,0.7841161577962339,0.6968751777894795,331.6176567334879,664.6905681325354
4816,0,1,0,244,34,9,25,0.5088973850943148,0.8422173084691167,288.43851464795426,565.487220160756
4817,0,1,0,339,33,4,20,0.8046367336064577,0.31251504993997514,297.3544765645446,595.2359101405523
4818,1,1,0,457,49,5,22,0.5121942616533488,0.6461082133464515,303.9553462056805,562.8171623601557
4819,0,0,0,47,33,7,27,0.8046367336064577,0.31251504993997514,307.94396333561684,612.2806752522561
4820,0,0,1,417,46,5,16,0.7385737628210336,0.10853192373178899,261.5657773307677,486.70171507168754
4821,0,1,0,264,44,3,16,0.9833834334276617,0.5796247583348304,408.12882581773044,809.400996057692
4822,1,1,0,14,25,5,22,0.8063855252694339,0.0688752664718777,372.43781402829063,751.1879869457441
4823,0,0,0,352,26,9,23,0.26668567629531026,0.7934630094096065,297.8912846080205,551.0791268823846
4824,1,0,0,94,32,2,21,0.39761656103655696,0.7758463725913316,309.1516622509479,675.1154031901098
4825,0,0,1,371,44,3,15,0.9833834334276617,0.5796247583348304,294.44392170034934,590.3889440275584
4826,0,0,0,434,4,5,20,0.20132735022343695,0.74613202130422,259.13091853636263,579.2998336101363
4827,1,0,0,354,38,3,27,0.9087103542406112,0.1694229245185852,365.0171550581961,741.6469052634153
4828,0,1,1,118,31,6,19,0.46977853984571993,0.7659584856592119,307.400899654024,615.4841684244504
4829,0,1,0,221,37,7,22,0.28013089881278574,0.967524380190298,268.9091575059732,632.4509345698448
4830,0,0,0,482,42,5,19,0.5309706551488489,0.07851310959085822,314.25501808209714,649.9420708017983
4831,0,0,0,381,4,6,21,0.20132735022343695,0.74613202130422,257.693530337696,524.536788261637
4832,1,0,0,110,25,0,15,0.8063855252694339,0.0688752664718777,333.8294943663448,621.9858157194889
4833,0,0,0,125,38,5,23,0.9087103542406112,0.1694229245185852,306.19979495852476,594.3034654990016
4834,0,1,1,136,23,6,20,0.03834434738382697,0.6661178111098707,286.9729301147678,510.18510484917226
4835,1,0,0,382,21,4,28,0.9842240803409368,0.6037942769471556,320.17644845676404,615.6375886144431
4836,0,0,1,134,40,8,18,0.5589970224536955,0.8726507888641208,253.3881563129942,488.4077600647406
4837,1,0,1,98,43,0,23,0.11839594203047454,0.37822385248728096,276.90495386116646,572.9680861729569
4838,0,1,0,370,27,6,21,0.042702050879597664,0.5714270058088005,234.31079712263536,504.050398275161
4839,1,1,0,303,38,5,18,0.9087103542406112,0.1694229245185852,318.3476159684475,765.6862242315398
4840,1,0,0,176,17,10,21,0.03654719586484134,0.2661329871043563,279.9235344978404,645.958014632047
4841,0,0,1,277,48,5,24,0.6061688305344433,0.4517896354664117,285.0841034159155,586.66976132315
4842,1,1,0,369,2,4,17,0.19722419138997793,0.08462062571197748,298.4327287399499,646.3548399838114
4843,0,0,0,198,13,4,20,0.09574478422291577,0.2606025456916541,286.6077796984525,687.0172303639133
4844,0,1,1,419,15,5,23,0.21112623764202,0.9238038510084152,242.25173749085798,482.69190974409497
4845,1,0,1,83,34,5,24,0.5088973850943148,0.8422173084691167,332.9850563891448,699.207351292536
4846,0,0,1,359,41,1,22,0.24443748919293284,0.13247077818959951,267.3233403574731,648.8297127085943
4847,0,0,0,268,18,7,24,0.8916374130640179,0.9109178960788995,275.54075186263344,580.5086433324379
4848,0,0,1,171,28,4,14,0.6121745223645121,0.048944066278636456,319.0282542745279,697.7484614072455
4849,1,1,0,379,27,7,22,0.042702050879597664,0.5714270058088005,274.48053106693254,539.2384852741519
4850,0,0,0,381,4,6,21,0.20132735022343695,0.74613202130422,325.3605391196327,644.8697785299365
4851,1,0,0,326,14,5,25,0.14216354000382125,0.6515949983149767,262.22047125559516,531.5346682767383
4852,0,1,0,61,2,1,20,0.19722419138997793,0.08462062571197748,280.02739438452403,574.2508674145232
4853,1,1,0,364,49,6,18,0.5121942616533488,0.6461082133464515,325.75616066599866,657.4951059068843
4854,0,1,0,104,9,3,21,0.013315835734829307,0.08963611628860235,281.82203340602354,672.2623094600713
4855,0,0,0,41,11,5,27,0.775893080746755,0.774874358670786,285.5541174514473,504.7477363625441
4856,0,1,1,259,39,3,28,0.7841161577962339,0.6968751777894795,334.6312310292746,691.2497688356024
4857,0,0,1,425,2,5,14,0.19722419138997793,0.08462062571197748,296.04666593791967,604.1351624773881
4858,0,0,0,26,38,2,23,0.9087103542406112,0.1694229245185852,324.7510993104091,664.138572124295
4859,1,0,0,443,22,5,21,0.6013455470092595,0.32826394867151976,290.48236124009696,651.9388271053176
4860,0,1,1,90,46,9,18,0.7385737628210336,0.10853192373178899,295.69972998280883,666.0410907405064
4861,1,0,0,261,35,5,19,0.6349153537303209,0.31414990592747927,287.9696630425565,604.5665754940253
4862,0,1,0,44,29,3,19,0.5533483980689198,0.980351353995502,290.43910489336685,534.4022570793678
4863,0,0,0,293,43,3,32,0.11839594203047454,0.37822385248728096,259.1615914272099,607.028843190148
4864,1,0,1,328,22,3,23,0.6013455470092595,0.32826394867151976,294.04526802515295,668.8591151006177
4865,0,0,0,116,48,3,20,0.6061688305344433,0.4517896354664117,318.9598524280447,734.159270078477
4866,0,1,0,361,8,4,20,0.49811370903626084,0.8910799578297883,260.167336368565,496.53053339471165
4867,1,0,0,380,6,8,17,0.7426119421143085,0.6856354165356606,341.33617255187914,690.5429678133371
4868,1,0,0,405,49,5,20,0.5121942616533488,0.6461082133464515,310.43071137574526,598.2661657717578
4869,0,0,1,72,47,7,22,0.3773106967564672,0.7403151453472674,258.1436042451849,497.8944210996463
4870,1,1,1,343,38,2,20,0.9087103542406112,0.1694229245185852,386.8966084247436,769.8867031120097
4871,0,0,0,423,49,5,22,0.5121942616533488,0.6461082133464515,250.15875291126662,520.3065323837385
4872,0,0,0,50,50,4,23,0.9892466596793383,0.7492987331934273,311.69597284212995,593.7004647366347
4873,0,1,0,314,9,6,20,0.013315835734829307,0.08963611628860235,278.2986133659763,614.2629296759297
4874,1,1,1,375,19,5,22,0.48323641112074256,0.5905635331291705,261.08522951001567,578.7321251263285
4875,0,0,1,383,14,4,27,0.14216354000382125,0.6515949983149767,258.0527226805823,538.0201651143025
4876,1,0,0,181,37,7,22,0.28013089881278574,0.967524380190298,329.26339853317177,707.0409566790116
4877,0,0,0,45,11,3,17,0.775893080746755,0.774874358670786,271.7745956141709,655.8164662792585
4878,1,0,0,176,17,10,21,0.03654719586484134,0.2661329871043563,297.05193463130684,620.22135822194
4879,1,1,1,383,14,4,27,0.14216354000382125,0.6515949983149767,289.4656762591567,611.0296451197113
4880,0,0,1,167,21,6,21,0.9842240803409368,0.6037942769471556,274.68738398246063,624.752722910408
4881,0,1,0,297,3,8,23,0.978013844229281,0.1299455715343356,335.0831027314275,727.9471755212472
4882,0,1,1,299,8,4,18,0.49811370903626084,0.8910799578297883,326.6947008563042,591.1430705463299
4883,1,0,1,48,10,5,21,0.25994612858630717,0.03773271921090782,344.33166123623846,699.9214259751524
4884,1,0,1,482,42,5,19,0.5309706551488489,0.07851310959085822,305.88314789578556,515.9740627653324
4885,0,0,1,169,39,3,31,0.7841161577962339,0.6968751777894795,248.7401188402107,535.6348090879213
4886,0,0,0,237,28,3,17,0.6121745223645121,0.048944066278636456,316.60652136093097,738.1726691326646
4887,1,0,1,58,48,6,22,0.6061688305344433,0.4517896354664117,351.5805431028623,695.8442839452233
4888,0,0,1,370,27,6,21,0.042702050879597664,0.5714270058088005,275.11776420429555,595.1244211267339
4889,0,1,0,383,14,4,27,0.14216354000382125,0.6515949983149767,249.48824284739763,507.50386571034016
4890,1,1,0,184,28,3,25,0.6121745223645121,0.048944066278636456,330.6795542343761,742.6703221199502
4891,0,0,0,23,33,2,15,0.8046367336064577,0.31251504993997514,387.69702524246446,718.0737196916793
4892,0,0,0,145,14,2,23,0.14216354000382125,0.6515949983149767,217.54395743225558,505.6888172558713
4893,0,1,0,219,36,5,23,0.49425172130577266,0.7565638932865113,303.8163451045858,710.7952835061352
4894,0,0,1,211,16,8,23,0.8112564436160028,0.26610612077638507,255.91453111926998,513.4380601917311
4895,0,0,0,157,46,8,28,0.7385737628210336,0.10853192373178899,318.1164493031367,679.7443425472984
4896,0,0,0,155,33,3,20,0.8046367336064577,0.31251504993997514,291.4045413541992,654.0025099041216
4897,0,1,1,49,1,5,20,0.774368490325287,0.06913358555175364,293.04510575141427,551.653492634763
4898,0,0,1,434,4,5,20,0.20132735022343695,0.74613202130422,266.0251195409949,518.445556290049
4899,1,0,0,201,35,2,21,0.6349153537303209,0.31414990592747927,365.9422593641126,784.5925665042208
4900,0,0,0,267,45,6,15,0.8977528435643762,0.5364251248538494,311.5975739241001,619.7175044599693
4901,0,0,0,15,37,6,21,0.28013089881278574,0.967524380190298,305.3693911451877,578.9522866284923
4902,0,1,1,233,47,3,19,0.3773106967564672,0.7403151453472674,275.552973283624,576.2178683088284
4903,1,0,0,384,7,4,21,0.9787284394260496,0.14397736149840057,344.85678804307156,711.5386591827479
4904,0,0,1,183,29,6,19,0.5533483980689198,0.980351353995502,283.30223498498543,637.3182508118441
4905,1,0,0,204,45,11,19,0.8977528435643762,0.5364251248538494,347.34599445787904,715.5157502133341
4906,0,1,0,102,18,5,22,0.8916374130640179,0.9109178960788995,304.52674909284593,607.5291068634941
4907,0,1,1,98,43,0,23,0.11839594203047454,0.37822385248728096,258.24456226037194,497.4789833751467
4908,0,0,0,67,29,5,28,0.5533483980689198,0.980351353995502,265.520235858496,527.1143165276887
4909,0,1,1,353,8,6,23,0.49811370903626084,0.8910799578297883,333.2920233787365,631.1976348230208
4910,1,0,1,282,36,9,21,0.49425172130577266,0.7565638932865113,266.82502023338844,574.9026291828857
4911,0,0,1,425,2,5,14,0.19722419138997793,0.08462062571197748,303.2041787007674,571.7805316473926
4912,0,1,0,434,4,5,20,0.20132735022343695,0.74613202130422,340.274823542822,701.6980804368674
4913,1,0,1,51,40,11,23,0.5589970224536955,0.8726507888641208,327.6489693084034,757.0424361075643
4914,0,1,0,253,18,4,24,0.8916374130640179,0.9109178960788995,287.38039893719025,607.5608854131028
4915,1,0,0,1,25,1,21,0.8063855252694339,0.0688752664718777,336.65159124468346,554.1639508232371
4916,0,1,0,88,14,4,18,0.14216354000382125,0.6515949983149767,289.0756719079356,585.1285756440491
4917,1,0,1,418,5,2,19,0.36124442727304995,0.0388791817240417,294.3745268623111,630.9267887333388
4918,0,0,0,432,12,6,22,0.016379052540287375,0.8120638781692833,182.6388815685061,483.575456261163
4919,1,0,1,104,9,3,21,0.013315835734829307,0.08963611628860235,285.6184037457342,548.3773537924876
4920,0,0,0,365,48,4,19,0.6061688305344433,0.4517896354664117,263.02535764281515,523.1740285101015
4921,0,0,0,27,35,3,22,0.6349153537303209,0.31414990592747927,299.77983624357284,667.4851161423624
4922,0,0,0,149,10,11,16,0.25994612858630717,0.03773271921090782,305.3848144603953,667.44947766914
4923,0,1,1,14,25,5,22,0.8063855252694339,0.0688752664718777,322.00076362030387,746.5339507729424
4924,0,1,1,128,22,3,25,0.6013455470092595,0.32826394867151976,282.3199404522828,548.724414535732
4925,0,0,0,369,2,4,17,0.19722419138997793,0.08462062571197748,215.91640110546865,495.6857790714589
4926,0,1,0,344,50,7,16,0.9892466596793383,0.7492987331934273,356.1610773998672,768.3592828811124
4927,0,0,0,384,7,4,21,0.9787284394260496,0.14397736149840057,285.3079066162089,639.4845186658174
4928,0,0,0,133,20,7,11,0.4666645280085504,0.9181476451922208,275.6752735611139,629.4134624765918
4929,0,0,0,479,31,4,20,0.46977853984571993,0.7659584856592119,285.156221672904,629.1207729010187
4930,0,0,0,43,31,4,16,0.46977853984571993,0.7659584856592119,250.4110328332458,544.9630631669332
4931,0,0,1,42,48,5,20,0.6061688305344433,0.4517896354664117,270.68074706550135,569.8384503861955
4932,0,0,1,438,48,10,11,0.6061688305344433,0.4517896354664117,320.6705134614823,594.3486956468793
4933,1,1,1,388,50,5,24,0.9892466596793383,0.7492987331934273,355.75745975540843,684.2540443906291
4934,0,0,0,295,4,3,28,0.20132735022343695,0.74613202130422,252.7414973243312,504.599498642698
4935,1,1,1,293,43,3,32,0.11839594203047454,0.37822385248728096,205.0330790248113,454.656444305751
4936,0,0,0,259,39,3,28,0.7841161577962339,0.6968751777894795,306.6532053796073,621.5786138659759
4937,0,1,0,96,6,4,15,0.7426119421143085,0.6856354165356606,316.85852622086105,570.713284487176
4938,0,1,0,432,12,6,22,0.016379052540287375,0.8120638781692833,302.0893163150813,636.9043595820492
4939,0,0,0,354,38,3,27,0.9087103542406112,0.1694229245185852,347.0033965326637,752.6254307668374
4940,0,0,1,494,41,3,24,0.24443748919293284,0.13247077818959951,293.8241909385868,649.4755427565431
4941,1,1,0,62,36,2,23,0.49425172130577266,0.7565638932865113,313.41278491385515,531.7844047882186
4942,1,0,1,88,14,4,18,0.14216354000382125,0.6515949983149767,254.63317246676849,467.66969551529746
4943,1,0,1,4,40,6,11,0.5589970224536955,0.8726507888641208,350.9446608710654,663.9097738716953
4944,1,0,0,26,38,2,23,0.9087103542406112,0.1694229245185852,333.6160494797276,705.9007923142357
4945,0,0,0,212,38,5,23,0.9087103542406112,0.1694229245185852,305.16545937834206,554.8757666586719
4946,0,0,0,410,7,2,28,0.9787284394260496,0.14397736149840057,290.8689814157991,613.9888619427705
4947,0,0,0,144,19,5,21,0.48323641112074256,0.5905635331291705,252.54822951427565,620.0839301720982
4948,0,0,0,194,40,3,17,0.5589970224536955,0.8726507888641208,257.3179699034926,584.518968559358
4949,0,0,0,241,49,4,22,0.5121942616533488,0.6461082133464515,308.33478610725166,691.0487222326025
4950,0,0,0,346,41,8,26,0.24443748919293284,0.13247077818959951,288.4397183445983,690.9049988852532
4951,0,0,0,321,22,4,14,0.6013455470092595,0.32826394867151976,243.63203997202783,495.7872402158878
4952,0,0,1,294,50,9,17,0.9892466596793383,0.7492987331934273,315.13861546274876,658.1127681330807
4953,0,0,0,280,42,4,15,0.5309706551488489,0.07851310959085822,303.2414099879263,576.6911126642888
4954,0,0,0,283,49,3,20,0.5121942616533488,0.6461082133464515,313.3504407192841,702.5259710295609
4955,0,0,1,328,22,3,23,0.6013455470092595,0.32826394867151976,347.77356178299664,705.8777446118074
4956,1,0,0,343,38,2,20,0.9087103542406112,0.1694229245185852,331.2988714114532,633.1607341430455
4957,1,0,0,259,39,3,28,0.7841161577962339,0.6968751777894795,307.3308597944419,679.4200947983602
4958,0,0,0,366,23,5,18,0.03834434738382697,0.6661178111098707,231.88258556325513,487.3526924283668
4959,0,1,0,384,7,4,21,0.9787284394260496,0.14397736149840057,369.9426142943635,734.7860068523478
4960,0,0,0,251,26,3,20,0.26668567629531026,0.7934630094096065,225.8969281321806,470.91709704564994
4961,0,0,0,265,27,5,24,0.042702050879597664,0.5714270058088005,272.6193359372123,571.3094810163261
4962,1,0,0,382,21,4,28,0.9842240803409368,0.6037942769471556,368.68565210023183,667.4773581234276
4963,0,0,1,168,39,6,24,0.7841161577962339,0.6968751777894795,304.80907759063666,688.9502749294868
4964,1,1,0,69,15,3,15,0.21112623764202,0.9238038510084152,284.2318374786619,642.1379444869877
4965,0,0,1,496,41,4,22,0.24443748919293284,0.13247077818959951,260.72489283494383,517.4235653387497
4966,1,0,0,298,10,2,20,0.25994612858630717,0.03773271921090782,291.4394546343729,601.5390188106285
4967,1,1,0,169,39,3,31,0.7841161577962339,0.6968751777894795,314.97340142562183,719.833125503158
4968,1,0,0,403,41,3,27,0.24443748919293284,0.13247077818959951,290.3057590654139,532.3458125420545
4969,0,1,1,338,7,3,26,0.9787284394260496,0.14397736149840057,321.49372189790955,677.2106027554975
4970,0,1,0,408,33,5,16,0.8046367336064577,0.31251504993997514,329.78415144787,579.9128301358262
4971,1,1,0,300,20,5,13,0.4666645280085504,0.9181476451922208,331.891818719668,697.951599207287
4972,0,0,1,3,8,4,20,0.49811370903626084,0.8910799578297883,256.47711044975415,468.98425760162365
4973,1,0,1,278,50,4,18,0.9892466596793383,0.7492987331934273,323.8423952999661,710.7576554535791
4974,0,0,0,49,1,5,20,0.774368490325287,0.06913358555175364,344.64522403128626,668.1384702942714
4975,1,1,0,12,1,3,22,0.774368490325287,0.06913358555175364,392.8736765741827,843.9219492955592
4976,0,0,1,87,4,5,28,0.20132735022343695,0.74613202130422,280.68819765683844,534.0896859100623
4977,0,0,0,101,7,5,15,0.9787284394260496,0.14397736149840057,330.9251723789611,618.1751933432986
4978,0,0,1,412,18,5,29,0.8916374130640179,0.9109178960788995,299.34120461691504,619.5590864554785
4979,0,0,0,225,9,7,22,0.013315835734829307,0.08963611628860235,264.4044550568129,549.4933244408851
4980,1,0,0,377,24,3,22,0.14149569114670157,0.8747874984983355,269.4833819662587,524.9738927259327
4981,0,1,1,281,37,4,27,0.28013089881278574,0.967524380190298,257.30676994955746,623.300388733187
4982,0,0,0,277,48,5,24,0.6061688305344433,0.4517896354664117,318.59443700570785,695.36801054836894
4983,0,0,0,402,2,6,20,0.19722419138997793,0.08462062571197748,327.8022461716962,756.4852461153491
4984,0,0,0,273,48,9,24,0.6061688305344433,0.4517896354664117,291.24877683240567,561.2980350919869
4985,1,0,0,34,14,5,15,0.14216354000382125,0.6515949983149767,324.09809397103754,678.1232239122177
4986,1,0,0,21,32,6,22,0.39761656103655696,0.7758463725913316,295.49047502041833,602.9983105346925
4987,1,1,0,153,10,6,20,0.25994612858630717,0.03773271921090782,316.0863153659477,608.4924163609026
4988,0,0,0,394,42,5,28,0.5309706551488489,0.07851310959085822,278.90330450733046,589.1342625739651
4989,0,0,1,417,46,5,16,0.7385737628210336,0.10853192373178899,329.8037484726251,664.8808140603179
4990,0,1,1,198,13,4,20,0.09574478422291577,0.2606025456916541,292.7092488769594,574.7089071586022
4991,0,0,1,354,38,3,27,0.9087103542406112,0.1694229245185852,278.44203269790944,509.1009593648328
4992,1,0,0,335,47,7,16,0.3773106967564672,0.7403151453472674,311.10779211670734,605.3362609437656
4993,0,0,0,184,28,3,25,0.6121745223645121,0.048944066278636456,325.6888881709311,685.5635795201481
4994,0,0,0,381,4,6,21,0.20132735022343695,0.74613202130422,221.97187575085812,479.92980626497916
4995,1,0,1,264,44,3,16,0.9833834334276617,0.5796247583348304,333.0281136636187,753.6473943610744
4996,1,0,0,111,31,6,19,0.46977853984571993,0.7659584856592119,291.9146825363439,487.6153795047293
4997,0,1,1,407,15,6,19,0.21112623764202,0.9238038510084152,272.4916782586581,496.0293887022049
4998,0,0,0,317,10,7,22,0.25994612858630717,0.03773271921090782,292.35676062289957,578.9411979979079
4999,1,0,0,486,28,5,15,0.6121745223645121,0.048944066278636456,319.9322406473376,666.3128157408347
5000,0,1,0,150,3,3,19,0.978013844229281,0.1299455715343356,377.4814093222945,758.1509977282144
5001,0,0,0,170,40,4,22,0.5589970224536955,0.8726507888641208,272.78184046631367,566.4097376161769
5002,1,0,1,131,28,5,19,0.6121745223645121,0.048944066278636456,328.97659099868736,629.3075832047177
5003,0,1,1,44,29,3,19,0.5533483980689198,0.980351353995502,257.10422002733173,655.0656213130962
5004,1,1,1,204,45,11,19,0.8977528435643762,0.5364251248538494,329.2806264501483,692.120778166021
5005,0,0,0,315,3,6,23,0.978013844229281,0.1299455715343356,316.3178504912813,699.939522143672
5006,0,0,0,348,12,6,32,0.016379052540287375,0.8120638781692833,223.9588224337551,500.7108536017942
5007,1,0,0,410,7,2,28,0.9787284394260496,0.14397736149840057,316.59308218540554,596.6038744088415
5008,0,0,0,413,8,3,18,0.49811370903626084,0.8910799578297883,278.38066150800483,492.0367505872673
5009,1,0,0,447,31,1,18,0.46977853984571993,0.7659584856592119,286.47623290852226,564.4164822424475
5010,0,0,0,274,40,3,20,0.5589970224536955,0.8726507888641208,266.5241108335482,595.9092294239904
5011,0,1,0,352,26,9,23,0.26668567629531026,0.7934630094096065,311.5201461750743,593.1223664322996
5012,0,1,1,367,45,6,16,0.8977528435643762,0.5364251248538494,346.8389556436305,695.022294228871
5013,1,0,0,470,39,5,22,0.7841161577962339,0.6968751777894795,296.9549985589466,613.4160888228234
5014,1,0,0,457,49,5,22,0.5121942616533488,0.6461082133464515,339.2116772153318,701.1408746560668
5015,0,1,0,67,29,5,28,0.5533483980689198,0.980351353995502,250.41501214814195,581.4992440056213
5016,0,1,0,360,29,7,33,0.5533483980689198,0.980351353995502,329.3723428203435,683.0000410068716
5017,0,0,1,232,21,8,29,0.9842240803409368,0.6037942769471556,332.48719094887156,726.9926976078644
5018,0,1,1,339,33,4,20,0.8046367336064577,0.31251504993997514,324.05959938426435,670.137072492297
5019,0,0,0,260,10,4,22,0.25994612858630717,0.03773271921090782,305.1571512504497,655.9148026140542
5020,0,0,0,227,44,10,24,0.9833834334276617,0.5796247583348304,357.30134765560047,670.4668148145406
5021,0,0,0,20,30,6,26,0.8535007652826607,0.9145373487845063,298.9786767142562,680.2255695943281
5022,1,0,0,308,30,6,25,0.8535007652826607,0.9145373487845063,339.2028083530113,750.9444808431084
5023,0,0,0,403,41,3,27,0.24443748919293284,0.13247077818959951,252.21205947356069,487.84474876683737
5024,0,0,0,52,33,9,17,0.8046367336064577,0.31251504993997514,344.3298798991876,686.0878085445875
5025,0,0,0,212,38,5,23,0.9087103542406112,0.1694229245185852,342.3780690183778,683.7031466565148
5026,1,1,0,316,9,4,22,0.013315835734829307,0.08963611628860235,283.6272901455393,586.1958138561636
5027,0,1,0,103,5,6,17,0.36124442727304995,0.0388791817240417,279.9867213060817,509.59785146221674
5028,0,1,1,196,42,6,18,0.5309706551488489,0.07851310959085822,290.6861877592081,605.0269651758687
5029,0,1,1,193,2,3,20,0.19722419138997793,0.08462062571197748,274.54425817506444,562.9891737901113
5030,0,0,0,167,21,6,21,0.9842240803409368,0.6037942769471556,340.48921238435156,624.4153315639941
5031,1,0,0,67,29,5,28,0.5533483980689198,0.980351353995502,296.6164794989948,561.6693782774479
5032,0,0,0,85,19,3,27,0.48323641112074256,0.5905635331291705,283.2450846326251,637.1870169505519
5033,0,0,0,356,47,10,25,0.3773106967564672,0.7403151453472674,212.69594932634033,340.0898196230266
5034,1,1,0,198,13,4,20,0.09574478422291577,0.2606025456916541,311.7137851863491,699.7649357038375
5035,0,0,0,125,38,5,23,0.9087103542406112,0.1694229245185852,291.9093414042764,543.3649221274645
5036,0,0,1,213,41,2,27,0.24443748919293284,0.13247077818959951,241.60818867464616,496.9064986537494
5037,1,0,0,264,44,3,16,0.9833834334276617,0.5796247583348304,321.8014397455953,562.6494579312356
5038,0,0,1,266,48,8,13,0.6061688305344433,0.4517896354664117,267.49140325427004,544.9561788327234
5039,0,0,0,238,18,3,14,0.8916374130640179,0.9109178960788995,344.54563788290886,595.0755886127167
5040,0,0,0,307,7,7,27,0.9787284394260496,0.14397736149840057,340.96522213680987,657.7255807719437
5041,0,0,0,254,4,3,19,0.20132735022343695,0.74613202130422,305.52894051589067,624.7880148969199
5042,1,0,0,110,25,0,15,0.8063855252694339,0.0688752664718777,329.0393280701687,542.6243548535532
5043,1,0,0,483,6,6,23,0.7426119421143085,0.6856354165356606,293.9708733802626,619.373812463251
5044,0,0,1,370,27,6,21,0.042702050879597664,0.5714270058088005,269.1753064357179,612.0633544963905
5045,0,0,0,60,35,5,21,0.6349153537303209,0.31414990592747927,291.9912630040162,468.4526829012054
5046,0,1,0,120,1,5,17,0.774368490325287,0.06913358555175364,322.814899809667,666.5654398275257
5047,0,0,0,274,40,3,20,0.5589970224536955,0.8726507888641208,259.1199866906359,501.7902690976763
5048,0,0,0,177,19,5,23,0.48323641112074256,0.5905635331291705,295.66668742692116,593.4376451525446
5049,0,1,0,450,30,4,23,0.8535007652826607,0.9145373487845063,299.2814472807624,631.5605543289952
5050,0,1,0,314,9,6,20,0.013315835734829307,0.08963611628860235,276.2003115732168,589.5606866358497
5051,0,0,0,67,29,5,28,0.5533483980689198,0.980351353995502,330.99640330298814,686.9822210722562
5052,0,0,0,154,16,4,23,0.8112564436160028,0.26610612077638507,274.79725606622424,543.3034794451528
5053,0,0,1,270,29,7,22,0.5533483980689198,0.980351353995502,297.36530856907433,529.3992214290516
5054,0,0,1,196,42,6,18,0.5309706551488489,0.07851310959085822,297.49666301201205,640.3492955503642
5055,0,0,0,382,21,4,28,0.9842240803409368,0.6037942769471556,330.6682849884252,763.1136802816712
5056,1,1,0,241,49,4,22,0.5121942616533488,0.6461082133464515,272.34616849253894,601.5210468490375
5057,0,0,1,50,50,4,23,0.9892466596793383,0.7492987331934273,349.5369968020925,627.1826959161205
5058,0,0,0,337,6,7,22,0.7426119421143085,0.6856354165356606,279.96035652818523,445.7529641580323
5059,0,0,0,499,13,5,16,0.09574478422291577,0.2606025456916541,234.43177032826756,474.4466068194674
5060,0,1,1,334,20,1,21,0.4666645280085504,0.9181476451922208,291.99346924290666,539.089707920987
5061,1,0,0,361,8,4,20,0.49811370903626084,0.8910799578297883,311.55353465991396,621.6970887264896
5062,1,0,0,337,6,7,22,0.7426119421143085,0.6856354165356606,353.72363408064257,735.63668476636
5063,0,0,1,24,35,2,27,0.6349153537303209,0.31414990592747927,277.1028690120412,631.0938274750155
5064,0,0,0,277,48,5,24,0.6061688305344433,0.4517896354664117,241.82417991273118,549.3232899335314
5065,0,0,0,87,4,5,28,0.20132735022343695,0.74613202130422,197.51891831342374,410.1178644037471
5066,0,0,0,147,16,5,19,0.8112564436160028,0.26610612077638507,287.0878070507185,606.3113758529546
5067,1,0,1,124,28,3,18,0.6121745223645121,0.048944066278636456,314.2621916349006,739.8773970892192
5068,1,0,1,309,14,2,25,0.14216354000382125,0.6515949983149767,309.6520732642987,653.7422804035699
5069,0,0,1,216,36,4,27,0.49425172130577266,0.7565638932865113,279.7703609731025,622.9979340048495
5070,0,0,0,382,21,4,28,0.9842240803409368,0.6037942769471556,270.2726741530186,538.8287416074636
5071,0,0,1,490,34,7,20,0.5088973850943148,0.8422173084691167,267.13110665513886,532.5901313819409
5072,1,0,0,64,45,1,18,0.8977528435643762,0.5364251248538494,339.6483532316063,706.6247299035673
5073,0,0,1,260,10,4,22,0.25994612858630717,0.03773271921090782,304.3497104085687,646.1454152676633
5074,0,0,1,280,42,4,15,0.5309706551488489,0.07851310959085822,265.97123267097356,629.0462563720898
5075,1,0,0,293,43,3,32,0.11839594203047454,0.37822385248728096,296.1479482110717,590.2797156962486
5076,0,0,0,464,41,4,26,0.24443748919293284,0.13247077818959951,328.68531699129505,647.1684176730378
5077,0,1,0,473,9,5,11,0.013315835734829307,0.08963611628860235,235.05824014612836,519.4122282168203
5078,1,0,1,284,10,6,19,0.25994612858630717,0.03773271921090782,281.89831601213007,675.5183200032071
5079,0,1,0,26,38,2,23,0.9087103542406112,0.1694229245185852,237.1775586805736,585.8466097294663
5080,1,0,1,242,41,5,15,0.24443748919293284,0.13247077818959951,259.2386739085671,625.464751782845
5081,0,1,0,379,27,7,22,0.042702050879597664,0.5714270058088005,261.8368096869863,604.936108051385
5082,1,0,1,106,33,4,18,0.8046367336064577,0.31251504993997514,333.02057166995866,695.304731775218
5083,0,0,1,158,19,2,24,0.48323641112074256,0.5905635331291705,267.67558517255424,468.18081349989797
5084,0,0,0,432,12,6,22,0.016379052540287375,0.8120638781692833,215.23347873545382,488.9669499467103
5085,1,0,0,472,45,6,13,0.8977528435643762,0.5364251248538494,341.21704788024164,707.203692039531
5086,0,1,0,115,26,6,26,0.26668567629531026,0.7934630094096065,228.80106952690056,478.5440365933473
5087,0,0,0,145,14,2,23,0.14216354000382125,0.6515949983149767,249.5003703071802,565.1965605121594
5088,1,0,0,404,11,4,17,0.775893080746755,0.774874358670786,317.34643602285524,662.0187765554842
5089,0,0,0,106,33,4,18,0.8046367336064577,0.31251504993997514,295.47029430156533,552.2757535775194
5090,0,0,0,192,2,10,19,0.19722419138997793,0.08462062571197748,311.5106794508561,718.9670099680992
5091,0,1,0,319,50,4,21,0.9892466596793383,0.7492987331934273,297.9652664843464,581.6156303466427
5092,1,0,0,289,12,4,23,0.016379052540287375,0.8120638781692833,272.4337472028412,530.4296647851316
5093,1,0,1,158,19,2,24,0.48323641112074256,0.5905635331291705,231.606713699262,549.0585375507488
5094,1,1,0,211,16,8,23,0.8112564436160028,0.26610612077638507,332.33606953298147,625.1756623820306
5095,0,0,1,11,46,5,25,0.7385737628210336,0.10853192373178899,246.14281408765467,403.6261271642354
5096,0,0,0,19,38,6,21,0.9087103542406112,0.1694229245185852,327.06781518705986,691.5815942633054
5097,1,0,0,387,43,12,24,0.11839594203047454,0.37822385248728096,286.0577347784253,570.9485681245693
5098,1,1,1,48,10,5,21,0.25994612858630717,0.03773271921090782,310.25704997825164,660.3612102939118
5099,0,0,0,483,6,6,23,0.7426119421143085,0.6856354165356606,310.7493661237704,647.1886342143772
5100,0,0,0,334,20,1,21,0.4666645280085504,0.9181476451922208,238.92211952089747,504.1284484479379
5101,1,0,0,480,47,2,22,0.3773106967564672,0.7403151453472674,305.2567607080548,541.2615802856385
5102,0,0,1,401,17,7,15,0.03654719586484134,0.2661329871043563,254.87500592130226,579.7502286142436
5103,0,0,0,255,19,5,19,0.48323641112074256,0.5905635331291705,260.4583293529455,516.8128694778552
5104,0,1,0,239,46,4,15,0.7385737628210336,0.10853192373178899,308.51226802323805,629.5680737769255
5105,0,0,0,7,47,3,17,0.3773106967564672,0.7403151453472674,215.64318230288262,396.6449368524253
5106,0,1,0,210,49,6,20,0.5121942616533488,0.6461082133464515,303.67105475743955,624.6514211038407
5107,1,0,1,20,30,6,26,0.8535007652826607,0.9145373487845063,343.633445124644,731.6026292132406
5108,0,1,0,469,50,7,28,0.9892466596793383,0.7492987331934273,320.9481831770105,630.9788008604063
5109,0,0,0,128,22,3,25,0.6013455470092595,0.32826394867151976,318.78517550995815,618.4937446295366
5110,0,0,0,36,41,6,20,0.24443748919293284,0.13247077818959951,299.5072385220634,564.4271756039658
5111,0,0,0,95,28,3,17,0.6121745223645121,0.048944066278636456,277.4510080259614,511.1923020730852
5112,0,0,0,413,8,3,18,0.49811370903626084,0.8910799578297883,284.0534250613482,532.986938504969
5113,1,0,0,4,40,6,11,0.5589970224536955,0.8726507888641208,305.68006927193187,641.8755542258084
5114,0,0,0,93,29,2,12,0.5533483980689198,0.980351353995502,337.56192688718414,737.2651740118397
5115,0,0,0,307,7,7,27,0.9787284394260496,0.14397736149840057,344.7709030553908,673.3072894540812
5116,1,1,1,255,19,5,19,0.48323641112074256,0.5905635331291705,307.4473723979113,633.0776255106529
5117,1,1,0,408,33,5,16,0.8046367336064577,0.31251504993997514,344.97863716390964,599.2902066412588
5118,0,1,0,303,38,5,18,0.9087103542406112,0.1694229245185852,387.71160601109204,734.3676195485692
5119,0,0,1,180,29,2,19,0.5533483980689198,0.980351353995502,293.12704374520393,590.1576643173058
5120,0,0,0,166,21,5,17,0.9842240803409368,0.6037942769471556,291.1884069828906,666.0065487900713
5121,0,1,0,475,16,6,19,0.8112564436160028,0.26610612077638507,291.11462504236823,550.1915599664828
5122,0,0,1,295,4,3,28,0.20132735022343695,0.74613202130422,257.1991583372041,530.1800989158756
5123,0,1,0,378,16,9,18,0.8112564436160028,0.26610612077638507,335.8996572151757,697.6738143856974
5124,1,1,0,27,35,3,22,0.6349153537303209,0.31414990592747927,385.12293540457495,780.3906156940515
5125,0,1,0,373,13,8,16,0.09574478422291577,0.2606025456916541,262.15468606032744,489.0453170727348
5126,0,0,0,374,33,6,16,0.8046367336064577,0.31251504993997514,336.9243727682618,683.2057411032555
5127,1,1,1,67,29,5,28,0.5533483980689198,0.980351353995502,277.24235680420145,628.0306141675154
5128,1,0,0,365,48,4,19,0.6061688305344433,0.4517896354664117,342.50031443202425,625.0091870887923
5129,0,0,0,64,45,1,18,0.8977528435643762,0.5364251248538494,311.1694551869002,671.4520125124408
5130,0,1,0,9,19,5,21,0.48323641112074256,0.5905635331291705,259.5334920222426,555.9392042114594
5131,0,1,1,163,48,6,19,0.6061688305344433,0.4517896354664117,334.81200206579143,696.8309875731854
5132,0,0,1,103,5,6,17,0.36124442727304995,0.0388791817240417,254.6727234460163,516.5115143144301
5133,0,0,0,33,9,8,21,0.013315835734829307,0.08963611628860235,233.2168524729472,491.2385286987263
5134,0,0,1,274,40,3,20,0.5589970224536955,0.8726507888641208,267.481775752202,543.0378519886425
5135,1,0,1,128,22,3,25,0.6013455470092595,0.32826394867151976,288.7191039735989,591.3722021084095
5136,0,0,0,250,28,7,21,0.6121745223645121,0.048944066278636456,274.96901008715844,576.1028486099073
5137,0,0,1,497,42,5,19,0.5309706551488489,0.07851310959085822,252.55385669006074,513.5829694720112
5138,1,1,1,120,1,5,17,0.774368490325287,0.06913358555175364,383.13655399196847,785.8419889772549
5139,1,0,1,112,19,5,30,0.48323641112074256,0.5905635331291705,312.7847528053751,672.3109506491408
5140,0,0,0,73,22,3,22,0.6013455470092595,0.32826394867151976,293.87971494765355,591.1678432424745
5141,0,1,1,20,30,6,26,0.8535007652826607,0.9145373487845063,282.90396234567464,617.9285703839827
5142,0,0,0,274,40,3,20,0.5589970224536955,0.8726507888641208,333.6731776761916,591.2064697022777
5143,0,0,1,312,50,3,22,0.9892466596793383,0.7492987331934273,316.95359516931654,680.4348248474397
5144,0,0,0,478,14,3,20,0.14216354000382125,0.6515949983149767,278.6065287665934,614.8446363336396
5145,0,1,0,450,30,4,23,0.8535007652826607,0.9145373487845063,299.5832901133188,594.4548862206026
5146,0,0,0,48,10,5,21,0.25994612858630717,0.03773271921090782,292.4080828853757,629.5015026822357
5147,0,0,1,287,15,3,22,0.21112623764202,0.9238038510084152,269.58942457393033,696.6406436074545
5148,0,0,0,355,2,0,14,0.19722419138997793,0.08462062571197748,250.6765413814539,465.358724501276
5149,0,1,0,128,22,3,25,0.6013455470092595,0.32826394867151976,301.7420524826776,661.9175671605033
5150,1,0,0,401,17,7,15,0.03654719586484134,0.2661329871043563,196.11900781195547,481.59636967689636
5151,0,1,0,308,30,6,25,0.8535007652826607,0.9145373487845063,284.6960211838085,592.7065094019806
5152,1,0,0,340,14,2,21,0.14216354000382125,0.6515949983149767,298.0886365483327,572.8737616653932
5153,0,1,1,258,23,3,21,0.03834434738382697,0.6661178111098707,235.195775064271,500.57931741334477
5154,1,0,0,343,38,2,20,0.9087103542406112,0.1694229245185852,328.22824883937227,702.2314191994071
5155,0,0,0,232,21,8,29,0.9842240803409368,0.6037942769471556,273.89850677909203,627.9160022761298
5156,1,0,1,185,27,6,20,0.042702050879597664,0.5714270058088005,241.3252179255065,517.8311860489329
5157,0,0,0,318,34,3,21,0.5088973850943148,0.8422173084691167,314.07068086021656,633.618702329969
5158,0,0,0,209,24,1,26,0.14149569114670157,0.8747874984983355,247.14160368071452,529.9430629124697
5159,1,0,0,294,50,9,17,0.9892466596793383,0.7492987331934273,273.59439038559395,540.075462501642
5160,1,0,1,97,23,10,28,0.03834434738382697,0.6661178111098707,305.88270469889324,612.2387754467726
5161,1,0,0,420,12,8,22,0.016379052540287375,0.8120638781692833,291.93713304213225,586.3156145964265
5162,1,1,0,451,3,6,18,0.978013844229281,0.1299455715343356,333.79080150236314,662.6110055936423
5163,0,0,1,417,46,5,16,0.7385737628210336,0.10853192373178899,294.1943899817357,521.2470051943603
5164,0,1,0,159,25,1,14,0.8063855252694339,0.0688752664718777,291.41535995300586,592.2811070789165
5165,1,0,0,67,29,5,28,0.5533483980689198,0.980351353995502,314.42792844838647,594.9495866340473
5166,0,0,0,148,48,3,17,0.6061688305344433,0.4517896354664117,285.49259962174466,527.084413385011
5167,1,0,0,472,45,6,13,0.8977528435643762,0.5364251248538494,366.7767908984428,752.5095898949778
5168,0,0,0,283,49,3,20,0.5121942616533488,0.6461082133464515,292.6367805681717,548.8263332981513
5169,1,0,0,446,29,5,22,0.5533483980689198,0.980351353995502,283.29622641705123,598.4852969503664
5170,0,0,1,474,33,2,23,0.8046367336064577,0.31251504993997514,295.0862810526191,560.6766889081902
5171,0,0,1,87,4,5,28,0.20132735022343695,0.74613202130422,342.2734832502948,705.9029593986081
5172,0,1,0,405,49,5,20,0.5121942616533488,0.6461082133464515,265.7551744626517,639.6448118749398
5173,0,0,0,68,16,2,18,0.8112564436160028,0.26610612077638507,384.22574307104367,685.6692622378706
5174,1,1,0,298,10,2,20,0.25994612858630717,0.03773271921090782,262.01494896611473,587.2208619258834
5175,0,0,0,386,10,8,30,0.25994612858630717,0.03773271921090782,233.3152450890952,422.3763931459123
5176,0,1,1,336,40,0,12,0.5589970224536955,0.8726507888641208,274.89109730582794,594.3157339248074
5177,0,0,0,73,22,3,22,0.6013455470092595,0.32826394867151976,288.2478814443407,565.39816467015
5178,0,1,1,20,30,6,26,0.8535007652826607,0.9145373487845063,303.800072299098,638.9866405867209
5179,0,0,0,485,38,5,21,0.9087103542406112,0.1694229245185852,277.7307904499651,646.8808587664502
5180,0,1,0,310,29,6,16,0.5533483980689198,0.980351353995502,253.4584866106469,537.7277655014575
5181,0,0,1,341,34,3,16,0.5088973850943148,0.8422173084691167,311.0135369020183,621.1739295411868
5182,0,0,1,226,21,9,24,0.9842240803409368,0.6037942769471556,351.7519387633565,680.5230741320592
5183,0,0,1,44,29,3,19,0.5533483980689198,0.980351353995502,216.3083971973831,416.80466939219707
5184,0,1,1,147,16,5,19,0.8112564436160028,0.26610612077638507,271.4487368156939,609.4895389546258
5185,0,0,1,45,11,3,17,0.775893080746755,0.774874358670786,342.82646460281444,713.1741402468721
5186,0,0,0,234,22,8,19,0.6013455470092595,0.32826394867151976,265.15554942929884,566.5978164749949
5187,0,1,0,422,25,5,20,0.8063855252694339,0.0688752664718777,318.9249600037326,642.1844112192365
5188,0,0,1,77,7,4,25,0.9787284394260496,0.14397736149840057,339.9598932077341,721.5099503983035
5189,1,0,0,425,2,5,14,0.19722419138997793,0.08462062571197748,268.5477300937115,556.4973626980837
5190,1,0,1,160,20,6,19,0.4666645280085504,0.9181476451922208,308.435811565144,601.270638677346
5191,0,0,0,42,48,5,20,0.6061688305344433,0.4517896354664117,320.8961822472676,540.8509281172195
5192,1,0,0,5,49,2,15,0.5121942616533488,0.6461082133464515,320.05108453843724,638.6569693831514
5193,0,1,0,127,28,4,22,0.6121745223645121,0.048944066278636456,314.88109978945175,617.9827710430451
5194,0,0,0,198,13,4,20,0.09574478422291577,0.2606025456916541,261.0219826803871,574.3982117052806
5195,1,0,0,326,14,5,25,0.14216354000382125,0.6515949983149767,301.8750236762634,644.4269573847707
5196,0,0,0,218,49,8,27,0.5121942616533488,0.6461082133464515,326.28284236417466,708.344090737103
5197,0,0,0,342,36,4,9,0.49425172130577266,0.7565638932865113,264.09209492448565,499.76833558889297
5198,1,0,1,295,4,3,28,0.20132735022343695,0.74613202130422,299.85121394343815,475.76583892219617
5199,1,0,1,491,39,7,21,0.7841161577962339,0.6968751777894795,303.699909611244,665.384674422754
5200,1,0,0,374,33,6,16,0.8046367336064577,0.31251504993997514,332.97601986424615,598.8391589198098
5201,0,0,0,21,32,6,22,0.39761656103655696,0.7758463725913316,297.3144968093021,540.7144414735114
5202,0,1,1,360,29,7,33,0.5533483980689198,0.980351353995502,322.1410285117413,638.6705181330434
5203,0,0,1,323,27,9,11,0.042702050879597664,0.5714270058088005,244.82819195005837,568.5621282773811
5204,0,0,0,367,45,6,16,0.8977528435643762,0.5364251248538494,301.6061784625232,643.1818713123271
5205,1,1,0,235,1,5,19,0.774368490325287,0.06913358555175364,401.3142618524048,846.0797530338012
5206,0,1,1,443,22,5,21,0.6013455470092595,0.32826394867151976,318.2866278523379,573.6133142975277
5207,0,0,1,279,45,6,18,0.8977528435643762,0.5364251248538494,297.1552546818822,648.3330236207253
5208,1,0,0,66,43,4,21,0.11839594203047454,0.37822385248728096,283.1941838181241,550.530783037961
5209,0,0,1,37,7,7,18,0.9787284394260496,0.14397736149840057,335.14306139791125,760.2872868620831
5210,0,0,0,228,9,9,21,0.013315835734829307,0.08963611628860235,282.2963789684681,587.1593699461282
5211,0,0,0,43,31,4,16,0.46977853984571993,0.7659584856592119,310.17188646055126,596.7148007923477
5212,1,0,0,7,47,3,17,0.3773106967564672,0.7403151453472674,286.86152988376193,620.3314673861931
5213,0,0,1,231,38,5,14,0.9087103542406112,0.1694229245185852,379.2984673331405,698.3449458374236
5214,0,0,0,89,41,5,23,0.24443748919293284,0.13247077818959951,299.95463089377085,724.7952253015274
5215,1,0,1,333,1,2,36,0.774368490325287,0.06913358555175364,282.6624785192773,619.3202045422469
5216,0,0,1,51,40,11,23,0.5589970224536955,0.8726507888641208,273.81896878853945,557.4312523418365
5217,1,1,0,146,8,6,22,0.49811370903626084,0.8910799578297883,314.04930403430257,710.9163148343157
5218,0,1,0,461,14,5,18,0.14216354000382125,0.6515949983149767,302.782320553031,603.0215102814111
5219,0,0,0,197,29,8,24,0.5533483980689198,0.980351353995502,244.01794071538262,518.4123337913114
5220,1,0,0,108,30,4,23,0.8535007652826607,0.9145373487845063,322.4134954603244,703.3669021150088
5221,0,0,1,439,17,6,23,0.03654719586484134,0.2661329871043563,241.6045224461641,596.4366951495274
5222,0,0,1,315,3,6,23,0.978013844229281,0.1299455715343356,340.6557288547102,616.5534194030058
5223,0,0,1,451,3,6,18,0.978013844229281,0.1299455715343356,314.7766741260183,663.5118312936579
5224,1,1,0,405,49,5,20,0.5121942616533488,0.6461082133464515,334.1817451337118,705.2294320357981
5225,1,1,0,198,13,4,20,0.09574478422291577,0.2606025456916541,307.5566253069521,662.1845917691575
5226,1,0,1,387,43,12,24,0.11839594203047454,0.37822385248728096,246.9757517212738,422.1174139228793
5227,0,0,1,413,8,3,18,0.49811370903626084,0.8910799578297883,258.42631121738856,535.1939756202206
5228,1,0,0,317,10,7,22,0.25994612858630717,0.03773271921090782,322.8662129126488,672.1613613263437
5229,0,1,0,449,33,4,24,0.8046367336064577,0.31251504993997514,272.6254949431883,507.4328124886267
5230,0,0,1,375,19,5,22,0.48323641112074256,0.5905635331291705,274.79138412642783,553.4913537173228
5231,1,0,0,479,31,4,20,0.46977853984571993,0.7659584856592119,281.07416432882184,615.9169732410998
5232,1,0,0,283,49,3,20,0.5121942616533488,0.6461082133464515,274.5291673849698,499.2489578319504
5233,0,0,1,436,15,5,17,0.21112623764202,0.9238038510084152,211.90420305052336,512.0887017542209
5234,0,0,1,410,7,2,28,0.9787284394260496,0.14397736149840057,363.6499762486535,716.6183603682528
5235,0,0,0,102,18,5,22,0.8916374130640179,0.9109178960788995,302.3942239549907,580.9548529717645
5236,0,1,1,419,15,5,23,0.21112623764202,0.9238038510084152,271.498440702881,580.7980671877411
5237,0,0,0,451,3,6,18,0.978013844229281,0.1299455715343356,322.8632970504073,650.4983836602195
5238,0,0,1,365,48,4,19,0.6061688305344433,0.4517896354664117,276.60571235077646,602.6937493023739
5239,0,0,0,266,48,8,13,0.6061688305344433,0.4517896354664117,318.7814226397815,655.2104004017639
5240,1,0,1,407,15,6,19,0.21112623764202,0.9238038510084152,288.63717674479324,618.3018908000955
5241,0,0,1,236,38,4,18,0.9087103542406112,0.1694229245185852,312.43283364426725,621.0178284136655
5242,1,1,1,495,44,0,14,0.9833834334276617,0.5796247583348304,364.303769021478,737.6985907929172
5243,1,0,1,8,25,5,23,0.8063855252694339,0.0688752664718777,318.3849022987028,658.4019746999494
5244,0,1,0,476,23,1,15,0.03834434738382697,0.6661178111098707,292.0774445826674,509.27555504916074
5245,0,0,0,273,48,9,24,0.6061688305344433,0.4517896354664117,288.0506360628623,571.5098163948061
5246,0,0,0,475,16,6,19,0.8112564436160028,0.26610612077638507,336.47768599757956,649.1526965885695
5247,0,0,0,37,7,7,18,0.9787284394260496,0.14397736149840057,361.0398693707693,710.5120757014054
5248,0,0,1,463,47,8,21,0.3773106967564672,0.7403151453472674,317.6055870747705,601.6353727061668
5249,0,0,0,289,12,4,23,0.016379052540287375,0.8120638781692833,240.59270005705687,524.6969332999055
5250,0,0,1,251,26,3,20,0.26668567629531026,0.7934630094096065,219.79721206600144,425.5364618294946
5251,1,0,0,196,42,6,18,0.5309706551488489,0.07851310959085822,263.2047119688317,584.750923205297
5252,0,1,0,458,22,9,18,0.6013455470092595,0.32826394867151976,256.5117144328151,540.4377171622194
5253,0,0,1,123,7,5,17,0.9787284394260496,0.14397736149840057,330.0177120751515,596.9074072484838
5254,1,1,0,191,34,6,11,0.5088973850943148,0.8422173084691167,315.2187508203413,598.3161632983141
5255,0,1,1,56,18,3,28,0.8916374130640179,0.9109178960788995,302.6887696509358,594.0369389012226
5256,0,1,0,41,11,5,27,0.775893080746755,0.774874358670786,321.7056362707039,690.8433547002826
5257,0,0,0,463,47,8,21,0.3773106967564672,0.7403151453472674,294.74496935423485,582.5699447624703
5258,0,1,0,164,3,5,26,0.978013844229281,0.1299455715343356,353.59137571042044,694.3874188323473
5259,1,0,0,9,19,5,21,0.48323641112074256,0.5905635331291705,334.60142951388667,699.0265770645599
5260,0,0,0,329,6,3,18,0.7426119421143085,0.6856354165356606,268.6108566725484,446.30641554129465
5261,0,0,0,195,38,7,15,0.9087103542406112,0.1694229245185852,329.58130035157154,690.5870608819546
5262,0,1,0,311,9,3,24,0.013315835734829307,0.08963611628860235,292.4255941413958,553.3213845553396
5263,0,1,0,45,11,3,17,0.775893080746755,0.774874358670786,321.42690604727494,666.1092971090678
5264,0,0,0,127,28,4,22,0.6121745223645121,0.048944066278636456,281.3106344013538,553.1594355733823
5265,0,0,0,408,33,5,16,0.8046367336064577,0.31251504993997514,327.0436821187059,577.2752041679399
5266,0,1,0,122,44,5,21,0.9833834334276617,0.5796247583348304,304.0694444561753,685.4034876426742
5267,1,0,0,292,46,4,21,0.7385737628210336,0.10853192373178899,374.90219267683204,681.4405851295104
5268,1,1,0,298,10,2,20,0.25994612858630717,0.03773271921090782,320.4425916431869,616.1126009034416
5269,0,0,0,315,3,6,23,0.978013844229281,0.1299455715343356,291.290266019944,631.4937706859533
5270,1,0,0,172,38,2,13,0.9087103542406112,0.1694229245185852,343.9054875488669,672.2481008002411
5271,0,0,0,108,30,4,23,0.8535007652826607,0.9145373487845063,322.03603342335003,599.0982889636609
5272,0,0,1,241,49,4,22,0.5121942616533488,0.6461082133464515,269.98260256007023,580.7405166259946
5273,1,0,1,268,18,7,24,0.8916374130640179,0.9109178960788995,281.09964422239767,563.6707993055767
5274,0,0,0,360,29,7,33,0.5533483980689198,0.980351353995502,340.3292627100138,679.8769833914265
5275,0,0,0,279,45,6,18,0.8977528435643762,0.5364251248538494,293.036726812748,605.5930133077956
5276,0,0,0,212,38,5,23,0.9087103542406112,0.1694229245185852,303.94656515157044,621.9552933998202
5277,0,1,0,32,44,2,22,0.9833834334276617,0.5796247583348304,344.7259213360238,760.3588206795197
5278,0,0,0,115,26,6,26,0.26668567629531026,0.7934630094096065,258.03969835324165,546.5075055109885
5279,0,0,1,167,21,6,21,0.9842240803409368,0.6037942769471556,311.2019898408751,606.3388359480164
5280,0,0,0,391,14,4,24,0.14216354000382125,0.6515949983149767,234.04417592148997,506.8484190817017
5281,1,0,0,151,24,6,17,0.14149569114670157,0.8747874984983355,278.18864020700346,621.0763348603169
5282,0,1,0,228,9,9,21,0.013315835734829307,0.08963611628860235,243.8622798349632,507.939770471199
5283,0,1,1,311,9,3,24,0.013315835734829307,0.08963611628860235,235.39894010111368,495.5595896203367
5284,0,0,1,460,32,4,23,0.39761656103655696,0.7758463725913316,278.1364826476234,537.5528528970852
5285,0,0,1,333,1,2,36,0.774368490325287,0.06913358555175364,260.2083469850232,493.62092635661793
5286,0,0,1,391,14,4,24,0.14216354000382125,0.6515949983149767,217.2241075645627,471.0785273360745
5287,1,0,0,395,50,3,23,0.9892466596793383,0.7492987331934273,355.41929906107,633.343065064231
5288,0,0,1,173,33,8,23,0.8046367336064577,0.31251504993997514,294.6134762114612,688.0098053947428
5289,0,0,1,114,35,9,14,0.6349153537303209,0.31414990592747927,292.89383290534664,722.4262654419799
5290,0,1,1,208,17,5,27,0.03654719586484134,0.2661329871043563,282.41766675940454,640.1982046023827
5291,1,0,1,76,38,9,17,0.9087103542406112,0.1694229245185852,300.34223449031833,640.1644172704357
5292,0,0,0,121,30,7,24,0.8535007652826607,0.9145373487845063,306.81288444131377,692.1743084176259
5293,0,1,1,15,37,6,21,0.28013089881278574,0.967524380190298,244.53256965016098,512.9074250298762
5294,0,0,0,23,33,2,15,0.8046367336064577,0.31251504993997514,337.9172065969046,636.2451944017863
5295,0,0,1,138,14,5,17,0.14216354000382125,0.6515949983149767,291.30306492278737,575.6853999796807
5296,0,0,1,98,43,0,23,0.11839594203047454,0.37822385248728096,204.88345860253423,350.368407938445
5297,0,1,1,306,46,5,21,0.7385737628210336,0.10853192373178899,357.63722274366125,653.1432234624906
5298,1,0,0,265,27,5,24,0.042702050879597664,0.5714270058088005,310.98467158191727,586.1982199407864
5299,0,0,0,156,6,4,19,0.7426119421143085,0.6856354165356606,315.3133548891563,684.5882260790754
5300,0,0,0,95,28,3,17,0.6121745223645121,0.048944066278636456,271.1654903869493,532.9731715718974
5301,0,0,0,334,20,1,21,0.4666645280085504,0.9181476451922208,297.5525282197361,515.3269333094116
5302,0,0,0,446,29,5,22,0.5533483980689198,0.980351353995502,280.33404885233375,586.5463506238431
5303,0,0,0,195,38,7,15,0.9087103542406112,0.1694229245185852,268.6200248063706,513.548066703646
5304,1,1,0,421,12,5,20,0.016379052540287375,0.8120638781692833,285.75515975187665,606.9966895425182
5305,0,1,0,252,21,2,17,0.9842240803409368,0.6037942769471556,358.8621695357674,755.5497736826807
5306,0,0,1,204,45,11,19,0.8977528435643762,0.5364251248538494,318.5013733452096,610.8686800769042
5307,0,0,0,485,38,5,21,0.9087103542406112,0.1694229245185852,343.63453975832323,735.0627335890684
5308,0,1,1,367,45,6,16,0.8977528435643762,0.5364251248538494,351.2827992731647,680.4491839892615
5309,0,0,0,213,41,2,27,0.24443748919293284,0.13247077818959951,292.6927173863987,680.9779794522699
5310,0,1,0,94,32,2,21,0.39761656103655696,0.7758463725913316,347.39177950800956,758.4268015162179
5311,0,1,0,328,22,3,23,0.6013455470092595,0.32826394867151976,298.88715651770525,603.2195396788162
5312,0,0,0,330,24,3,29,0.14149569114670157,0.8747874984983355,240.98202338120862,622.4125761975872
5313,0,0,0,70,25,7,23,0.8063855252694339,0.0688752664718777,278.87982165681035,604.5322249615481
5314,1,0,0,232,21,8,29,0.9842240803409368,0.6037942769471556,359.57660270626343,665.5381123454795
5315,1,1,0,97,23,10,28,0.03834434738382697,0.6661178111098707,262.9769517375139,545.0020488843953
5316,0,0,0,148,48,3,17,0.6061688305344433,0.4517896354664117,361.0467020591755,705.9545274037711
5317,1,0,0,253,18,4,24,0.8916374130640179,0.9109178960788995,262.0921955198859,488.19263843682444
5318,0,1,1,425,2,5,14,0.19722419138997793,0.08462062571197748,294.88161287712774,572.7019646344153
5319,0,1,1,34,14,5,15,0.14216354000382125,0.6515949983149767,237.90735864329056,440.43228618888884
5320,1,0,1,219,36,5,23,0.49425172130577266,0.7565638932865113,322.11239174050996,627.7068082505583
5321,0,0,1,327,13,5,18,0.09574478422291577,0.2606025456916541,242.22251735074647,473.914912264006
5322,1,1,1,201,35,2,21,0.6349153537303209,0.31414990592747927,300.2374870343589,574.2809014563633
5323,1,1,0,402,2,6,20,0.19722419138997793,0.08462062571197748,292.83420031260533,559.3388386545577
5324,1,0,1,25,20,7,18,0.4666645280085504,0.9181476451922208,271.80900175510817,607.317188873425
5325,0,0,1,310,29,6,16,0.5533483980689198,0.980351353995502,272.2758169043796,615.2779752933235
5326,0,0,1,221,37,7,22,0.28013089881278574,0.967524380190298,232.01861113648874,474.32648463651714
5327,0,1,1,423,49,5,22,0.5121942616533488,0.6461082133464515,278.0893371750742,588.4560077218257
5328,0,0,0,39,26,5,12,0.26668567629531026,0.7934630094096065,335.72879144693957,625.2300298666423
5329,0,0,0,213,41,2,27,0.24443748919293284,0.13247077818959951,271.7118187158748,483.1806966554542
5330,1,0,0,479,31,4,20,0.46977853984571993,0.7659584856592119,321.00798569042615,672.1073739796975
5331,0,0,0,55,6,7,26,0.7426119421143085,0.6856354165356606,267.22707759368495,561.1877696706847
5332,1,0,0,126,11,10,20,0.775893080746755,0.774874358670786,304.4671666739264,646.2474120553928
5333,0,1,0,280,42,4,15,0.5309706551488489,0.07851310959085822,268.47198831270674,497.6121497871715
5334,0,0,0,261,35,5,19,0.6349153537303209,0.31414990592747927,300.10689249895,635.2083312693186
5335,0,1,1,307,7,7,27,0.9787284394260496,0.14397736149840057,369.5288781466694,720.8345892725104
5336,0,0,1,108,30,4,23,0.8535007652826607,0.9145373487845063,280.9304662968619,566.3473307888279
5337,0,0,0,368,14,2,14,0.14216354000382125,0.6515949983149767,258.0713708401863,582.9535140973387
5338,1,0,0,414,39,3,29,0.7841161577962339,0.6968751777894795,326.65887279760466,689.701724524371
5339,0,0,1,108,30,4,23,0.8535007652826607,0.9145373487845063,291.68436525563277,684.037511289431
5340,1,0,0,165,13,5,14,0.09574478422291577,0.2606025456916541,310.27563085305303,613.7404987716993
5341,0,0,0,217,30,6,25,0.8535007652826607,0.9145373487845063,308.4813386386821,607.9684777377637
5342,1,0,0,104,9,3,21,0.013315835734829307,0.08963611628860235,312.7124987646508,679.6883906663489
5343,1,0,0,327,13,5,18,0.09574478422291577,0.2606025456916541,304.26224668860283,559.3108678964727
5344,0,1,0,359,41,1,22,0.24443748919293284,0.13247077818959951,302.39145208250494,625.8191492762315
5345,0,1,0,480,47,2,22,0.3773106967564672,0.7403151453472674,245.80789035116902,552.1943689427538
5346,0,0,0,83,34,5,24,0.5088973850943148,0.8422173084691167,313.0752804518676,632.3519380017674
5347,1,0,1,271,38,3,20,0.9087103542406112,0.1694229245185852,364.32788839721445,642.30289656754
5348,0,0,0,458,22,9,18,0.6013455470092595,0.32826394867151976,264.380317678987,534.18825883375
5349,1,0,1,295,4,3,28,0.20132735022343695,0.74613202130422,260.0446839365223,514.3465240862472
5350,0,0,0,434,4,5,20,0.20132735022343695,0.74613202130422,288.0913459190092,605.4317345743416
5351,0,0,1,260,10,4,22,0.25994612858630717,0.03773271921090782,298.06256398759314,644.2167275834936
5352,0,1,0,245,41,6,30,0.24443748919293284,0.13247077818959951,305.4630316157454,567.0721269399688
5353,0,0,0,447,31,1,18,0.46977853984571993,0.7659584856592119,277.91447157886114,484.1526268217792
5354,0,1,0,358,1,1,29,0.774368490325287,0.06913358555175364,352.63942933367446,736.9698229612977
5355,0,0,0,315,3,6,23,0.978013844229281,0.1299455715343356,281.1458231147443,623.6061403894527
5356,0,1,0,5,49,2,15,0.5121942616533488,0.6461082133464515,362.84084454236455,713.2133495348871
5357,1,0,1,415,34,6,13,0.5088973850943148,0.8422173084691167,306.3866571927045,679.3993018820763
5358,0,0,1,66,43,4,21,0.11839594203047454,0.37822385248728096,265.4619242284646,501.360235165837
5359,1,1,0,290,39,0,22,0.7841161577962339,0.6968751777894795,331.2487742678523,798.5356938667045
5360,0,0,1,1,25,1,21,0.8063855252694339,0.0688752664718777,323.2748041236283,689.550544944714
5361,0,0,1,8,25,5,23,0.8063855252694339,0.0688752664718777,276.4776051696709,605.3559246372486
5362,0,1,0,439,17,6,23,0.03654719586484134,0.2661329871043563,277.10761139751264,622.311199748542
5363,0,0,1,468,48,6,14,0.6061688305344433,0.4517896354664117,269.7012165336782,497.3718362178358
5364,0,1,0,172,38,2,13,0.9087103542406112,0.1694229245185852,349.905717519146,750.9950152528404
5365,0,1,0,170,40,4,22,0.5589970224536955,0.8726507888641208,310.92475063153177,567.5260279838465
5366,0,0,0,77,7,4,25,0.9787284394260496,0.14397736149840057,365.95668101772003,690.5659982241701
5367,1,0,0,386,10,8,30,0.25994612858630717,0.03773271921090782,335.28336317289893,662.7212696265414
5368,1,0,0,134,40,8,18,0.5589970224536955,0.8726507888641208,281.683163817266,528.9707264295665
5369,0,0,0,338,7,3,26,0.9787284394260496,0.14397736149840057,285.7946904639613,572.7180436231374
5370,1,1,1,305,28,5,17,0.6121745223645121,0.048944066278636456,314.1499335350032,592.2796564649533
5371,0,0,0,79,29,6,23,0.5533483980689198,0.980351353995502,318.5511838088636,796.1579501569863
5372,0,0,0,414,39,3,29,0.7841161577962339,0.6968751777894795,268.7856367444506,610.8706829413893
5373,0,0,0,87,4,5,28,0.20132735022343695,0.74613202130422,240.64285730087704,466.39732817626646
5374,1,0,1,241,49,4,22,0.5121942616533488,0.6461082133464515,334.6668502137043,676.1965220950065
5375,1,0,0,162,31,3,23,0.46977853984571993,0.7659584856592119,304.1283526897561,594.7840033006884
5376,1,1,1,306,46,5,21,0.7385737628210336,0.10853192373178899,374.09442744713505,686.6251666562964
5377,0,0,0,345,19,3,33,0.48323641112074256,0.5905635331291705,186.99304302490225,476.63470965831647
5378,0,0,1,77,7,4,25,0.9787284394260496,0.14397736149840057,296.7504664460512,599.6905467528321
5379,0,0,1,213,41,2,27,0.24443748919293284,0.13247077818959951,304.5508668003511,580.8652849401157
5380,0,0,1,312,50,3,22,0.9892466596793383,0.7492987331934273,268.9661794765947,590.6135905429505
5381,0,0,1,170,40,4,22,0.5589970224536955,0.8726507888641208,253.8107204339916,610.1686855107466
5382,1,0,1,164,3,5,26,0.978013844229281,0.1299455715343356,385.56115763670374,715.4626783302328
5383,1,0,0,414,39,3,29,0.7841161577962339,0.6968751777894795,352.48073510507174,675.330716205471
5384,0,0,0,411,5,4,17,0.36124442727304995,0.0388791817240417,323.6062560104119,639.4849010719437
5385,0,0,1,340,14,2,21,0.14216354000382125,0.6515949983149767,258.52308002211305,602.4184414521712
5386,0,0,1,432,12,6,22,0.016379052540287375,0.8120638781692833,296.4794003408996,538.1481318363277
5387,0,0,0,42,48,5,20,0.6061688305344433,0.4517896354664117,261.9621056242615,591.4722785808463
5388,1,1,1,51,40,11,23,0.5589970224536955,0.8726507888641208,339.8626999630874,743.0514133959884
5389,1,1,0,469,50,7,28,0.9892466596793383,0.7492987331934273,338.27200260989827,672.4031281094267
5390,0,0,0,72,47,7,22,0.3773106967564672,0.7403151453472674,270.6535942505709,489.96959166955673
5391,0,0,0,317,10,7,22,0.25994612858630717,0.03773271921090782,224.59124824259095,520.463849186004
5392,0,1,0,106,33,4,18,0.8046367336064577,0.31251504993997514,367.05385787497477,732.0971825599905
5393,1,0,1,353,8,6,23,0.49811370903626084,0.8910799578297883,329.6607691693401,643.0079539049676
5394,0,0,0,277,48,5,24,0.6061688305344433,0.4517896354664117,273.80720600162635,629.7897642302313
5395,0,0,0,431,27,5,21,0.042702050879597664,0.5714270058088005,310.43353422626353,611.283612356633
5396,0,0,1,9,19,5,21,0.48323641112074256,0.5905635331291705,274.19722139464676,558.8435272869522
5397,0,0,1,329,6,3,18,0.7426119421143085,0.6856354165356606,345.76318215825785,670.5746472119113
5398,0,0,1,301,25,7,27,0.8063855252694339,0.0688752664718777,294.89385062072864,699.4916243687461
5399,1,1,0,364,49,6,18,0.5121942616533488,0.6461082133464515,368.96395805651593,802.0927166967581
5400,0,0,0,77,7,4,25,0.9787284394260496,0.14397736149840057,311.22659612025905,656.9431777860823
5401,0,0,0,169,39,3,31,0.7841161577962339,0.6968751777894795,291.19340716050516,597.0139769477952
5402,0,0,0,68,16,2,18,0.8112564436160028,0.26610612077638507,296.9310762645222,732.1514773766737
5403,0,1,0,447,31,1,18,0.46977853984571993,0.7659584856592119,272.46094972835385,506.9602360063309
5404,0,0,0,115,26,6,26,0.26668567629531026,0.7934630094096065,225.7063386144514,476.3536781600287
5405,1,0,1,477,14,4,25,0.14216354000382125,0.6515949983149767,254.12739670246182,535.1976668222479
5406,1,0,0,270,29,7,22,0.5533483980689198,0.980351353995502,309.9966601895617,748.0097145112491
5407,0,1,0,73,22,3,22,0.6013455470092595,0.32826394867151976,333.34741302671586,732.2297387885319
5408,0,0,0,333,1,2,36,0.774368490325287,0.06913358555175364,302.04922189137073,686.7315164010367
5409,1,0,1,477,14,4,25,0.14216354000382125,0.6515949983149767,277.36840312179925,475.26939601436635
5410,0,0,0,323,27,9,11,0.042702050879597664,0.5714270058088005,267.568861364412,549.4290908089301
5411,1,0,0,351,2,5,21,0.19722419138997793,0.08462062571197748,260.5904498944554,587.0995188900566
5412,0,0,0,215,33,8,15,0.8046367336064577,0.31251504993997514,305.2091814371678,644.2887708975895
5413,0,0,1,66,43,4,21,0.11839594203047454,0.37822385248728096,323.08426023600356,693.1535484824533
5414,0,0,0,147,16,5,19,0.8112564436160028,0.26610612077638507,258.3432102537403,522.5926133937635
5415,0,0,0,137,50,2,14,0.9892466596793383,0.7492987331934273,312.44442975539465,574.0373508451132
5416,1,0,0,484,25,6,18,0.8063855252694339,0.0688752664718777,349.9065331392907,629.9933641169314
5417,1,1,0,60,35,5,21,0.6349153537303209,0.31414990592747927,291.94372267058566,592.1738776186393
5418,0,0,1,206,8,5,13,0.49811370903626084,0.8910799578297883,278.37296948619183,614.6810255868221
5419,1,0,0,199,7,7,24,0.9787284394260496,0.14397736149840057,365.6465981476047,700.9161624581895
5420,0,0,0,129,23,1,19,0.03834434738382697,0.6661178111098707,258.9683089965907,531.9383040051924
5421,0,0,1,68,16,2,18,0.8112564436160028,0.26610612077638507,306.8708954311681,478.1865887636835
5422,0,0,1,251,26,3,20,0.26668567629531026,0.7934630094096065,224.7002926111989,532.8504993252742
5423,1,1,0,392,47,7,15,0.3773106967564672,0.7403151453472674,308.01536691621624,552.2904764618345
5424,0,1,1,254,4,3,19,0.20132735022343695,0.74613202130422,270.0619105117795,554.8250159907354
5425,1,0,0,3,8,4,20,0.49811370903626084,0.8910799578297883,314.8034570136997,592.8693808644548
5426,0,1,0,73,22,3,22,0.6013455470092595,0.32826394867151976,324.1196329185109,675.7761164778492
5427,0,1,1,273,48,9,24,0.6061688305344433,0.4517896354664117,307.1557755674391,593.6999659481046
5428,0,0,0,128,22,3,25,0.6013455470092595,0.32826394867151976,273.5324418508523,649.0958404102313
5429,0,0,0,465,3,5,16,0.978013844229281,0.1299455715343356,321.87652204359716,664.0691108143567
5430,0,0,1,24,35,2,27,0.6349153537303209,0.31414990592747927,276.6895779958936,530.5586079496961
5431,0,1,1,306,46,5,21,0.7385737628210336,0.10853192373178899,284.0288597277339,623.0587284175489
5432,0,0,0,153,10,6,20,0.25994612858630717,0.03773271921090782,274.264974005737,598.6473465514106
5433,0,0,1,87,4,5,28,0.20132735022343695,0.74613202130422,226.2620864753189,449.04526725070116
5434,0,0,0,467,5,4,17,0.36124442727304995,0.0388791817240417,303.5242248941518,699.2591344792434
5435,0,0,0,152,17,4,17,0.03654719586484134,0.2661329871043563,298.08054111893597,603.4032386617082
5436,0,1,0,69,15,3,15,0.21112623764202,0.9238038510084152,243.62529875105267,538.8133583635255
5437,1,0,1,256,10,9,27,0.25994612858630717,0.03773271921090782,280.8748953576287,678.6656982694914
5438,0,0,0,242,41,5,15,0.24443748919293284,0.13247077818959951,260.229636656116,614.0011738476527
5439,1,0,0,474,33,2,23,0.8046367336064577,0.31251504993997514,318.52332368777274,673.5082448423487
5440,0,0,0,197,29,8,24,0.5533483980689198,0.980351353995502,303.08992287172765,683.2570165384627
5441,0,1,1,346,41,8,26,0.24443748919293284,0.13247077818959951,299.00809924866286,549.4827293271749
5442,0,0,0,217,30,6,25,0.8535007652826607,0.9145373487845063,294.01632209799027,599.4273384921229
5443,1,0,1,319,50,4,21,0.9892466596793383,0.7492987331934273,352.51464556170254,704.7019784552123
5444,0,1,1,135,9,4,17,0.013315835734829307,0.08963611628860235,296.7647749010237,537.711667273096
5445,0,1,0,406,32,6,19,0.39761656103655696,0.7758463725913316,340.8744313691421,657.1127044448953
5446,0,1,0,3,8,4,20,0.49811370903626084,0.8910799578297883,314.7144910567422,630.1287056559493
5447,0,1,0,189,1,9,26,0.774368490325287,0.06913358555175364,332.9221924898437,710.2105862737126
5448,0,1,1,385,45,7,17,0.8977528435643762,0.5364251248538494,324.2278990959777,658.3538738149924
5449,0,0,0,129,23,1,19,0.03834434738382697,0.6661178111098707,279.72488535151376,543.7461395131368
5450,0,1,1,52,33,9,17,0.8046367336064577,0.31251504993997514,320.007417240337,676.7551745300226
5451,1,0,0,78,6,6,20,0.7426119421143085,0.6856354165356606,311.7615872040296,665.0755177691536
5452,0,0,0,168,39,6,24,0.7841161577962339,0.6968751777894795,290.46232155947786,695.9759949173883
5453,0,0,1,359,41,1,22,0.24443748919293284,0.13247077818959951,291.047232468644,639.1089172163297
5454,0,0,0,98,43,0,23,0.11839594203047454,0.37822385248728096,288.8400070837401,592.4267603453496
5455,1,0,0,148,48,3,17,0.6061688305344433,0.4517896354664117,277.1057150977721,549.5530800146305
5456,0,0,0,332,14,6,16,0.14216354000382125,0.6515949983149767,238.41598840422935,465.9742343777544
5457,0,1,0,218,49,8,27,0.5121942616533488,0.6461082133464515,314.28889349355484,631.9981284835602
5458,0,1,1,409,48,9,16,0.6061688305344433,0.4517896354664117,286.07037291072737,554.9393284235211
5459,1,0,1,391,14,4,24,0.14216354000382125,0.6515949983149767,229.67775063324126,516.8636354380399
5460,0,0,1,424,35,3,19,0.6349153537303209,0.31414990592747927,303.1261648490536,713.1608695879263
5461,0,1,0,329,6,3,18,0.7426119421143085,0.6856354165356606,326.6183184841297,628.2520362647666
5462,0,1,1,231,38,5,14,0.9087103542406112,0.1694229245185852,364.56782596190266,696.1626331340694
5463,0,1,0,362,27,5,23,0.042702050879597664,0.5714270058088005,281.5167410034582,592.6155575987486
5464,1,0,0,467,5,4,17,0.36124442727304995,0.0388791817240417,266.0480282514789,568.1353815713787
5465,0,0,0,380,6,8,17,0.7426119421143085,0.6856354165356606,312.7218440350093,616.1568824606992
5466,1,0,0,335,47,7,16,0.3773106967564672,0.7403151453472674,270.8789737721504,591.7724516309129
5467,1,0,0,350,19,4,16,0.48323641112074256,0.5905635331291705,307.9415576061042,586.4234774504961
5468,0,0,0,400,3,6,19,0.978013844229281,0.1299455715343356,320.7299303061143,601.2556286645686
5469,0,0,0,332,14,6,16,0.14216354000382125,0.6515949983149767,246.78717171274508,603.6910832089485
5470,1,1,1,246,19,6,19,0.48323641112074256,0.5905635331291705,274.66434521180526,573.1690087130463
5471,0,0,0,477,14,4,25,0.14216354000382125,0.6515949983149767,233.88352017978445,610.4916918385279
5472,0,1,1,235,1,5,19,0.774368490325287,0.06913358555175364,314.6860654627094,572.1730384877771
5473,0,0,1,355,2,0,14,0.19722419138997793,0.08462062571197748,238.41540534300088,453.83645143852567
5474,0,0,1,81,43,4,20,0.11839594203047454,0.37822385248728096,280.95717194101456,590.8063305573073
5475,1,0,1,424,35,3,19,0.6349153537303209,0.31414990592747927,318.9891242373935,586.5047320861736
5476,0,0,0,284,10,6,19,0.25994612858630717,0.03773271921090782,243.9685288651537,521.2454330206111
5477,1,0,0,112,19,5,30,0.48323641112074256,0.5905635331291705,265.0525826192821,540.5590877374177
5478,1,1,1,113,29,5,24,0.5533483980689198,0.980351353995502,326.91486342177456,667.6054031458557
5479,0,0,0,189,1,9,26,0.774368490325287,0.06913358555175364,318.8361155854816,663.1640310642566
5480,0,0,1,108,30,4,23,0.8535007652826607,0.9145373487845063,272.2160062250177,581.5525548651726
5481,0,0,0,437,22,1,25,0.6013455470092595,0.32826394867151976,308.7849467033302,565.3874414218998
5482,0,0,0,58,48,6,22,0.6061688305344433,0.4517896354664117,243.6433092142583,379.98833337538747
5483,0,1,1,454,31,9,17,0.46977853984571993,0.7659584856592119,232.19174034348862,470.62078073377074
5484,1,0,0,242,41,5,15,0.24443748919293284,0.13247077818959951,316.24055007421936,655.9133756969615
5485,1,1,0,476,23,1,15,0.03834434738382697,0.6661178111098707,283.2793136802641,603.622485825269
5486,0,0,0,20,30,6,26,0.8535007652826607,0.9145373487845063,246.6354062150093,473.0871928021609
5487,1,1,0,159,25,1,14,0.8063855252694339,0.0688752664718777,354.049098732473,688.1284684244546
5488,0,0,0,340,14,2,21,0.14216354000382125,0.6515949983149767,281.07592318263335,651.7913460121263
5489,0,0,0,249,42,3,20,0.5309706551488489,0.07851310959085822,315.16398917222955,681.3312603771875
5490,0,0,0,289,12,4,23,0.016379052540287375,0.8120638781692833,265.8681023528855,526.5348275715626
5491,0,0,0,120,1,5,17,0.774368490325287,0.06913358555175364,298.47100003596387,654.1433054414864
5492,0,0,1,324,8,2,22,0.49811370903626084,0.8910799578297883,253.72908092743126,516.0210538421943
5493,0,0,1,256,10,9,27,0.25994612858630717,0.03773271921090782,271.1794827738797,512.6539723295765
5494,1,1,1,246,19,6,19,0.48323641112074256,0.5905635331291705,332.4685892315031,594.6562110645012
5495,0,0,1,254,4,3,19,0.20132735022343695,0.74613202130422,243.9413868135888,576.4893560975878
5496,1,1,1,206,8,5,13,0.49811370903626084,0.8910799578297883,283.5834873717242,530.7694812228622
5497,0,0,1,319,50,4,21,0.9892466596793383,0.7492987331934273,320.1183363835729,614.1877449112575
5498,0,0,0,326,14,5,25,0.14216354000382125,0.6515949983149767,283.15069387728397,521.5129737171301
5499,1,0,1,214,15,4,20,0.21112623764202,0.9238038510084152,277.67600073741886,590.8561863306692
5500,0,0,0,369,2,4,17,0.19722419138997793,0.08462062571197748,318.81206616767884,623.3571785722964
5501,0,0,0,84,31,4,20,0.46977853984571993,0.7659584856592119,295.93150684040666,538.8583659863061
5502,0,1,1,226,21,9,24,0.9842240803409368,0.6037942769471556,337.45085977329626,842.0417127182326
5503,1,1,0,482,42,5,19,0.5309706551488489,0.07851310959085822,307.5713389850837,602.8024036873472
5504,0,0,1,130,11,8,16,0.775893080746755,0.774874358670786,291.90761765159374,585.0560308987361
5505,0,0,0,68,16,2,18,0.8112564436160028,0.26610612077638507,292.0945865595222,485.81321608818257
5506,1,0,1,119,29,3,20,0.5533483980689198,0.980351353995502,321.85180801535563,612.7239147521512
5507,0,1,0,124,28,3,18,0.6121745223645121,0.048944066278636456,295.0726142677107,559.7977780741891
5508,0,1,0,214,15,4,20,0.21112623764202,0.9238038510084152,242.10020141327652,394.5002636989422
5509,0,1,1,388,50,5,24,0.9892466596793383,0.7492987331934273,330.4097922906766,690.419875464275
5510,0,0,0,79,29,6,23,0.5533483980689198,0.980351353995502,271.83404543212765,525.180706116203
5511,1,1,0,248,50,8,17,0.9892466596793383,0.7492987331934273,371.309180488703,794.3510666459312
5512,1,0,1,496,41,4,22,0.24443748919293284,0.13247077818959951,270.3047611803438,459.0509674532062
5513,1,0,0,154,16,4,23,0.8112564436160028,0.26610612077638507,351.0302997087061,633.2470651957295
5514,0,1,1,119,29,3,20,0.5533483980689198,0.980351353995502,306.4163524868229,643.3426489798204
5515,0,0,1,182,25,7,21,0.8063855252694339,0.0688752664718777,293.6580009743892,592.3201431825587
5516,1,0,0,451,3,6,18,0.978013844229281,0.1299455715343356,406.0050590314706,812.2595405165109
5517,0,1,1,388,50,5,24,0.9892466596793383,0.7492987331934273,321.4434326151177,660.5341318698106
5518,0,0,0,454,31,9,17,0.46977853984571993,0.7659584856592119,321.97680040739044,689.4605089398349
5519,0,0,0,143,36,8,9,0.49425172130577266,0.7565638932865113,283.28647161272795,604.3787724908433
5520,1,1,0,289,12,4,23,0.016379052540287375,0.8120638781692833,291.08012467963806,715.6428967530735
5521,1,0,0,390,6,6,25,0.7426119421143085,0.6856354165356606,320.0235387568494,665.7429437144908
5522,1,0,0,116,48,3,20,0.6061688305344433,0.4517896354664117,305.1450780777926,662.3225111238293
5523,0,0,0,410,7,2,28,0.9787284394260496,0.14397736149840057,312.7271649905614,731.217873875359
5524,0,0,0,97,23,10,28,0.03834434738382697,0.6661178111098707,248.68162539423017,565.030451990294
5525,0,0,0,390,6,6,25,0.7426119421143085,0.6856354165356606,273.23217754389117,576.8577031811934
5526,1,0,1,338,7,3,26,0.9787284394260496,0.14397736149840057,353.51027150941724,573.4399455378061
5527,1,1,0,379,27,7,22,0.042702050879597664,0.5714270058088005,252.4121815277102,551.9798571877218
5528,1,0,0,374,33,6,16,0.8046367336064577,0.31251504993997514,367.7860791575235,631.9765557682528
5529,1,1,1,356,47,10,25,0.3773106967564672,0.7403151453472674,264.0568942399503,490.2242857765291
5530,0,0,0,7,47,3,17,0.3773106967564672,0.7403151453472674,321.43946010089655,624.4169202055111
5531,0,0,0,422,25,5,20,0.8063855252694339,0.0688752664718777,311.62777425477077,693.0216561547073
5532,0,1,1,94,32,2,21,0.39761656103655696,0.7758463725913316,307.29943005710487,563.3342439986267
5533,0,0,0,355,2,0,14,0.19722419138997793,0.08462062571197748,191.72635090483925,450.7001595525672
5534,0,0,0,15,37,6,21,0.28013089881278574,0.967524380190298,303.23515033960666,620.2836977570993
5535,0,0,0,102,18,5,22,0.8916374130640179,0.9109178960788995,253.2546622598482,631.0359260290559
5536,1,0,0,414,39,3,29,0.7841161577962339,0.6968751777894795,353.40306798670775,698.7567416922983
5537,1,0,0,424,35,3,19,0.6349153537303209,0.31414990592747927,349.66386474893636,679.0826733799806
5538,1,0,1,285,29,4,24,0.5533483980689198,0.980351353995502,216.1022986748536,528.9437128849027
5539,0,0,1,101,7,5,15,0.9787284394260496,0.14397736149840057,376.92456101582434,783.007548629457
5540,0,0,0,470,39,5,22,0.7841161577962339,0.6968751777894795,365.1450903070473,701.0181683502009
5541,1,1,1,92,32,3,21,0.39761656103655696,0.7758463725913316,354.96493075815306,722.2886030181569
5542,0,1,1,185,27,6,20,0.042702050879597664,0.5714270058088005,270.2693545183389,623.6459336158719
5543,0,0,0,380,6,8,17,0.7426119421143085,0.6856354165356606,296.9894312681993,598.9058149435306
5544,0,0,0,292,46,4,21,0.7385737628210336,0.10853192373178899,367.8152514500289,639.507039624958
5545,1,0,1,433,23,8,29,0.03834434738382697,0.6661178111098707,304.0277529708193,617.9091233117493
5546,0,1,1,33,9,8,21,0.013315835734829307,0.08963611628860235,325.1410460976147,640.0868659752019
5547,0,0,0,86,22,4,19,0.6013455470092595,0.32826394867151976,312.5159771769813,687.1945638355315
5548,0,0,0,175,48,7,16,0.6061688305344433,0.4517896354664117,319.1677058724849,628.9161550635176
5549,0,0,0,178,47,4,18,0.3773106967564672,0.7403151453472674,271.4896559921924,505.45184925400594
5550,0,0,0,459,48,4,11,0.6061688305344433,0.4517896354664117,282.1636277805601,556.7108432165188
5551,1,0,1,309,14,2,25,0.14216354000382125,0.6515949983149767,306.3110611766868,609.51864813111
5552,1,0,0,125,38,5,23,0.9087103542406112,0.1694229245185852,356.93874025832264,701.2553178659452
5553,0,0,0,271,38,3,20,0.9087103542406112,0.1694229245185852,360.3833165988957,629.7401548069333
5554,0,0,0,350,19,4,16,0.48323641112074256,0.5905635331291705,237.75065351010397,527.1955096012655
5555,0,0,0,221,37,7,22,0.28013089881278574,0.967524380190298,243.39673408158632,639.3657941955494
5556,1,1,0,215,33,8,15,0.8046367336064577,0.31251504993997514,382.7825912270337,719.6208225067107
5557,0,1,0,86,22,4,19,0.6013455470092595,0.32826394867151976,348.7714303619726,647.717386194972
5558,1,0,0,497,42,5,19,0.5309706551488489,0.07851310959085822,261.7023426600523,484.8900438391546
5559,0,0,0,484,25,6,18,0.8063855252694339,0.0688752664718777,288.3557352229432,538.1400420553904
5560,0,0,0,244,34,9,25,0.5088973850943148,0.8422173084691167,287.25814058525987,759.8521333351439
5561,0,0,1,293,43,3,32,0.11839594203047454,0.37822385248728096,305.8766356279412,687.3595639551598
5562,0,0,0,150,3,3,19,0.978013844229281,0.1299455715343356,291.3088396668596,576.7468096117101
5563,1,0,0,257,4,7,24,0.20132735022343695,0.74613202130422,326.66290315879235,675.0434918292888
5564,1,0,1,493,13,6,22,0.09574478422291577,0.2606025456916541,319.6093801365113,692.2140974024804
5565,1,0,0,496,41,4,22,0.24443748919293284,0.13247077818959951,267.9747872927163,653.46447473324
5566,0,1,1,36,41,6,20,0.24443748919293284,0.13247077818959951,292.8835832823301,654.6629882451529
5567,0,0,1,313,17,8,17,0.03654719586484134,0.2661329871043563,234.43115792206808,466.15252625181574
5568,0,1,0,286,41,6,18,0.24443748919293284,0.13247077818959951,286.8289657450572,502.766245763004
5569,0,1,1,497,42,5,19,0.5309706551488489,0.07851310959085822,290.6732641144776,567.0493701259929
5570,0,1,0,101,7,5,15,0.9787284394260496,0.14397736149840057,339.6189422139373,719.2993391312388
5571,1,0,0,144,19,5,21,0.48323641112074256,0.5905635331291705,316.6566079879063,702.1288072731799
5572,1,0,0,139,3,4,20,0.978013844229281,0.1299455715343356,340.7699201749974,618.0604486304193
5573,0,0,0,48,10,5,21,0.25994612858630717,0.03773271921090782,286.09985311877597,497.9602767252194
5574,1,0,0,10,19,2,22,0.48323641112074256,0.5905635331291705,324.2684425015816,612.8730442956538
5575,1,0,0,184,28,3,25,0.6121745223645121,0.048944066278636456,338.6672338156852,656.5309170815083
5576,0,0,0,65,43,10,24,0.11839594203047454,0.37822385248728096,224.38041302110503,516.3379467445002
5577,0,0,0,427,34,4,23,0.5088973850943148,0.8422173084691167,251.59265290901303,588.5819043328429
5578,0,0,0,244,34,9,25,0.5088973850943148,0.8422173084691167,320.5424379512504,676.909012377521
5579,0,0,1,126,11,10,20,0.775893080746755,0.774874358670786,305.640930642175,744.5864409586646
5580,1,1,1,290,39,0,22,0.7841161577962339,0.6968751777894795,309.2890213505006,533.1992479079066
5581,0,0,1,410,7,2,28,0.9787284394260496,0.14397736149840057,335.82475687670035,687.3102145937379
5582,0,0,1,167,21,6,21,0.9842240803409368,0.6037942769471556,327.37347185321295,601.896089718329
5583,0,1,0,307,7,7,27,0.9787284394260496,0.14397736149840057,305.2590277189687,636.8535819776228
5584,1,1,1,128,22,3,25,0.6013455470092595,0.32826394867151976,338.92445327748476,717.0158400598746
5585,0,1,0,10,19,2,22,0.48323641112074256,0.5905635331291705,252.28169957405157,621.3527641858267
5586,0,0,0,282,36,9,21,0.49425172130577266,0.7565638932865113,190.38399783903037,437.48660091192187
5587,0,1,0,204,45,11,19,0.8977528435643762,0.5364251248538494,311.2421803116471,697.0928933665135
5588,1,1,0,373,13,8,16,0.09574478422291577,0.2606025456916541,291.36973935442467,661.2560530244951
5589,0,0,0,140,38,3,18,0.9087103542406112,0.1694229245185852,275.09860859804127,590.3930577556271
5590,0,0,0,12,1,3,22,0.774368490325287,0.06913358555175364,321.2809609699561,635.5897813539923
5591,0,1,1,26,38,2,23,0.9087103542406112,0.1694229245185852,309.03328474288514,666.8097902809222
5592,0,0,0,139,3,4,20,0.978013844229281,0.1299455715343356,372.69337362824814,692.7266600886745
5593,0,0,1,475,16,6,19,0.8112564436160028,0.26610612077638507,330.9839933489575,648.3278471963068
5594,1,0,1,40,48,7,21,0.6061688305344433,0.4517896354664117,255.3874132633187,522.7744845558694
5595,0,0,0,419,15,5,23,0.21112623764202,0.9238038510084152,234.27553936522804,515.3053950834999
5596,0,1,1,166,21,5,17,0.9842240803409368,0.6037942769471556,308.78970845375113,639.352122159217
5597,1,0,0,393,20,2,24,0.4666645280085504,0.9181476451922208,250.718594154563,482.7227555405459
5598,1,0,0,208,17,5,27,0.03654719586484134,0.2661329871043563,268.33702733880676,586.0776734559955
5599,0,0,1,293,43,3,32,0.11839594203047454,0.37822385248728096,257.4179002074956,585.7372309000002
5600,0,0,0,273,48,9,24,0.6061688305344433,0.4517896354664117,257.4522935248525,497.8396203708832
5601,0,0,0,182,25,7,21,0.8063855252694339,0.0688752664718777,304.68950070466,618.9493059881788
5602,0,0,0,293,43,3,32,0.11839594203047454,0.37822385248728096,264.961700948856,598.1770071189588
5603,0,0,1,421,12,5,20,0.016379052540287375,0.8120638781692833,238.25557942280528,425.02296305085116
5604,0,1,0,192,2,10,19,0.19722419138997793,0.08462062571197748,244.50210360199543,527.8053200264052
5605,0,0,1,499,13,5,16,0.09574478422291577,0.2606025456916541,272.50866713471777,641.3553831116615
5606,1,0,0,125,38,5,23,0.9087103542406112,0.1694229245185852,343.9471319282562,669.9773437848089
5607,0,1,0,412,18,5,29,0.8916374130640179,0.9109178960788995,325.6557398515949,630.6231042960635
5608,0,0,0,56,18,3,28,0.8916374130640179,0.9109178960788995,273.4511286266834,635.0995348221852
5609,0,0,0,158,19,2,24,0.48323641112074256,0.5905635331291705,293.90853711821376,532.7609616600133
5610,0,0,1,454,31,9,17,0.46977853984571993,0.7659584856592119,258.31511996626404,515.5537548943198
5611,0,1,0,250,28,7,21,0.6121745223645121,0.048944066278636456,398.8944268308895,828.8899791297175
5612,0,0,1,94,32,2,21,0.39761656103655696,0.7758463725913316,237.67776764320655,537.2494933964161
5613,0,0,0,93,29,2,12,0.5533483980689198,0.980351353995502,271.20922822833336,564.5727332303621
5614,1,0,0,449,33,4,24,0.8046367336064577,0.31251504993997514,351.6484642781325,682.0178101262169
5615,1,0,0,296,31,10,14,0.46977853984571993,0.7659584856592119,278.8816632260911,542.203311254414
5616,1,1,0,9,19,5,21,0.48323641112074256,0.5905635331291705,296.70111075602654,591.152241527735
5617,1,0,0,354,38,3,27,0.9087103542406112,0.1694229245185852,374.0093842333356,699.4266218342616
5618,0,1,1,58,48,6,22,0.6061688305344433,0.4517896354664117,364.06498607797687,760.7694815335278
5619,1,0,0,148,48,3,17,0.6061688305344433,0.4517896354664117,300.4030346911234,536.8498621667187
5620,0,0,0,393,20,2,24,0.4666645280085504,0.9181476451922208,242.0792317620372,608.7009713927015
5621,0,1,0,407,15,6,19,0.21112623764202,0.9238038510084152,248.49438284234597,486.3568322842525
5622,0,0,0,403,41,3,27,0.24443748919293284,0.13247077818959951,239.13885482361636,431.54389595549156
5623,0,0,0,252,21,2,17,0.9842240803409368,0.6037942769471556,317.04995305232575,555.2837576193019
5624,0,1,0,254,4,3,19,0.20132735022343695,0.74613202130422,234.32055137373246,431.95836756828567
5625,0,0,1,178,47,4,18,0.3773106967564672,0.7403151453472674,246.83432390920152,590.2862623231753
5626,0,0,0,213,41,2,27,0.24443748919293284,0.13247077818959951,266.83185765608596,475.1017442145697
5627,0,1,1,335,47,7,16,0.3773106967564672,0.7403151453472674,270.2615370732601,641.4245808670975
5628,0,0,0,319,50,4,21,0.9892466596793383,0.7492987331934273,286.772401429753,657.9881284298217
5629,0,0,1,486,28,5,15,0.6121745223645121,0.048944066278636456,326.34384315647475,598.2005597649376
5630,0,0,1,88,14,4,18,0.14216354000382125,0.6515949983149767,233.5267929628991,519.5692695707759
5631,1,1,0,170,40,4,22,0.5589970224536955,0.8726507888641208,295.48180965365157,591.208941280652
5632,0,0,0,425,2,5,14,0.19722419138997793,0.08462062571197748,273.8128026455314,483.786518065378
5633,0,1,0,13,5,4,16,0.36124442727304995,0.0388791817240417,323.1177515068455,745.2762036973264
5634,0,0,0,64,45,1,18,0.8977528435643762,0.5364251248538494,328.74997451501395,648.4949659684529
5635,0,1,0,455,50,3,19,0.9892466596793383,0.7492987331934273,358.0522624596103,790.7616249470241
5636,0,0,0,159,25,1,14,0.8063855252694339,0.0688752664718777,287.49637382879314,565.7120308847374
5637,0,1,0,357,49,8,14,0.5121942616533488,0.6461082133464515,316.9024699483843,647.6510036279108
5638,0,1,0,209,24,1,26,0.14149569114670157,0.8747874984983355,247.5457677619599,528.2949966213729
5639,0,0,1,158,19,2,24,0.48323641112074256,0.5905635331291705,254.6347937983336,601.5253906909952
5640,0,0,0,328,22,3,23,0.6013455470092595,0.32826394867151976,326.59808421504533,722.1992666784249
5641,0,0,0,441,21,3,18,0.9842240803409368,0.6037942769471556,311.88790452553627,652.8993387431925
5642,0,0,0,106,33,4,18,0.8046367336064577,0.31251504993997514,297.89027359363814,606.132390651838
5643,0,0,0,254,4,3,19,0.20132735022343695,0.74613202130422,280.0034106830565,697.2983978137772
5644,0,1,0,13,5,4,16,0.36124442727304995,0.0388791817240417,285.92261903435497,607.656243443697
5645,0,0,0,439,17,6,23,0.03654719586484134,0.2661329871043563,240.18988320319573,538.8300503232712
5646,0,0,1,232,21,8,29,0.9842240803409368,0.6037942769471556,292.458251501821,606.1904955961155
5647,1,0,0,51,40,11,23,0.5589970224536955,0.8726507888641208,298.61449712651654,557.0795825661771
5648,0,0,0,267,45,6,15,0.8977528435643762,0.5364251248538494,268.36538809077405,600.4882681307847
5649,0,0,0,325,31,2,17,0.46977853984571993,0.7659584856592119,169.55834845261654,331.54124988700244
5650,0,0,1,320,40,6,20,0.5589970224536955,0.8726507888641208,320.1252424908536,698.4459286440634
5651,1,0,0,356,47,10,25,0.3773106967564672,0.7403151453472674,363.00354915263256,606.2681305236015
5652,0,0,1,499,13,5,16,0.09574478422291577,0.2606025456916541,289.91268389982895,634.2333122640836
5653,1,1,1,70,25,7,23,0.8063855252694339,0.0688752664718777,408.3153191990235,886.1480248430495
5654,0,1,1,262,23,5,27,0.03834434738382697,0.6661178111098707,227.4047159727301,442.8934583275137
5655,0,0,0,29,23,3,18,0.03834434738382697,0.6661178111098707,236.49139435122743,439.92844680594493
5656,0,1,0,256,10,9,27,0.25994612858630717,0.03773271921090782,324.07579928534227,590.8924934927614
5657,0,0,0,260,10,4,22,0.25994612858630717,0.03773271921090782,270.87284818207155,570.9177743795093
5658,1,0,0,84,31,4,20,0.46977853984571993,0.7659584856592119,294.9329611939307,594.4463375035431
5659,0,0,0,212,38,5,23,0.9087103542406112,0.1694229245185852,323.22938073344574,710.5001188979231
5660,1,0,1,251,26,3,20,0.26668567629531026,0.7934630094096065,318.4370478088162,598.0589847636918
5661,0,1,1,266,48,8,13,0.6061688305344433,0.4517896354664117,301.98045371727164,573.8113869496166
5662,0,0,0,474,33,2,23,0.8046367336064577,0.31251504993997514,312.95263531538467,558.5215555509888
5663,0,0,1,331,9,2,10,0.013315835734829307,0.08963611628860235,218.1328621840496,555.3172728640624
5664,1,1,1,195,38,7,15,0.9087103542406112,0.1694229245185852,300.9454874093145,675.2357386999722
5665,0,0,1,334,20,1,21,0.4666645280085504,0.9181476451922208,302.5491603093017,481.21848675784133
5666,1,1,0,330,24,3,29,0.14149569114670157,0.8747874984983355,324.54709922731513,650.8999269912827
5667,0,0,1,68,16,2,18,0.8112564436160028,0.26610612077638507,297.76562810306586,606.1131560668015
5668,0,1,0,184,28,3,25,0.6121745223645121,0.048944066278636456,318.7734361032354,645.4074866662272
5669,1,0,0,419,15,5,23,0.21112623764202,0.9238038510084152,237.31924802060084,459.75957338768404
5670,0,0,1,172,38,2,13,0.9087103542406112,0.1694229245185852,298.7667720484261,641.4011323276568
5671,0,0,1,451,3,6,18,0.978013844229281,0.1299455715343356,349.33882663790916,647.7268165916107
5672,0,1,0,144,19,5,21,0.48323641112074256,0.5905635331291705,283.3603628617216,555.0045420788595
5673,1,0,0,422,25,5,20,0.8063855252694339,0.0688752664718777,324.78902442990716,635.9804266364089
5674,0,0,0,292,46,4,21,0.7385737628210336,0.10853192373178899,342.89055546168834,689.80893279685165
5675,0,0,0,170,40,4,22,0.5589970224536955,0.8726507888641208,275.55338185555746,501.79107896483083
5676,0,0,0,184,28,3,25,0.6121745223645121,0.048944066278636456,303.26667973987156,579.67371773989
5677,0,0,0,43,31,4,16,0.46977853984571993,0.7659584856592119,259.62446113465626,563.4942879809199
5678,0,0,0,68,16,2,18,0.8112564436160028,0.26610612077638507,305.62744502813285,577.3521272678717
5679,0,1,0,146,8,6,22,0.49811370903626084,0.8910799578297883,242.14601820644512,438.4060584501009
5680,0,0,1,18,48,5,30,0.6061688305344433,0.4517896354664117,323.4987352893265,500.30241099856664
5681,0,0,0,208,17,5,27,0.03654719586484134,0.2661329871043563,273.7005550395891,661.1146372502026
5682,1,1,0,400,3,6,19,0.978013844229281,0.1299455715343356,418.90404136798037,783.3914072067322
5683,0,1,0,460,32,4,23,0.39761656103655696,0.7758463725913316,274.5319350946493,659.2014648143096
5684,0,0,0,180,29,2,19,0.5533483980689198,0.980351353995502,313.0605787068355,570.308612695627
5685,1,0,1,499,13,5,16,0.09574478422291577,0.2606025456916541,315.74889825164036,581.7630582257256
5686,0,0,0,28,29,3,18,0.5533483980689198,0.980351353995502,274.389124005433,610.254661062898
5687,0,1,0,106,33,4,18,0.8046367336064577,0.31251504993997514,312.69057551335555,648.4719901202266
5688,0,1,0,367,45,6,16,0.8977528435643762,0.5364251248538494,297.5478666716574,646.2405068415193
5689,0,0,1,36,41,6,20,0.24443748919293284,0.13247077818959951,248.29311153774918,444.4704109227166
5690,0,1,0,391,14,4,24,0.14216354000382125,0.6515949983149767,239.04535982157861,491.0097455501695
5691,1,0,0,316,9,4,22,0.013315835734829307,0.08963611628860235,307.0680669759699,641.2634266887507
5692,1,0,0,209,24,1,26,0.14149569114670157,0.8747874984983355,276.21901314882774,554.1296082494966
5693,0,1,0,315,3,6,23,0.978013844229281,0.1299455715343356,340.8534982805178,713.9717294320155
5694,0,1,0,469,50,7,28,0.9892466596793383,0.7492987331934273,304.7991042161209,616.3068942909969
5695,0,1,0,117,39,8,23,0.7841161577962339,0.6968751777894795,321.56064441020004,661.5709268079318
5696,1,0,1,205,26,5,20,0.26668567629531026,0.7934630094096065,350.40034718435965,683.1169984361678
5697,1,0,0,12,1,3,22,0.774368490325287,0.06913358555175364,381.7991226177635,706.7388919493403
5698,0,0,1,414,39,3,29,0.7841161577962339,0.6968751777894795,295.34065861894726,562.7797968322689
5699,1,0,0,420,12,8,22,0.016379052540287375,0.8120638781692833,284.2512158495956,606.8629341345003
5700,1,0,1,129,23,1,19,0.03834434738382697,0.6661178111098707,280.09770337048553,586.3011704514267
5701,0,0,0,129,23,1,19,0.03834434738382697,0.6661178111098707,266.9353622239825,525.8594805050852
5702,0,0,0,322,31,4,21,0.46977853984571993,0.7659584856592119,279.3313212051813,560.5277154626588
5703,0,0,0,61,2,1,20,0.19722419138997793,0.08462062571197748,233.70791415135022,497.2677458156441
5704,0,0,0,419,15,5,23,0.21112623764202,0.9238038510084152,263.19235280691174,569.9369197033658
5705,0,0,0,334,20,1,21,0.4666645280085504,0.9181476451922208,230.8878879796685,480.01146646594555
5706,0,0,0,121,30,7,24,0.8535007652826607,0.9145373487845063,285.6722938587814,546.803388653231
5707,0,0,0,258,23,3,21,0.03834434738382697,0.6661178111098707,252.62199876909443,554.21139186993
5708,0,1,0,346,41,8,26,0.24443748919293284,0.13247077818959951,305.670455130229,619.2227864552366
5709,0,1,1,241,49,4,22,0.5121942616533488,0.6461082133464515,288.86163425279443,673.5703343768437
5710,0,1,1,367,45,6,16,0.8977528435643762,0.5364251248538494,333.7725374616706,697.5487014620533
5711,0,0,1,109,27,2,33,0.042702050879597664,0.5714270058088005,238.19032895095364,452.661112920361
5712,1,0,0,216,36,4,27,0.49425172130577266,0.7565638932865113,317.40289049385876,607.6491241314462
5713,1,1,0,17,30,6,13,0.8535007652826607,0.9145373487845063,294.47356956055376,605.4608379709333
5714,0,1,1,333,1,2,36,0.774368490325287,0.06913358555175364,312.9556358310905,635.9784033526547
5715,0,0,0,295,4,3,28,0.20132735022343695,0.74613202130422,223.9712365796462,487.55963607879886
5716,0,1,0,265,27,5,24,0.042702050879597664,0.5714270058088005,336.6914070551169,700.274248798917
5717,0,0,1,273,48,9,24,0.6061688305344433,0.4517896354664117,306.20379413267375,635.0055931187883
5718,0,0,1,77,7,4,25,0.9787284394260496,0.14397736149840057,262.3297741742008,505.8333903026405
5719,1,0,0,348,12,6,32,0.016379052540287375,0.8120638781692833,209.84190706991666,470.13961387301003
5720,0,0,0,499,13,5,16,0.09574478422291577,0.2606025456916541,295.802166009443,711.3432784384695
5721,0,1,0,87,4,5,28,0.20132735022343695,0.74613202130422,239.19550091722942,477.7699980217726
5722,0,0,1,354,38,3,27,0.9087103542406112,0.1694229245185852,291.56146299560265,565.2432246075766
5723,1,0,1,375,19,5,22,0.48323641112074256,0.5905635331291705,298.7482989986559,485.1920113207716
5724,0,0,1,360,29,7,33,0.5533483980689198,0.980351353995502,249.00304321700852,559.4761426179523
5725,1,0,0,479,31,4,20,0.46977853984571993,0.7659584856592119,279.34735286166205,538.4821678870267
5726,0,1,0,25,20,7,18,0.4666645280085504,0.9181476451922208,262.4830452449005,541.5612334274045
5727,1,1,0,291,39,6,15,0.7841161577962339,0.6968751777894795,272.389062971167,534.6170483581432
5728,0,0,0,11,46,5,25,0.7385737628210336,0.10853192373178899,310.0014808227332,625.5172301068975
5729,0,0,0,225,9,7,22,0.013315835734829307,0.08963611628860235,217.7506257683339,379.4813777759073
5730,0,0,1,113,29,5,24,0.5533483980689198,0.980351353995502,307.5601751770498,621.7348658125134
5731,0,0,0,386,10,8,30,0.25994612858630717,0.03773271921090782,258.8876664251021,500.6285147165048
5732,0,0,0,406,32,6,19,0.39761656103655696,0.7758463725913316,248.13148174393834,552.9710465272028
5733,0,1,0,293,43,3,32,0.11839594203047454,0.37822385248728096,210.18519870122861,479.512954851814
5734,0,0,0,24,35,2,27,0.6349153537303209,0.31414990592747927,304.7577998576319,564.5826899720245
5735,1,0,0,411,5,4,17,0.36124442727304995,0.0388791817240417,248.9953830060507,581.2589395440116
5736,1,1,1,392,47,7,15,0.3773106967564672,0.7403151453472674,273.59177002634203,574.5108433137133
5737,0,0,0,421,12,5,20,0.016379052540287375,0.8120638781692833,258.0440027219389,556.8342000565259
5738,1,0,0,412,18,5,29,0.8916374130640179,0.9109178960788995,341.2656480438041,763.7691384809549
5739,0,0,0,303,38,5,18,0.9087103542406112,0.1694229245185852,273.068629465347,608.1070092193557
5740,1,0,0,437,22,1,25,0.6013455470092595,0.32826394867151976,361.97102592478404,728.0223242382672
5741,0,0,0,252,21,2,17,0.9842240803409368,0.6037942769471556,337.5104521106642,648.2358038319052
5742,1,0,0,211,16,8,23,0.8112564436160028,0.26610612077638507,399.646938933765,769.5556194013841
5743,0,1,0,373,13,8,16,0.09574478422291577,0.2606025456916541,273.7801514200134,627.7438681396854
5744,1,0,0,436,15,5,17,0.21112623764202,0.9238038510084152,303.16794292056244,699.9736606647839
5745,1,0,1,473,9,5,11,0.013315835734829307,0.08963611628860235,236.6676709825967,477.45569574502815
5746,0,1,0,377,24,3,22,0.14149569114670157,0.8747874984983355,261.72819466479604,565.1303930756986
5747,0,0,0,213,41,2,27,0.24443748919293284,0.13247077818959951,319.7550755302615,654.838147369434
5748,1,1,1,325,31,2,17,0.46977853984571993,0.7659584856592119,264.67142454179407,511.28655067825605
5749,0,0,0,209,24,1,26,0.14149569114670157,0.8747874984983355,278.3997826963896,580.6258241652507
5750,1,0,1,245,41,6,30,0.24443748919293284,0.13247077818959951,298.50360378310893,619.5501598594938
5751,0,1,0,353,8,6,23,0.49811370903626084,0.8910799578297883,266.0150544379258,512.038818309684
5752,0,0,0,272,44,5,19,0.9833834334276617,0.5796247583348304,324.17989863568505,680.9367067540702
5753,0,1,1,278,50,4,18,0.9892466596793383,0.7492987331934273,262.35178789103077,546.4157756738525
5754,0,1,0,169,39,3,31,0.7841161577962339,0.6968751777894795,269.5989685118826,584.4352213306656
5755,0,0,0,442,50,4,19,0.9892466596793383,0.7492987331934273,300.317126962759,468.6066832621467
5756,0,1,0,118,31,6,19,0.46977853984571993,0.7659584856592119,276.6598911079505,531.8254552582075
5757,0,0,0,69,15,3,15,0.21112623764202,0.9238038510084152,253.96525296622488,611.893102858025
5758,0,0,0,210,49,6,20,0.5121942616533488,0.6461082133464515,337.0547140286371,584.2536745446498
5759,0,0,0,230,22,3,18,0.6013455470092595,0.32826394867151976,240.5161094857044,536.4861794671662
5760,0,0,0,303,38,5,18,0.9087103542406112,0.1694229245185852,330.1702462771846,615.9700776178533
5761,0,0,0,45,11,3,17,0.775893080746755,0.774874358670786,284.21111096246386,629.7445014606853
5762,0,1,0,337,6,7,22,0.7426119421143085,0.6856354165356606,279.6433575778548,537.8203226905646
5763,0,0,0,352,26,9,23,0.26668567629531026,0.7934630094096065,246.3550279661428,573.8092917144471
5764,1,0,1,99,42,5,22,0.5309706551488489,0.07851310959085822,260.20042499231533,551.3006631143493
5765,1,1,0,243,32,7,13,0.39761656103655696,0.7758463725913316,305.2359951024863,670.2595560432218
5766,1,0,0,209,24,1,26,0.14149569114670157,0.8747874984983355,264.91535457576174,588.9015210471405
5767,0,0,0,429,29,7,24,0.5533483980689198,0.980351353995502,352.5666989317574,644.7916305699267
5768,0,0,0,64,45,1,18,0.8977528435643762,0.5364251248538494,280.2642520164609,674.9776966978387
5769,0,1,0,441,21,3,18,0.9842240803409368,0.6037942769471556,330.020011237943,625.10072827915894
5770,1,1,1,226,21,9,24,0.9842240803409368,0.6037942769471556,345.3569896032747,732.3296852928972
5771,0,0,1,300,20,5,13,0.4666645280085504,0.9181476451922208,273.3084840447777,668.9360796641453
5772,0,0,0,329,6,3,18,0.7426119421143085,0.6856354165356606,333.66675012711397,680.7863405666462
5773,0,1,0,348,12,6,32,0.016379052540287375,0.8120638781692833,264.3374688191589,569.0552785151766
5774,0,1,0,276,24,6,16,0.14149569114670157,0.8747874984983355,239.08431904943313,463.16028918781274
5775,1,1,1,427,34,4,23,0.5088973850943148,0.8422173084691167,316.5291537671466,749.7971868891487
5776,1,1,0,224,9,6,12,0.013315835734829307,0.08963611628860235,252.28570723786353,535.5815501181928
5777,0,0,1,126,11,10,20,0.775893080746755,0.774874358670786,276.683501262843,615.1002017644297
5778,0,0,0,266,48,8,13,0.6061688305344433,0.4517896354664117,281.61437040382,595.1760586496672
5779,1,1,1,21,32,6,22,0.39761656103655696,0.7758463725913316,272.87767459627753,568.8794413985271
5780,0,0,1,57,24,5,24,0.14149569114670157,0.8747874984983355,272.90268747566927,631.0955778776745
5781,1,0,0,475,16,6,19,0.8112564436160028,0.26610612077638507,281.8584714273484,596.4275472340854
5782,0,1,1,445,38,9,16,0.9087103542406112,0.1694229245185852,332.2920030495256,673.900177128847
5783,0,0,0,315,3,6,23,0.978013844229281,0.1299455715343356,284.60227690586873,600.5160471775039
5784,0,0,1,119,29,3,20,0.5533483980689198,0.980351353995502,261.9085922707939,495.76319458006765
5785,0,0,1,277,48,5,24,0.6061688305344433,0.4517896354664117,327.1326166125872,665.355633865169
5786,0,0,1,496,41,4,22,0.24443748919293284,0.13247077818959951,296.1186921339526,524.5262445665765
5787,0,1,0,310,29,6,16,0.5533483980689198,0.980351353995502,317.7893065237134,616.3364947392203
5788,1,1,0,100,39,5,21,0.7841161577962339,0.6968751777894795,309.32502527195334,727.5129182692255
5789,1,0,0,189,1,9,26,0.774368490325287,0.06913358555175364,279.6523896145201,679.0829484026674
5790,0,1,0,253,18,4,24,0.8916374130640179,0.9109178960788995,319.80081381591987,630.0631585809497
5791,0,0,0,459,48,4,11,0.6061688305344433,0.4517896354664117,304.5506573569568,601.3963940722055
5792,0,0,0,337,6,7,22,0.7426119421143085,0.6856354165356606,293.0064851659905,691.4564344803574
5793,0,0,1,225,9,7,22,0.013315835734829307,0.08963611628860235,274.20509568823775,481.25105132144944
5794,0,0,0,176,17,10,21,0.03654719586484134,0.2661329871043563,294.79656070341395,631.0342155275218
5795,1,1,1,369,2,4,17,0.19722419138997793,0.08462062571197748,276.01115239017554,543.6722003952111
5796,0,1,1,489,18,5,26,0.8916374130640179,0.9109178960788995,323.70166585404024,571.1245542227654
5797,0,1,0,407,15,6,19,0.21112623764202,0.9238038510084152,181.86471670111968,439.4340753917751
5798,0,1,1,196,42,6,18,0.5309706551488489,0.07851310959085822,306.23865564170774,673.0306100186366
5799,0,0,1,456,15,7,24,0.21112623764202,0.9238038510084152,220.3643265617531,513.4449338478922
5800,0,1,1,334,20,1,21,0.4666645280085504,0.9181476451922208,301.7403083440659,566.973470814007
5801,0,0,0,358,1,1,29,0.774368490325287,0.06913358555175364,325.30369792547793,653.9641724524616
5802,1,0,1,300,20,5,13,0.4666645280085504,0.9181476451922208,336.7820012409366,741.1835402847823
5803,1,0,0,253,18,4,24,0.8916374130640179,0.9109178960788995,335.9599556155628,673.1220357516354
5804,0,1,0,55,6,7,26,0.7426119421143085,0.6856354165356606,372.9448292860672,801.9316108721931
5805,1,0,0,368,14,2,14,0.14216354000382125,0.6515949983149767,263.7730372031088,572.5442300109397
5806,0,0,1,480,47,2,22,0.3773106967564672,0.7403151453472674,222.93299606458572,479.87686291319187
5807,0,1,1,212,38,5,23,0.9087103542406112,0.1694229245185852,382.12038160760056,805.5815474261465
5808,0,0,0,134,40,8,18,0.5589970224536955,0.8726507888641208,279.31518486212224,647.218892417656
5809,0,0,0,60,35,5,21,0.6349153537303209,0.31414990592747927,285.7204731628309,458.062590427681
5810,0,0,1,163,48,6,19,0.6061688305344433,0.4517896354664117,262.59727756641894,528.6633682543452
5811,1,1,0,3,8,4,20,0.49811370903626084,0.8910799578297883,286.6907296337022,508.1782740679661
5812,0,0,0,350,19,4,16,0.48323641112074256,0.5905635331291705,294.3354065152237,596.1017883857024
5813,0,1,0,239,46,4,15,0.7385737628210336,0.10853192373178899,249.93630419765861,640.6632690430486
5814,1,0,1,479,31,4,20,0.46977853984571993,0.7659584856592119,337.2325635541003,654.7854668764941
5815,0,0,0,38,38,3,21,0.9087103542406112,0.1694229245185852,327.41772229447173,662.0650141115872
5816,0,1,0,417,46,5,16,0.7385737628210336,0.10853192373178899,269.4256863905091,533.3391921197283
5817,1,0,0,239,46,4,15,0.7385737628210336,0.10853192373178899,351.7554485236387,632.8602131742991
5818,0,1,0,314,9,6,20,0.013315835734829307,0.08963611628860235,284.5246829293053,542.4318737160438
5819,0,1,0,253,18,4,24,0.8916374130640179,0.9109178960788995,303.5827394100153,591.074326440674
5820,0,0,0,429,29,7,24,0.5533483980689198,0.980351353995502,318.36432006859235,740.1997267513167
5821,1,0,1,64,45,1,18,0.8977528435643762,0.5364251248538494,342.5663188242679,688.1544537200951
5822,1,0,0,419,15,5,23,0.21112623764202,0.9238038510084152,258.13139197015414,509.42386266668194
5823,0,0,0,112,19,5,30,0.48323641112074256,0.5905635331291705,286.0104366524645,526.6321515752927
5824,0,0,1,436,15,5,17,0.21112623764202,0.9238038510084152,286.8689992158236,576.8903589406532
5825,0,0,1,232,21,8,29,0.9842240803409368,0.6037942769471556,312.6868015916284,614.1128001820267
5826,0,1,0,429,29,7,24,0.5533483980689198,0.980351353995502,260.7126786485929,601.6847348907264
5827,0,1,1,416,30,10,14,0.8535007652826607,0.9145373487845063,320.63805992438404,575.6104603532059
5828,0,0,0,346,41,8,26,0.24443748919293284,0.13247077818959951,289.8824483554886,659.4516890498016
5829,0,1,0,312,50,3,22,0.9892466596793383,0.7492987331934273,326.3319624071574,668.6858202081341
5830,0,0,1,41,11,5,27,0.775893080746755,0.774874358670786,340.25985786345353,804.1533626561954
5831,1,1,0,53,19,10,11,0.48323641112074256,0.5905635331291705,306.3446086472022,640.7216112309167
5832,1,1,1,158,19,2,24,0.48323641112074256,0.5905635331291705,325.3369638257195,661.5949245322922
5833,1,0,1,14,25,5,22,0.8063855252694339,0.0688752664718777,316.22410357798327,662.7758871209803
5834,0,1,0,228,9,9,21,0.013315835734829307,0.08963611628860235,325.59757738148136,802.0101964568266
5835,0,1,0,280,42,4,15,0.5309706551488489,0.07851310959085822,331.5339029268104,683.7027913896599
5836,0,0,1,297,3,8,23,0.978013844229281,0.1299455715343356,302.12068070835187,630.1395965938357
5837,0,1,0,445,38,9,16,0.9087103542406112,0.1694229245185852,336.07978474898766,735.3440633274608
5838,0,0,0,333,1,2,36,0.774368490325287,0.06913358555175364,326.4151874352369,704.7276890991658
5839,0,0,0,41,11,5,27,0.775893080746755,0.774874358670786,255.97113178839447,490.0928354248363
5840,0,0,1,160,20,6,19,0.4666645280085504,0.9181476451922208,309.2035381364352,630.5704872164024
5841,0,0,0,431,27,5,21,0.042702050879597664,0.5714270058088005,244.5036702211412,527.447237521659
5842,0,0,0,66,43,4,21,0.11839594203047454,0.37822385248728096,253.29747478485953,573.0307551636272
5843,0,0,1,360,29,7,33,0.5533483980689198,0.980351353995502,307.9571992664277,612.7916386887008
5844,0,0,0,462,27,3,11,0.042702050879597664,0.5714270058088005,216.85763124167022,425.650829040305
5845,1,1,0,275,1,5,12,0.774368490325287,0.06913358555175364,318.04166096523414,579.592173540485
5846,0,0,0,50,50,4,23,0.9892466596793383,0.7492987331934273,349.25007470527476,666.5333857366055
5847,1,0,1,265,27,5,24,0.042702050879597664,0.5714270058088005,275.97366792052617,537.9312849107921
5848,1,0,0,179,28,1,17,0.6121745223645121,0.048944066278636456,285.13889261423253,525.3255809618581
5849,0,0,1,150,3,3,19,0.978013844229281,0.1299455715343356,341.30903353855473,621.5057283397143
5850,0,0,0,190,10,7,25,0.25994612858630717,0.03773271921090782,265.1320373924048,546.5997997100297
5851,0,0,1,256,10,9,27,0.25994612858630717,0.03773271921090782,302.31071820304203,737.129362203873
5852,0,0,1,293,43,3,32,0.11839594203047454,0.37822385248728096,239.5107917623787,525.4813301813855
5853,0,1,0,27,35,3,22,0.6349153537303209,0.31414990592747927,310.85557759609935,574.7705027261932
5854,0,0,0,234,22,8,19,0.6013455470092595,0.32826394867151976,340.524139340501,668.8970974170547
5855,0,0,0,149,10,11,16,0.25994612858630717,0.03773271921090782,277.2595306891397,567.8457828251757
5856,0,1,0,454,31,9,17,0.46977853984571993,0.7659584856592119,332.8702029635002,612.5301874950985
5857,1,0,0,435,31,6,12,0.46977853984571993,0.7659584856592119,301.70614591858407,603.8694292898557
5858,0,0,0,382,21,4,28,0.9842240803409368,0.6037942769471556,352.7694163723346,668.8319217942482
5859,0,0,0,184,28,3,25,0.6121745223645121,0.048944066278636456,272.79603130098855,613.696833301573
5860,0,1,1,329,6,3,18,0.7426119421143085,0.6856354165356606,317.73533151164395,693.2473283188848
5861,0,1,0,421,12,5,20,0.016379052540287375,0.8120638781692833,237.13449865622698,518.248063608555
5862,1,0,0,231,38,5,14,0.9087103542406112,0.1694229245185852,307.0003054917495,672.5766735146519
5863,0,1,0,410,7,2,28,0.9787284394260496,0.14397736149840057,372.1847000932755,648.7363578076686
5864,0,0,1,415,34,6,13,0.5088973850943148,0.8422173084691167,249.1419685881242,566.009703633857
5865,0,0,0,232,21,8,29,0.9842240803409368,0.6037942769471556,274.423443095815,589.8295960933816
5866,0,1,0,135,9,4,17,0.013315835734829307,0.08963611628860235,253.16199674450786,460.2072353694694
5867,0,0,0,12,1,3,22,0.774368490325287,0.06913358555175364,319.68514094888883,595.559989489256
5868,1,0,0,356,47,10,25,0.3773106967564672,0.7403151453472674,274.0927672483376,579.276240387749
5869,1,0,1,358,1,1,29,0.774368490325287,0.06913358555175364,290.4738294896357,573.8098707036615
5870,0,0,1,274,40,3,20,0.5589970224536955,0.8726507888641208,300.8029231211795,585.2917967445119
5871,0,0,0,329,6,3,18,0.7426119421143085,0.6856354165356606,308.63103157482163,636.4930564893785
5872,0,1,0,393,20,2,24,0.4666645280085504,0.9181476451922208,268.63507523539914,565.8336811911058
5873,0,0,0,412,18,5,29,0.8916374130640179,0.9109178960788995,274.5650095374482,538.5173891999104
5874,0,1,0,386,10,8,30,0.25994612858630717,0.03773271921090782,282.11380971827055,619.4113913903487
5875,0,0,0,265,27,5,24,0.042702050879597664,0.5714270058088005,262.1691963369285,590.8746048315509
5876,0,0,0,286,41,6,18,0.24443748919293284,0.13247077818959951,300.7951326610413,636.7805069846008
5877,0,0,0,168,39,6,24,0.7841161577962339,0.6968751777894795,295.07474494658305,635.784341299412
5878,1,0,1,360,29,7,33,0.5533483980689198,0.980351353995502,311.27298055537153,633.1630566664718
5879,0,1,1,449,33,4,24,0.8046367336064577,0.31251504993997514,354.57556140498076,615.627743793126
5880,0,0,0,423,49,5,22,0.5121942616533488,0.6461082133464515,288.99184546925034,584.4782783333303
5881,0,0,1,361,8,4,20,0.49811370903626084,0.8910799578297883,293.9514238875418,509.1095806865869
5882,0,0,0,344,50,7,16,0.9892466596793383,0.7492987331934273,287.09527360886307,589.2747083374377
5883,0,1,0,83,34,5,24,0.5088973850943148,0.8422173084691167,254.39839410045414,536.8093080307957
5884,0,0,1,87,4,5,28,0.20132735022343695,0.74613202130422,203.74682751090694,479.9340380330773
5885,0,0,0,199,7,7,24,0.9787284394260496,0.14397736149840057,295.27795314537667,618.0152271711777
5886,0,0,0,35,29,8,25,0.5533483980689198,0.980351353995502,310.04108139801474,597.2007517377164
5887,0,0,1,254,4,3,19,0.20132735022343695,0.74613202130422,211.94690867043488,494.8487832881385
5888,0,0,1,149,10,11,16,0.25994612858630717,0.03773271921090782,293.6040081224965,663.3861680449619
5889,1,1,0,352,26,9,23,0.26668567629531026,0.7934630094096065,288.3470357951975,630.2483165947078
5890,0,1,1,63,47,5,28,0.3773106967564672,0.7403151453472674,270.78922440575104,600.2705364784849
5891,1,0,0,118,31,6,19,0.46977853984571993,0.7659584856592119,327.6754238772305,675.3075425015238
5892,1,0,0,236,38,4,18,0.9087103542406112,0.1694229245185852,325.6367629858579,671.7071999752566
5893,0,1,0,333,1,2,36,0.774368490325287,0.06913358555175364,291.86473305610434,606.3091513461901
5894,0,0,0,189,1,9,26,0.774368490325287,0.06913358555175364,283.7204532999272,566.8000777812067
5895,0,0,1,321,22,4,14,0.6013455470092595,0.32826394867151976,323.72238962683053,652.9420173899117
5896,0,0,1,264,44,3,16,0.9833834334276617,0.5796247583348304,258.7352603209359,452.6612857492682
5897,0,1,0,333,1,2,36,0.774368490325287,0.06913358555175364,347.73100323320773,758.8675288779465
5898,0,0,0,380,6,8,17,0.7426119421143085,0.6856354165356606,321.2564816671131,669.7315992195502
5899,0,0,0,74,43,6,13,0.11839594203047454,0.37822385248728096,236.8665447819866,531.4420858730483
5900,0,1,1,203,50,3,17,0.9892466596793383,0.7492987331934273,316.40358082395784,657.5180311219746
5901,0,1,0,88,14,4,18,0.14216354000382125,0.6515949983149767,287.57634214489474,667.7298888748412
5902,0,0,0,67,29,5,28,0.5533483980689198,0.980351353995502,319.329961453937,633.7766138638495
5903,1,0,1,289,12,4,23,0.016379052540287375,0.8120638781692833,265.49388991299486,525.948826067837
5904,1,1,1,206,8,5,13,0.49811370903626084,0.8910799578297883,359.00425549672485,700.0274541998683
5905,0,1,1,338,7,3,26,0.9787284394260496,0.14397736149840057,320.0615292420494,683.0951056933366
5906,0,0,0,260,10,4,22,0.25994612858630717,0.03773271921090782,258.3195692218665,539.2878396376665
5907,0,0,1,232,21,8,29,0.9842240803409368,0.6037942769471556,305.05688412634686,617.5487486531855
5908,0,0,0,67,29,5,28,0.5533483980689198,0.980351353995502,315.5985462729068,630.9468427453126
5909,0,1,1,366,23,5,18,0.03834434738382697,0.6661178111098707,309.9155972481834,636.3895323807922
5910,1,0,1,107,33,4,15,0.8046367336064577,0.31251504993997514,349.30817270453133,664.8590486393595
5911,1,1,0,394,42,5,28,0.5309706551488489,0.07851310959085822,351.4672334150904,673.3011671559748
5912,0,0,0,1,25,1,21,0.8063855252694339,0.0688752664718777,315.00300435558574,609.7332999384683
5913,0,0,0,136,23,6,20,0.03834434738382697,0.6661178111098707,267.96285454611626,594.2455606484097
5914,0,1,1,322,31,4,21,0.46977853984571993,0.7659584856592119,300.30938908637546,546.962928241278
5915,0,0,0,469,50,7,28,0.9892466596793383,0.7492987331934273,323.8914932878266,654.0883668422532
5916,1,0,0,467,5,4,17,0.36124442727304995,0.0388791817240417,325.5366336498917,724.3797978687078
5917,1,0,0,214,15,4,20,0.21112623764202,0.9238038510084152,304.93001847073214,634.0546116764873
5918,0,1,1,279,45,6,18,0.8977528435643762,0.5364251248538494,285.00908142551503,652.4281094497225
5919,0,0,0,405,49,5,20,0.5121942616533488,0.6461082133464515,307.1185248967478,660.013641373212
5920,1,0,0,355,2,0,14,0.19722419138997793,0.08462062571197748,288.47807559861917,550.8735744580673
5921,0,0,1,292,46,4,21,0.7385737628210336,0.10853192373178899,322.44556171657104,691.8432575318684
5922,0,0,0,165,13,5,14,0.09574478422291577,0.2606025456916541,279.6639098849582,566.4364843156611
5923,0,1,0,241,49,4,22,0.5121942616533488,0.6461082133464515,308.6509672339695,649.5335603211719
5924,0,0,0,92,32,3,21,0.39761656103655696,0.7758463725913316,318.82934553576814,754.658061989356
5925,0,0,1,313,17,8,17,0.03654719586484134,0.2661329871043563,319.48321223107723,752.3644613629126
5926,0,0,0,138,14,5,17,0.14216354000382125,0.6515949983149767,240.87432426688815,421.4916613845527
5927,0,0,1,118,31,6,19,0.46977853984571993,0.7659584856592119,311.5851990475637,609.754113210764
5928,0,0,0,63,47,5,28,0.3773106967564672,0.7403151453472674,249.16493968548968,608.8939744896873
5929,0,1,0,402,2,6,20,0.19722419138997793,0.08462062571197748,301.8490464262899,575.9241615178795
5930,0,0,1,103,5,6,17,0.36124442727304995,0.0388791817240417,266.74371299356346,622.2523148130725
5931,0,0,0,114,35,9,14,0.6349153537303209,0.31414990592747927,351.8334396036909,748.5823844239416
5932,0,0,1,299,8,4,18,0.49811370903626084,0.8910799578297883,220.5656034474166,440.3923717638388
5933,0,1,1,71,45,6,18,0.8977528435643762,0.5364251248538494,314.8985341390767,607.2902955225904
5934,0,0,1,8,25,5,23,0.8063855252694339,0.0688752664718777,228.2355806499056,540.9501762802169
5935,0,0,0,288,13,2,11,0.09574478422291577,0.2606025456916541,284.82050068148374,536.1787442859669
5936,0,0,0,119,29,3,20,0.5533483980689198,0.980351353995502,256.1432083070867,481.74923878999135
5937,1,0,0,337,6,7,22,0.7426119421143085,0.6856354165356606,347.1820303273724,775.9093991240553
5938,1,0,1,317,10,7,22,0.25994612858630717,0.03773271921090782,309.99263368976494,594.8334170175281
5939,1,1,1,496,41,4,22,0.24443748919293284,0.13247077818959951,304.6587556030226,664.2763548129326
5940,0,0,1,349,28,3,19,0.6121745223645121,0.048944066278636456,254.94686938571664,563.272277307988
5941,0,0,0,378,16,9,18,0.8112564436160028,0.26610612077638507,246.53927368318742,553.7335800369776
5942,0,1,1,343,38,2,20,0.9087103542406112,0.1694229245185852,336.74344839966363,720.1368838140977
5943,0,1,1,82,27,3,27,0.042702050879597664,0.5714270058088005,252.91234450764804,535.8357833034408
5944,0,0,1,84,31,4,20,0.46977853984571993,0.7659584856592119,265.2622404118957,611.1496326629634
5945,1,0,0,363,35,5,21,0.6349153537303209,0.31414990592747927,288.2444554057501,653.1617774312
5946,0,1,0,145,14,2,23,0.14216354000382125,0.6515949983149767,246.3241907231645,445.4644395813555
5947,0,0,0,216,36,4,27,0.49425172130577266,0.7565638932865113,281.9396052661632,561.5887260512276
5948,0,0,1,299,8,4,18,0.49811370903626084,0.8910799578297883,306.00747444642957,657.2575390062209
5949,0,0,1,428,38,11,25,0.9087103542406112,0.1694229245185852,327.26086205494283,670.7450376521089
5950,0,0,1,327,13,5,18,0.09574478422291577,0.2606025456916541,259.6605232928251,444.1191559571518
5951,0,1,1,197,29,8,24,0.5533483980689198,0.980351353995502,297.7489661240938,550.6349290927471
5952,1,0,1,361,8,4,20,0.49811370903626084,0.8910799578297883,317.3619524015257,606.1965818716482
5953,1,1,0,143,36,8,9,0.49425172130577266,0.7565638932865113,298.85260904953884,553.3181708127472
5954,1,1,0,90,46,9,18,0.7385737628210336,0.10853192373178899,362.6951929351903,739.598161791913
5955,0,0,1,92,32,3,21,0.39761656103655696,0.7758463725913316,269.8617007748762,545.4262368852051
5956,0,1,1,328,22,3,23,0.6013455470092595,0.32826394867151976,318.1634176220711,663.5764173869347
5957,1,0,0,32,44,2,22,0.9833834334276617,0.5796247583348304,319.77822235018414,573.7816240263586
5958,0,1,1,453,19,6,23,0.48323641112074256,0.5905635331291705,263.6910590193172,569.8841563463526
5959,0,0,1,298,10,2,20,0.25994612858630717,0.03773271921090782,250.90135272740477,483.7869093939592
5960,0,1,0,247,48,5,18,0.6061688305344433,0.4517896354664117,252.93543993751936,481.4214788256295
5961,0,0,1,10,19,2,22,0.48323641112074256,0.5905635331291705,310.2817256032021,559.0964728399349
5962,0,1,1,188,41,1,18,0.24443748919293284,0.13247077818959951,273.8289442118069,472.30871857019076
5963,0,0,0,92,32,3,21,0.39761656103655696,0.7758463725913316,246.76901637627137,565.0021285318205
5964,0,1,0,384,7,4,21,0.9787284394260496,0.14397736149840057,311.2576017042034,624.0977675816074
5965,0,0,1,87,4,5,28,0.20132735022343695,0.74613202130422,264.3115866053098,537.2040729611233
5966,1,1,0,10,19,2,22,0.48323641112074256,0.5905635331291705,281.16927636058654,562.168598161424
5967,0,0,1,362,27,5,23,0.042702050879597664,0.5714270058088005,241.8187353283213,499.4430806188847
5968,1,0,1,428,38,11,25,0.9087103542406112,0.1694229245185852,304.9450072635545,772.9052107894182
5969,0,1,1,285,29,4,24,0.5533483980689198,0.980351353995502,325.91485793425,670.1203329815702
5970,0,1,0,9,19,5,21,0.48323641112074256,0.5905635331291705,292.1631673542113,515.7678825100993
5971,1,0,1,74,43,6,13,0.11839594203047454,0.37822385248728096,312.0218098464475,601.5460501251612
5972,1,1,0,358,1,1,29,0.774368490325287,0.06913358555175364,395.0660283063789,791.5580599432892
5973,0,1,0,177,19,5,23,0.48323641112074256,0.5905635331291705,256.30432049836116,600.8854284166675
5974,1,0,1,11,46,5,25,0.7385737628210336,0.10853192373178899,335.7247807195767,734.6685757830048
5975,0,1,0,20,30,6,26,0.8535007652826607,0.9145373487845063,234.9052010226945,475.4927136660607
5976,0,0,1,115,26,6,26,0.26668567629531026,0.7934630094096065,289.96088026159117,551.4703923436263
5977,1,0,1,268,18,7,24,0.8916374130640179,0.9109178960788995,358.2142816970884,664.9418533698266
5978,0,0,0,126,11,10,20,0.775893080746755,0.774874358670786,346.50768070074525,720.9313783617154
5979,0,0,0,498,31,5,13,0.46977853984571993,0.7659584856592119,238.80163994613832,426.5348847266314
5980,0,1,0,195,38,7,15,0.9087103542406112,0.1694229245185852,289.5823442710222,615.4811974418419
5981,0,0,0,114,35,9,14,0.6349153537303209,0.31414990592747927,311.9418675185245,574.7505520064907
5982,0,0,0,97,23,10,28,0.03834434738382697,0.6661178111098707,251.9820735981439,521.3911067617616
5983,0,0,1,213,41,2,27,0.24443748919293284,0.13247077818959951,280.37742724334373,584.0790687477654
5984,0,0,0,396,29,5,18,0.5533483980689198,0.980351353995502,269.17957790765473,633.9267776416218
5985,1,1,0,69,15,3,15,0.21112623764202,0.9238038510084152,309.8468768455071,629.3821019549721
5986,0,1,0,289,12,4,23,0.016379052540287375,0.8120638781692833,267.1166570083683,521.9976413900545
5987,0,0,1,472,45,6,13,0.8977528435643762,0.5364251248538494,338.0184523334148,685.271383656754
5988,0,1,0,380,6,8,17,0.7426119421143085,0.6856354165356606,305.26826808750684,678.0947437344746
5989,0,1,0,398,47,4,13,0.3773106967564672,0.7403151453472674,277.16741285018014,630.5438122958451
5990,0,0,0,197,29,8,24,0.5533483980689198,0.980351353995502,278.5390271054518,555.027017401302
5991,0,0,0,187,47,3,20,0.3773106967564672,0.7403151453472674,223.97868209843801,544.9975830855682
5992,0,0,0,278,50,4,18,0.9892466596793383,0.7492987331934273,255.1154335952599,464.00047048007656
5993,0,1,0,356,47,10,25,0.3773106967564672,0.7403151453472674,278.8536902456962,417.6730383672526
5994,1,0,0,354,38,3,27,0.9087103542406112,0.1694229245185852,314.8907957658516,662.6479949786078
5995,0,1,0,16,26,3,16,0.26668567629531026,0.7934630094096065,230.40470174762748,476.4749855269685
5996,1,1,0,233,47,3,19,0.3773106967564672,0.7403151453472674,313.19284412216035,689.7704105587231
5997,1,0,1,99,42,5,22,0.5309706551488489,0.07851310959085822,343.34543238690014,662.3323239781922
5998,0,0,0,99,42,5,22,0.5309706551488489,0.07851310959085822,317.45374859100724,612.70749513044575
5999,1,1,0,127,28,4,22,0.6121745223645121,0.048944066278636456,368.42488586328983,747.9929392979153
6000,0,1,0,57,24,5,24,0.14149569114670157,0.8747874984983355,316.89840185222124,679.2830742404074
6001,0,0,0,301,25,7,27,0.8063855252694339,0.0688752664718777,317.22177300041284,726.7491057901403
6002,1,1,1,492,40,4,16,0.5589970224536955,0.8726507888641208,289.00403354064144,508.4482329793263
6003,0,1,0,315,3,6,23,0.978013844229281,0.1299455715343356,357.14309951900145,702.639343864342
6004,0,1,1,236,38,4,18,0.9087103542406112,0.1694229245185852,301.92358936513455,623.7480426547744
6005,0,0,0,339,33,4,20,0.8046367336064577,0.31251504993997514,320.68861578329455,603.2119716117926
6006,1,1,0,496,41,4,22,0.24443748919293284,0.13247077818959951,292.37783518483866,578.1595413246426
6007,0,1,0,49,1,5,20,0.774368490325287,0.06913358555175364,297.1193404117841,675.1596529908187
6008,0,0,1,412,18,5,29,0.8916374130640179,0.9109178960788995,241.62035624206567,532.4184709559903
6009,0,0,0,189,1,9,26,0.774368490325287,0.06913358555175364,314.74846022505693,702.7223569439425
6010,0,1,1,349,28,3,19,0.6121745223645121,0.048944066278636456,270.7320207093759,556.6412545397725
6011,0,0,0,314,9,6,20,0.013315835734829307,0.08963611628860235,242.18623169685569,543.5945471333562
6012,0,0,0,168,39,6,24,0.7841161577962339,0.6968751777894795,336.3493981639448,791.9304143483193
6013,0,1,0,391,14,4,24,0.14216354000382125,0.6515949983149767,285.12243707267845,512.2637050528837
6014,1,1,1,283,49,3,20,0.5121942616533488,0.6461082133464515,323.2029343669958,633.1901219750341
6015,0,0,1,121,30,7,24,0.8535007652826607,0.9145373487845063,289.7143404008208,546.7084343768031
6016,0,1,0,119,29,3,20,0.5533483980689198,0.980351353995502,250.569131737743,516.6965686251696
6017,1,0,1,377,24,3,22,0.14149569114670157,0.8747874984983355,304.333619824134,625.7261102156504
6018,0,1,1,150,3,3,19,0.978013844229281,0.1299455715343356,330.89985681407256,677.829058162552
6019,1,1,1,37,7,7,18,0.9787284394260496,0.14397736149840057,316.35249617540916,607.7994511484007
6020,1,1,0,222,2,3,20,0.19722419138997793,0.08462062571197748,334.8057056991343,660.3221742711229
6021,0,1,0,28,29,3,18,0.5533483980689198,0.980351353995502,349.57261706730634,692.1042915408798
6022,0,0,0,98,43,0,23,0.11839594203047454,0.37822385248728096,244.67971099978786,550.190031463153
6023,0,0,0,130,11,8,16,0.775893080746755,0.774874358670786,283.99028235992495,686.6885331407378
6024,1,0,1,113,29,5,24,0.5533483980689198,0.980351353995502,374.31176308129227,783.0736287359947
6025,0,0,0,269,15,10,18,0.21112623764202,0.9238038510084152,281.07562309439356,556.8542554267704
6026,0,1,1,316,9,4,22,0.013315835734829307,0.08963611628860235,278.83956657767794,564.0999643751682
6027,1,0,1,49,1,5,20,0.774368490325287,0.06913358555175364,375.61250388931126,796.8208337809338
6028,0,0,0,346,41,8,26,0.24443748919293284,0.13247077818959951,261.4784855847058,551.6914447524141
6029,0,1,0,308,30,6,25,0.8535007652826607,0.9145373487845063,319.95260488033654,600.5534852912317
6030,1,1,1,201,35,2,21,0.6349153537303209,0.31414990592747927,325.80868368880874,593.0289312841279
6031,0,1,0,376,36,2,28,0.49425172130577266,0.7565638932865113,267.59464507291534,574.1822145828347
6032,0,0,0,172,38,2,13,0.9087103542406112,0.1694229245185852,288.57195742284057,623.4568364501916
6033,0,0,0,189,1,9,26,0.774368490325287,0.06913358555175364,242.60271671485293,569.4712329822207
6034,1,0,0,30,47,1,23,0.3773106967564672,0.7403151453472674,285.5591708495664,538.8948285490368
6035,0,1,0,371,44,3,15,0.9833834334276617,0.5796247583348304,346.17368365260506,630.0213178418812
6036,0,0,0,406,32,6,19,0.39761656103655696,0.7758463725913316,299.7565533049848,622.120872012504
6037,0,0,1,373,13,8,16,0.09574478422291577,0.2606025456916541,262.24770616310803,549.9040711430123
6038,0,0,0,412,18,5,29,0.8916374130640179,0.9109178960788995,281.6164718532747,576.9959220377555
6039,0,1,0,167,21,6,21,0.9842240803409368,0.6037942769471556,316.02148368386673,603.9412831681201
6040,0,1,0,124,28,3,18,0.6121745223645121,0.048944066278636456,340.0284556648453,714.5762505217082
6041,0,1,0,388,50,5,24,0.9892466596793383,0.7492987331934273,319.45090309427263,643.1067427073789
6042,1,1,0,51,40,11,23,0.5589970224536955,0.8726507888641208,299.155961216921,680.5254222120642
6043,0,0,0,66,43,4,21,0.11839594203047454,0.37822385248728096,271.1638685605248,573.0803895506245
6044,0,0,0,158,19,2,24,0.48323641112074256,0.5905635331291705,268.40178665131634,509.21201349712726
6045,1,1,1,23,33,2,15,0.8046367336064577,0.31251504993997514,350.22271517685783,607.8990872760727
6046,0,1,0,43,31,4,16,0.46977853984571993,0.7659584856592119,298.4809851727128,653.4524498794137
6047,0,0,0,77,7,4,25,0.9787284394260496,0.14397736149840057,368.4938535705516,762.3805434354954
6048,0,0,0,423,49,5,22,0.5121942616533488,0.6461082133464515,301.21798769536656,666.4898518929261
6049,1,0,1,138,14,5,17,0.14216354000382125,0.6515949983149767,245.3595372489093,528.2777448477217
6050,1,1,0,124,28,3,18,0.6121745223645121,0.048944066278636456,331.38648291390564,604.2873685745514
6051,1,0,1,369,2,4,17,0.19722419138997793,0.08462062571197748,266.59717591617346,514.0223133466966
6052,0,1,0,173,33,8,23,0.8046367336064577,0.31251504993997514,299.26441423972005,637.6373906956513
6053,0,0,1,59,31,6,14,0.46977853984571993,0.7659584856592119,310.88070288053757,569.3103714090113
6054,0,0,0,216,36,4,27,0.49425172130577266,0.7565638932865113,325.78276852216663,733.1100657889893
6055,0,0,0,126,11,10,20,0.775893080746755,0.774874358670786,308.76930408203293,628.1782409789932
6056,0,0,0,67,29,5,28,0.5533483980689198,0.980351353995502,282.93359224036294,574.6030205955301
6057,1,0,1,442,50,4,19,0.9892466596793383,0.7492987331934273,282.92104835526385,510.554748009959
6058,0,1,0,334,20,1,21,0.4666645280085504,0.9181476451922208,278.2651661272423,561.9284138098983
6059,0,0,0,443,22,5,21,0.6013455470092595,0.32826394867151976,268.7362391896644,546.8836900222879
6060,0,1,1,285,29,4,24,0.5533483980689198,0.980351353995502,343.4970516941226,708.761870307432
6061,0,1,1,437,22,1,25,0.6013455470092595,0.32826394867151976,295.6861186588992,604.4877682728318
6062,0,0,1,1,25,1,21,0.8063855252694339,0.0688752664718777,291.5439132602643,604.9662828242591
6063,0,1,1,298,10,2,20,0.25994612858630717,0.03773271921090782,259.8295010625272,565.2020151898511
6064,0,1,0,234,22,8,19,0.6013455470092595,0.32826394867151976,299.5031140816521,555.7152191927988
6065,0,1,1,433,23,8,29,0.03834434738382697,0.6661178111098707,275.3052290584712,550.1416444735444
6066,1,0,1,182,25,7,21,0.8063855252694339,0.0688752664718777,343.65306157847607,692.8909997562422
6067,0,0,0,334,20,1,21,0.4666645280085504,0.9181476451922208,329.8921761906318,717.9579847464707
6068,0,1,0,42,48,5,20,0.6061688305344433,0.4517896354664117,345.1283497706225,685.5783165219995
6069,0,1,0,215,33,8,15,0.8046367336064577,0.31251504993997514,323.38554962736913,643.449464761914
6070,0,1,1,210,49,6,20,0.5121942616533488,0.6461082133464515,283.5494900405489,562.9844910486079
6071,0,0,0,162,31,3,23,0.46977853984571993,0.7659584856592119,212.00374857999688,506.5685994748102
6072,0,0,0,376,36,2,28,0.49425172130577266,0.7565638932865113,291.1812372889534,580.201014033574
6073,0,0,0,150,3,3,19,0.978013844229281,0.1299455715343356,341.77491736622324,651.9864475267468
6074,0,1,1,344,50,7,16,0.9892466596793383,0.7492987331934273,364.33777537356667,691.3582238412026
6075,0,0,0,114,35,9,14,0.6349153537303209,0.31414990592747927,277.7438085429845,643.2933233313381
6076,0,0,0,382,21,4,28,0.9842240803409368,0.6037942769471556,290.38223757805406,687.0096551851952
6077,0,0,0,114,35,9,14,0.6349153537303209,0.31414990592747927,293.67035483459466,657.9911926081363
6078,1,1,0,240,17,8,20,0.03654719586484134,0.2661329871043563,329.51704736750605,638.27579362173606
6079,0,0,1,101,7,5,15,0.9787284394260496,0.14397736149840057,323.2402664223207,720.627204704571
6080,1,0,0,207,24,6,18,0.14149569114670157,0.8747874984983355,275.1660216638011,524.7962628158895
6081,0,1,1,352,26,9,23,0.26668567629531026,0.7934630094096065,249.03447304802674,518.8709632546935
6082,0,0,0,124,28,3,18,0.6121745223645121,0.048944066278636456,290.74135822219444,576.0014155818202
6083,1,1,0,3,8,4,20,0.49811370903626084,0.8910799578297883,289.25825794619027,468.87262099216605
6084,1,1,0,187,47,3,20,0.3773106967564672,0.7403151453472674,350.15493510597213,683.2712408568543
6085,0,0,0,497,42,5,19,0.5309706551488489,0.07851310959085822,303.16132668822934,738.2583957713606
6086,0,0,1,214,15,4,20,0.21112623764202,0.9238038510084152,224.58255601023978,514.0898006604829
6087,0,0,0,393,20,2,24,0.4666645280085504,0.9181476451922208,300.5278140120491,688.7736283727814
6088,0,0,0,388,50,5,24,0.9892466596793383,0.7492987331934273,284.88153296441203,614.7336804646416
6089,0,1,1,255,19,5,19,0.48323641112074256,0.5905635331291705,311.7027573454793,640.0594138501224
6090,0,0,0,290,39,0,22,0.7841161577962339,0.6968751777894795,270.3306383872098,472.06470027702085
6091,0,0,1,190,10,7,25,0.25994612858630717,0.03773271921090782,228.29494664112204,444.7904280836421
6092,1,0,0,156,6,4,19,0.7426119421143085,0.6856354165356606,349.4765707198692,699.7617532972749
6093,0,0,1,389,10,7,21,0.25994612858630717,0.03773271921090782,282.08267927032017,570.8629560266991
6094,0,0,0,128,22,3,25,0.6013455470092595,0.32826394867151976,255.65080007119133,458.27582713556114
6095,0,1,0,384,7,4,21,0.9787284394260496,0.14397736149840057,316.0020557993088,566.3517705417831
6096,0,0,1,277,48,5,24,0.6061688305344433,0.4517896354664117,254.3810622147053,484.33971269972756
6097,0,0,1,160,20,6,19,0.4666645280085504,0.9181476451922208,299.0333354291054,606.3918668460764
6098,0,0,0,29,23,3,18,0.03834434738382697,0.6661178111098707,231.43702191173148,424.8948818769441
6099,0,1,0,210,49,6,20,0.5121942616533488,0.6461082133464515,306.1548663292446,580.7832775254868
6100,0,0,0,500,38,5,15,0.9087103542406112,0.1694229245185852,337.43748679966853,737.7736199951385
6101,0,0,0,147,16,5,19,0.8112564436160028,0.26610612077638507,309.1909465079179,647.60104194704
6102,0,1,0,103,5,6,17,0.36124442727304995,0.0388791817240417,310.9851953612696,716.180202942007
6103,0,1,1,456,15,7,24,0.21112623764202,0.9238038510084152,249.13924463844475,582.0452498166412
6104,0,0,1,475,16,6,19,0.8112564436160028,0.26610612077638507,338.07290963624837,706.5665023264003
6105,1,0,1,307,7,7,27,0.9787284394260496,0.14397736149840057,402.0318476663283,831.9198521254036
6106,1,1,0,85,19,3,27,0.48323641112074256,0.5905635331291705,351.8165451386228,657.6093283590868
6107,0,0,0,279,45,6,18,0.8977528435643762,0.5364251248538494,320.310934468377,703.7847678328347
6108,0,1,1,449,33,4,24,0.8046367336064577,0.31251504993997514,289.50111296815777,624.6299477012409
6109,1,0,0,313,17,8,17,0.03654719586484134,0.2661329871043563,293.87455716710093,648.0671908483575
6110,1,0,0,445,38,9,16,0.9087103542406112,0.1694229245185852,320.2329024515895,646.8594784849147
6111,0,0,0,110,25,0,15,0.8063855252694339,0.0688752664718777,307.11698657176373,616.1631178137806
6112,1,0,0,204,45,11,19,0.8977528435643762,0.5364251248538494,321.1238311107312,649.7787310330467
6113,1,0,1,170,40,4,22,0.5589970224536955,0.8726507888641208,285.57288576438356,571.9596581691661
6114,1,0,0,485,38,5,21,0.9087103542406112,0.1694229245185852,327.88308147585565,704.0858071008645
6115,0,1,1,276,24,6,16,0.14149569114670157,0.8747874984983355,226.60120234703862,479.9338361562007
6116,1,0,0,418,5,2,19,0.36124442727304995,0.0388791817240417,252.24454295311824,468.93391473559586
6117,0,0,1,258,23,3,21,0.03834434738382697,0.6661178111098707,192.4383888492648,423.8613312614072
6118,0,1,0,382,21,4,28,0.9842240803409368,0.6037942769471556,342.31858989228203,691.9482919360734
6119,0,0,1,70,25,7,23,0.8063855252694339,0.0688752664718777,261.6351469681277,613.2690388580651
6120,0,0,0,170,40,4,22,0.5589970224536955,0.8726507888641208,303.2801090888887,684.9487948637922
6121,0,1,0,350,19,4,16,0.48323641112074256,0.5905635331291705,310.27760411770487,687.3804872348401
6122,0,1,0,499,13,5,16,0.09574478422291577,0.2606025456916541,307.84651952205024,581.7719370863609
6123,0,1,0,286,41,6,18,0.24443748919293284,0.13247077818959951,267.5831891442617,639.0416636920934
6124,1,1,1,109,27,2,33,0.042702050879597664,0.5714270058088005,277.6700337170721,530.069368004962
6125,0,0,0,253,18,4,24,0.8916374130640179,0.9109178960788995,344.4260096267828,575.5244451484141
6126,1,0,1,345,19,3,33,0.48323641112074256,0.5905635331291705,343.00229247957816,669.750794860446
6127,0,0,0,248,50,8,17,0.9892466596793383,0.7492987331934273,335.6194186913087,750.0102179703003
6128,0,1,0,478,14,3,20,0.14216354000382125,0.6515949983149767,279.87032814962436,638.4106144227903
6129,1,0,0,182,25,7,21,0.8063855252694339,0.0688752664718777,355.15071011823454,824.9542883998919
6130,0,0,1,403,41,3,27,0.24443748919293284,0.13247077818959951,259.8983395134921,465.62312443577474
6131,0,1,1,70,25,7,23,0.8063855252694339,0.0688752664718777,310.8200040706297,677.8649020964939
6132,0,0,0,223,39,5,17,0.7841161577962339,0.6968751777894795,313.0642913912977,676.438855095794
6133,0,0,1,295,4,3,28,0.20132735022343695,0.74613202130422,221.61684195293356,482.66335066954616
6134,0,1,0,253,18,4,24,0.8916374130640179,0.9109178960788995,336.26673424978674,709.7850695339127
6135,0,0,1,245,41,6,30,0.24443748919293284,0.13247077818959951,265.45504134875586,566.1326861980102
6136,1,0,0,269,15,10,18,0.21112623764202,0.9238038510084152,282.60030157780204,549.4356916595135
6137,0,1,0,456,15,7,24,0.21112623764202,0.9238038510084152,311.4963595498012,646.672313719746
6138,0,0,0,456,15,7,24,0.21112623764202,0.9238038510084152,237.11839163903437,505.2892097741396
6139,0,1,0,443,22,5,21,0.6013455470092595,0.32826394867151976,279.5569614703787,615.7157095729757
6140,1,0,1,316,9,4,22,0.013315835734829307,0.08963611628860235,291.4694621173807,547.6060195883769
6141,0,1,0,477,14,4,25,0.14216354000382125,0.6515949983149767,276.8413564239139,599.810243932738
6142,0,0,0,41,11,5,27,0.775893080746755,0.774874358670786,378.17059003194856,711.722210154252
6143,0,0,1,376,36,2,28,0.49425172130577266,0.7565638932865113,261.700776505988,514.9874397715444
6144,0,0,1,17,30,6,13,0.8535007652826607,0.9145373487845063,273.1274218438368,504.80056999008923
6145,0,0,0,284,10,6,19,0.25994612858630717,0.03773271921090782,289.1413737971369,600.0699042808745
6146,0,1,1,44,29,3,19,0.5533483980689198,0.980351353995502,281.16992159662925,624.029148365362
6147,0,0,1,442,50,4,19,0.9892466596793383,0.7492987331934273,274.9975932495998,563.9616577999741
6148,0,0,0,146,8,6,22,0.49811370903626084,0.8910799578297883,319.7292107059767,590.8735885372114
6149,0,0,0,271,38,3,20,0.9087103542406112,0.1694229245185852,305.28481442928967,596.7319750478397
6150,0,1,0,161,41,3,18,0.24443748919293284,0.13247077818959951,308.33722517011745,535.065360409368
6151,0,0,0,461,14,5,18,0.14216354000382125,0.6515949983149767,243.0627954166313,501.5640573984631
6152,1,0,0,176,17,10,21,0.03654719586484134,0.2661329871043563,277.1903391548721,622.1094249259394
6153,1,0,0,171,28,4,14,0.6121745223645121,0.048944066278636456,315.276116362324,642.8883098092176
6154,0,0,0,391,14,4,24,0.14216354000382125,0.6515949983149767,224.238463019698,426.42969693697347
6155,0,1,0,14,25,5,22,0.8063855252694339,0.0688752664718777,323.79785469350315,618.4326266585547
6156,0,0,1,148,48,3,17,0.6061688305344433,0.4517896354664117,235.184964351235,643.9152879004027
6157,0,0,0,243,32,7,13,0.39761656103655696,0.7758463725913316,312.6240683288058,653.5686493952238
6158,0,0,0,256,10,9,27,0.25994612858630717,0.03773271921090782,272.7593319587516,565.6742875640343
6159,1,0,1,187,47,3,20,0.3773106967564672,0.7403151453472674,238.8095661500559,424.69803208938157
6160,0,1,0,94,32,2,21,0.39761656103655696,0.7758463725913316,317.4202725458523,593.8007640281255
6161,1,0,0,142,23,7,15,0.03834434738382697,0.6661178111098707,277.9011595631473,567.9717125040436
6162,0,0,0,99,42,5,22,0.5309706551488489,0.07851310959085822,288.33857005934823,656.6109869377382
6163,1,0,1,446,29,5,22,0.5533483980689198,0.980351353995502,303.23067745577737,656.4200602083339
6164,1,1,0,52,33,9,17,0.8046367336064577,0.31251504993997514,353.7436142038366,750.1146168409621
6165,0,1,1,345,19,3,33,0.48323641112074256,0.5905635331291705,280.39368974291034,566.7878392080569
6166,0,1,0,290,39,0,22,0.7841161577962339,0.6968751777894795,357.2735882936191,671.432889809368
6167,0,1,1,390,6,6,25,0.7426119421143085,0.6856354165356606,225.14154217263513,570.5696989433387
6168,0,0,0,8,25,5,23,0.8063855252694339,0.0688752664718777,249.03577404705356,549.3925944996043
6169,0,0,1,109,27,2,33,0.042702050879597664,0.5714270058088005,222.30317514078686,574.9786456395472
6170,1,0,0,297,3,8,23,0.978013844229281,0.1299455715343356,343.2327776533185,730.3347996726852
6171,1,0,0,25,20,7,18,0.4666645280085504,0.9181476451922208,263.54822914671246,618.5746267335387
6172,0,0,0,479,31,4,20,0.46977853984571993,0.7659584856592119,262.54304350676017,578.5265741354949
6173,0,0,0,116,48,3,20,0.6061688305344433,0.4517896354664117,335.5303846014761,595.041721562988
6174,1,0,0,416,30,10,14,0.8535007652826607,0.9145373487845063,351.1699091307691,785.0807475137135
6175,0,1,1,152,17,4,17,0.03654719586484134,0.2661329871043563,267.8163004628405,550.1605287250244
6176,0,0,0,247,48,5,18,0.6061688305344433,0.4517896354664117,292.40505648631404,614.2628814047699
6177,0,0,0,163,48,6,19,0.6061688305344433,0.4517896354664117,279.045973610495,618.4029886257424
6178,0,1,1,277,48,5,24,0.6061688305344433,0.4517896354664117,334.1309940785285,702.9950505767939
6179,0,0,0,132,42,5,17,0.5309706551488489,0.07851310959085822,255.022893530197,515.4871721736506
6180,0,0,1,497,42,5,19,0.5309706551488489,0.07851310959085822,331.9554641831353,584.7330165305559
6181,0,0,0,19,38,6,21,0.9087103542406112,0.1694229245185852,297.78527518432134,584.8189404853333
6182,0,0,0,169,39,3,31,0.7841161577962339,0.6968751777894795,304.5610758505483,722.811088733439
6183,1,0,1,251,26,3,20,0.26668567629531026,0.7934630094096065,370.646101172673,871.2966985109299
6184,1,0,1,274,40,3,20,0.5589970224536955,0.8726507888641208,330.9324125499038,611.2637220829639
6185,0,0,1,251,26,3,20,0.26668567629531026,0.7934630094096065,301.957617397503,633.2285439593213
6186,0,0,0,371,44,3,15,0.9833834334276617,0.5796247583348304,371.0501425458008,697.7591646321785
6187,0,0,0,19,38,6,21,0.9087103542406112,0.1694229245185852,281.1665509781862,500.52525698957703
6188,1,1,1,474,33,2,23,0.8046367336064577,0.31251504993997514,305.078962827306,611.3824853430168
6189,1,1,1,287,15,3,22,0.21112623764202,0.9238038510084152,267.8548431752169,492.3415438198791
6190,0,0,1,383,14,4,27,0.14216354000382125,0.6515949983149767,216.3436544572092,544.6125476370332
6191,0,0,1,360,29,7,33,0.5533483980689198,0.980351353995502,304.6121663794494,658.2681736400762
6192,1,0,0,489,18,5,26,0.8916374130640179,0.9109178960788995,316.71169545726883,641.2828684631028
6193,0,0,1,322,31,4,21,0.46977853984571993,0.7659584856592119,260.6661111949982,459.21696595488703
6194,0,0,1,295,4,3,28,0.20132735022343695,0.74613202130422,258.691958133404,588.6026972427148
6195,1,1,1,488,1,9,17,0.774368490325287,0.06913358555175364,345.3667482538738,772.7578120672564
6196,1,0,0,331,9,2,10,0.013315835734829307,0.08963611628860235,261.1740753115786,450.1150755007533
6197,0,0,1,31,17,5,16,0.03654719586484134,0.2661329871043563,240.19492187300438,474.10084219075253
6198,0,0,0,38,38,3,21,0.9087103542406112,0.1694229245185852,308.34396261044776,604.7893913423964
6199,1,0,1,393,20,2,24,0.4666645280085504,0.9181476451922208,284.6590448671932,549.9897791192467
6200,0,1,0,345,19,3,33,0.48323641112074256,0.5905635331291705,306.9731530087023,526.7616043710286
6201,0,0,0,157,46,8,28,0.7385737628210336,0.10853192373178899,268.0310307103902,518.3152435586078
6202,1,0,1,416,30,10,14,0.8535007652826607,0.9145373487845063,329.57753404089163,673.7865023446592
6203,0,0,0,189,1,9,26,0.774368490325287,0.06913358555175364,307.555476976156,592.3058632219827
6204,0,0,0,315,3,6,23,0.978013844229281,0.1299455715343356,271.89194541027143,504.3807056493248
6205,0,0,1,260,10,4,22,0.25994612858630717,0.03773271921090782,238.01659301794695,572.1898758972272
6206,0,1,1,468,48,6,14,0.6061688305344433,0.4517896354664117,322.1490040126749,606.800790964018
6207,1,0,0,395,50,3,23,0.9892466596793383,0.7492987331934273,311.11685813425066,606.5471541497782
6208,0,1,0,426,42,5,11,0.5309706551488489,0.07851310959085822,351.3284153890537,774.5553761463324
6209,0,0,0,46,37,7,20,0.28013089881278574,0.967524380190298,264.4899066163425,582.533127309904
6210,0,1,0,295,4,3,28,0.20132735022343695,0.74613202130422,286.8942635804216,570.6474606043757
6211,0,1,1,282,36,9,21,0.49425172130577266,0.7565638932865113,270.0211022089834,613.302782035199
6212,0,0,0,434,4,5,20,0.20132735022343695,0.74613202130422,285.69996596952194,582.1529764087783
6213,0,0,0,260,10,4,22,0.25994612858630717,0.03773271921090782,264.746126747009,462.06537344475777
6214,1,0,0,120,1,5,17,0.774368490325287,0.06913358555175364,385.54650638636065,791.0779442327539
6215,0,0,1,54,41,3,19,0.24443748919293284,0.13247077818959951,283.2834376165975,526.927445141227
6216,0,1,0,60,35,5,21,0.6349153537303209,0.31414990592747927,289.86774545201087,611.2649804253415
6217,0,1,0,352,26,9,23,0.26668567629531026,0.7934630094096065,297.55580279329524,580.8785616639956
6218,1,1,0,411,5,4,17,0.36124442727304995,0.0388791817240417,328.77323218602095,607.7524626722302
6219,1,1,0,467,5,4,17,0.36124442727304995,0.0388791817240417,332.1055062962158,701.3420027892851
6220,1,0,0,63,47,5,28,0.3773106967564672,0.7403151453472674,298.3499845613028,593.5323888283253
6221,0,0,1,74,43,6,13,0.11839594203047454,0.37822385248728096,233.90366025379987,453.50884632861863
6222,1,0,1,338,7,3,26,0.9787284394260496,0.14397736149840057,382.85103374275093,760.5769145496458
6223,0,1,1,436,15,5,17,0.21112623764202,0.9238038510084152,259.87794351118976,513.4869545516925
6224,0,1,0,186,36,3,15,0.49425172130577266,0.7565638932865113,310.0606728634479,636.6798613450019
6225,0,0,1,265,27,5,24,0.042702050879597664,0.5714270058088005,271.95845225310416,562.5670480163598
6226,0,1,1,67,29,5,28,0.5533483980689198,0.980351353995502,338.99390870540867,685.240385591302
6227,0,0,0,234,22,8,19,0.6013455470092595,0.32826394867151976,259.3730254817767,547.3677180253725
6228,0,0,0,276,24,6,16,0.14149569114670157,0.8747874984983355,289.64988837176736,524.9371820693589
6229,0,0,0,490,34,7,20,0.5088973850943148,0.8422173084691167,267.11495209542164,538.8035186512694
6230,1,0,1,310,29,6,16,0.5533483980689198,0.980351353995502,299.65251040264405,676.3602732469161
6231,1,0,1,445,38,9,16,0.9087103542406112,0.1694229245185852,301.7416944010356,588.6047244173868
6232,0,0,1,102,18,5,22,0.8916374130640179,0.9109178960788995,294.3403580117183,597.7151420708183
6233,0,0,1,358,1,1,29,0.774368490325287,0.06913358555175364,332.7218986488122,715.1504958206212
6234,0,0,0,424,35,3,19,0.6349153537303209,0.31414990592747927,320.393197441809,699.7800225299608
6235,0,1,0,402,2,6,20,0.19722419138997793,0.08462062571197748,291.36677059508105,586.1529363656208
6236,1,0,0,130,11,8,16,0.775893080746755,0.774874358670786,340.3857142350566,667.924782025288
6237,1,0,0,281,37,4,27,0.28013089881278574,0.967524380190298,287.9359433275643,547.9101425260716
6238,0,1,0,170,40,4,22,0.5589970224536955,0.8726507888641208,282.2204725065088,577.0691088896652
6239,0,0,0,382,21,4,28,0.9842240803409368,0.6037942769471556,308.56741832075414,582.7259566674331
6240,0,1,0,310,29,6,16,0.5533483980689198,0.980351353995502,313.3042048815082,665.5860899121029
6241,0,0,0,200,35,6,19,0.6349153537303209,0.31414990592747927,262.2549667041821,543.4498784412796
6242,1,0,0,189,1,9,26,0.774368490325287,0.06913358555175364,344.0927492675515,685.3934664110404
6243,0,0,1,222,2,3,20,0.19722419138997793,0.08462062571197748,240.40434849114828,533.5938942899768
6244,0,0,0,456,15,7,24,0.21112623764202,0.9238038510084152,262.0462933550594,604.9220789489875
6245,0,0,0,23,33,2,15,0.8046367336064577,0.31251504993997514,284.5543579468698,568.7381464209292
6246,0,0,1,443,22,5,21,0.6013455470092595,0.32826394867151976,319.22591495101483,727.8087894238254
6247,1,0,0,345,19,3,33,0.48323641112074256,0.5905635331291705,305.9932982809601,623.3520112315691
6248,0,0,0,282,36,9,21,0.49425172130577266,0.7565638932865113,261.44165167720115,580.3945524666569
6249,0,1,0,33,9,8,21,0.013315835734829307,0.08963611628860235,328.08151597147724,813.8041297945135
6250,1,0,0,356,47,10,25,0.3773106967564672,0.7403151453472674,280.81897026728205,505.5611266136402
6251,0,1,0,227,44,10,24,0.9833834334276617,0.5796247583348304,308.8083772401397,647.0571086668951
6252,0,0,0,466,29,6,18,0.5533483980689198,0.980351353995502,287.7179187418766,644.495744468089
6253,0,1,0,461,14,5,18,0.14216354000382125,0.6515949983149767,283.0620295618262,555.0594863029535
6254,0,0,0,193,2,3,20,0.19722419138997793,0.08462062571197748,235.8963094531006,547.1754709638261
6255,0,0,0,447,31,1,18,0.46977853984571993,0.7659584856592119,273.499624289622,534.6431358173902
6256,0,0,1,18,48,5,30,0.6061688305344433,0.4517896354664117,330.2399342255429,763.9596315741029
6257,0,0,0,225,9,7,22,0.013315835734829307,0.08963611628860235,280.4151944411043,627.6531969021016
6258,0,0,0,316,9,4,22,0.013315835734829307,0.08963611628860235,231.1222951775767,436.46382475678973
6259,1,0,0,417,46,5,16,0.7385737628210336,0.10853192373178899,323.11829486259296,591.3722020667884
6260,0,1,0,377,24,3,22,0.14149569114670157,0.8747874984983355,242.5682728174924,498.06643546260943
6261,0,1,1,315,3,6,23,0.978013844229281,0.1299455715343356,339.4049126508223,726.8439417911972
6262,1,0,1,20,30,6,26,0.8535007652826607,0.9145373487845063,334.3013360131074,734.764949347796
6263,0,0,0,464,41,4,26,0.24443748919293284,0.13247077818959951,285.46459047751966,505.2804171216686
6264,1,0,1,225,9,7,22,0.013315835734829307,0.08963611628860235,249.52596906310774,474.3338754737369
6265,0,0,0,229,27,6,14,0.042702050879597664,0.5714270058088005,231.66517003450198,521.9673600634163
6266,0,0,0,287,15,3,22,0.21112623764202,0.9238038510084152,173.24257993243316,485.4050469314011
6267,0,1,0,136,23,6,20,0.03834434738382697,0.6661178111098707,241.5195228435479,579.9913683537858
6268,1,0,1,232,21,8,29,0.9842240803409368,0.6037942769471556,302.8355190853853,608.434520464399
6269,0,1,1,185,27,6,20,0.042702050879597664,0.5714270058088005,285.0305258345364,603.7996385794776
6270,0,0,0,56,18,3,28,0.8916374130640179,0.9109178960788995,335.20480574900455,664.6926886902093
6271,1,0,0,222,2,3,20,0.19722419138997793,0.08462062571197748,218.91479389717836,471.48380026298986
6272,0,1,1,18,48,5,30,0.6061688305344433,0.4517896354664117,302.94986203316495,624.4244121904137
6273,0,1,0,295,4,3,28,0.20132735022343695,0.74613202130422,275.79257789682975,626.7245240955731
6274,0,1,1,456,15,7,24,0.21112623764202,0.9238038510084152,293.6590070169972,703.5779581101897
6275,0,0,0,83,34,5,24,0.5088973850943148,0.8422173084691167,225.04171895521256,592.1515061149062
6276,0,1,1,229,27,6,14,0.042702050879597664,0.5714270058088005,278.61710485183494,662.7266950046213
6277,1,0,0,307,7,7,27,0.9787284394260496,0.14397736149840057,385.8774101324776,649.0612958721091
6278,0,0,0,376,36,2,28,0.49425172130577266,0.7565638932865113,310.4475920225812,557.5570906938824
6279,1,0,1,26,38,2,23,0.9087103542406112,0.1694229245185852,356.0010698582766,775.1771651600935
6280,0,0,0,226,21,9,24,0.9842240803409368,0.6037942769471556,305.667904842257,619.1856955278893
6281,0,1,1,136,23,6,20,0.03834434738382697,0.6661178111098707,256.7273299083271,513.4940470829276
6282,0,0,0,219,36,5,23,0.49425172130577266,0.7565638932865113,302.54234093834987,545.5435443735331
6283,0,0,1,7,47,3,17,0.3773106967564672,0.7403151453472674,286.1079633915805,598.4022738572332
6284,0,1,0,319,50,4,21,0.9892466596793383,0.7492987331934273,306.0645410293979,651.2983042101868
6285,0,0,0,410,7,2,28,0.9787284394260496,0.14397736149840057,317.18898221490014,599.3022526665258
6286,0,0,1,416,30,10,14,0.8535007652826607,0.9145373487845063,280.9802949671,570.2138246724625
6287,0,0,0,305,28,5,17,0.6121745223645121,0.048944066278636456,324.3886856816293,672.1932310101635
6288,0,1,1,348,12,6,32,0.016379052540287375,0.8120638781692833,250.52359802554295,534.5833714361917
6289,0,1,0,19,38,6,21,0.9087103542406112,0.1694229245185852,335.9664508836364,676.7547723318164
6290,0,0,1,173,33,8,23,0.8046367336064577,0.31251504993997514,319.222548046204,569.4420555561968
6291,1,0,0,8,25,5,23,0.8063855252694339,0.0688752664718777,341.67214261664986,635.9161035915514
6292,0,0,1,274,40,3,20,0.5589970224536955,0.8726507888641208,320.8251114891617,671.8531251658923
6293,1,0,1,200,35,6,19,0.6349153537303209,0.31414990592747927,306.24144422139534,647.376397109652
6294,0,1,0,11,46,5,25,0.7385737628210336,0.10853192373178899,327.82538453313157,643.5744863505411
6295,1,0,0,303,38,5,18,0.9087103542406112,0.1694229245185852,385.73226305058967,800.8894154919598
6296,0,0,1,2,8,3,15,0.49811370903626084,0.8910799578297883,329.5187996574272,602.5163642952621
6297,0,0,0,246,19,6,19,0.48323641112074256,0.5905635331291705,234.9251907734537,503.84959671522046
6298,0,0,1,108,30,4,23,0.8535007652826607,0.9145373487845063,259.2725362524665,506.67955792422583
6299,0,1,0,39,26,5,12,0.26668567629531026,0.7934630094096065,301.0066008761671,520.4868576453283
6300,0,0,0,236,38,4,18,0.9087103542406112,0.1694229245185852,285.23780910622486,627.552232631816
6301,0,0,0,363,35,5,21,0.6349153537303209,0.31414990592747927,244.66174621475704,534.9090810554493
6302,0,0,0,70,25,7,23,0.8063855252694339,0.0688752664718777,295.164134059133,665.271542986203
6303,0,0,1,421,12,5,20,0.016379052540287375,0.8120638781692833,250.65264557672046,539.9265848315033
6304,1,0,1,408,33,5,16,0.8046367336064577,0.31251504993997514,315.4992472688237,620.5504987485593
6305,0,0,0,395,50,3,23,0.9892466596793383,0.7492987331934273,318.54789429342725,698.4597367751737
6306,1,0,0,27,35,3,22,0.6349153537303209,0.31414990592747927,277.32970388852783,622.4911958193433
6307,1,1,1,389,10,7,21,0.25994612858630717,0.03773271921090782,359.29475616386407,705.6648491090149
6308,1,0,1,250,28,7,21,0.6121745223645121,0.048944066278636456,359.46532858450206,773.8744775656111
6309,0,0,0,131,28,5,19,0.6121745223645121,0.048944066278636456,333.77225486064515,684.872209220876
6310,0,0,0,88,14,4,18,0.14216354000382125,0.6515949983149767,291.1637421197688,586.4271831426638
6311,0,1,1,453,19,6,23,0.48323641112074256,0.5905635331291705,290.61799700085635,586.6173884941608
6312,0,0,1,236,38,4,18,0.9087103542406112,0.1694229245185852,355.9175612354672,731.7219333110702
6313,1,1,1,435,31,6,12,0.46977853984571993,0.7659584856592119,326.8998090081027,655.8330349401996
6314,1,0,0,116,48,3,20,0.6061688305344433,0.4517896354664117,284.29885725537116,589.3715362970239
6315,1,0,1,17,30,6,13,0.8535007652826607,0.9145373487845063,321.9336890570719,665.3726415385427
6316,0,1,0,177,19,5,23,0.48323641112074256,0.5905635331291705,287.70894510716295,621.1111680896879
6317,0,1,1,423,49,5,22,0.5121942616533488,0.6461082133464515,321.89816011466644,693.4741517279358
6318,0,0,1,228,9,9,21,0.013315835734829307,0.08963611628860235,254.93856044436248,473.4632731290249
6319,0,1,0,290,39,0,22,0.7841161577962339,0.6968751777894795,348.8979390056963,676.1200626655758
6320,0,0,0,100,39,5,21,0.7841161577962339,0.6968751777894795,307.00322478674906,589.2772455376196
6321,0,1,0,497,42,5,19,0.5309706551488489,0.07851310959085822,337.71807983741087,712.3462731116974
6322,1,1,1,498,31,5,13,0.46977853984571993,0.7659584856592119,362.51956189094864,711.2642169806865
6323,0,1,0,54,41,3,19,0.24443748919293284,0.13247077818959951,323.54742214361664,650.442077458737
6324,0,0,0,301,25,7,27,0.8063855252694339,0.0688752664718777,371.248403537159,612.9047121598086
6325,0,0,0,64,45,1,18,0.8977528435643762,0.5364251248538494,290.50733810690616,570.998119873421
6326,0,0,1,337,6,7,22,0.7426119421143085,0.6856354165356606,331.6706479043561,703.1215746534447
6327,0,1,0,92,32,3,21,0.39761656103655696,0.7758463725913316,252.7379332447792,544.8189887308295
6328,1,0,0,429,29,7,24,0.5533483980689198,0.980351353995502,310.1430798164141,625.5551302250968
6329,0,0,0,317,10,7,22,0.25994612858630717,0.03773271921090782,276.99664337432733,572.0442688073305
6330,0,1,0,217,30,6,25,0.8535007652826607,0.9145373487845063,330.6141649103515,677.3919820705315
6331,0,0,0,156,6,4,19,0.7426119421143085,0.6856354165356606,309.7564993188019,650.6028100481333
6332,0,0,0,361,8,4,20,0.49811370903626084,0.8910799578297883,218.48819188660775,405.2798369985177
6333,0,1,0,44,29,3,19,0.5533483980689198,0.980351353995502,210.7603967755177,401.4095655006725
6334,0,0,1,448,30,4,15,0.8535007652826607,0.9145373487845063,243.9248700545114,495.3325361789029
6335,0,0,0,338,7,3,26,0.9787284394260496,0.14397736149840057,346.0478273691986,762.9890157461168
6336,1,0,0,30,47,1,23,0.3773106967564672,0.7403151453472674,286.8091909223788,615.2731830423598
6337,1,0,1,128,22,3,25,0.6013455470092595,0.32826394867151976,377.22422555563867,719.2255532504481
6338,0,0,1,114,35,9,14,0.6349153537303209,0.31414990592747927,285.3638930911212,665.3432610727976
6339,0,0,0,325,31,2,17,0.46977853984571993,0.7659584856592119,252.1429336213478,542.5608059661016
6340,0,0,0,398,47,4,13,0.3773106967564672,0.7403151453472674,215.6612742245118,468.81453292195584
6341,1,1,1,213,41,2,27,0.24443748919293284,0.13247077818959951,312.08210570152744,685.6894825658811
6342,1,1,0,432,12,6,22,0.016379052540287375,0.8120638781692833,325.8223169494668,668.5126224223077
6343,0,0,1,26,38,2,23,0.9087103542406112,0.1694229245185852,286.1047548987803,569.0623177274247
6344,0,1,1,349,28,3,19,0.6121745223645121,0.048944066278636456,300.3885516387256,555.7393064793091
6345,0,1,0,74,43,6,13,0.11839594203047454,0.37822385248728096,261.57813105755577,581.1916595818303
6346,0,1,0,119,29,3,20,0.5533483980689198,0.980351353995502,273.6168078478705,614.2261222277851
6347,0,0,1,56,18,3,28,0.8916374130640179,0.9109178960788995,269.9235308958033,590.208493729577
6348,1,0,1,255,19,5,19,0.48323641112074256,0.5905635331291705,310.7453403862767,586.31860603368375
6349,0,1,0,257,4,7,24,0.20132735022343695,0.74613202130422,280.16035705154076,537.2441263034422
6350,1,0,0,86,22,4,19,0.6013455470092595,0.32826394867151976,278.4624170638677,628.3688344511576
6351,0,0,0,396,29,5,18,0.5533483980689198,0.980351353995502,274.7239346217396,561.7986929977899
6352,0,1,1,173,33,8,23,0.8046367336064577,0.31251504993997514,338.82476081126595,722.7657384576645
6353,0,0,1,289,12,4,23,0.016379052540287375,0.8120638781692833,226.19572943570898,574.5034130063082
6354,0,0,0,63,47,5,28,0.3773106967564672,0.7403151453472674,300.4905967094267,585.1638246732559
6355,0,0,1,423,49,5,22,0.5121942616533488,0.6461082133464515,247.04476234572724,462.19619859222587
6356,1,0,0,162,31,3,23,0.46977853984571993,0.7659584856592119,336.1486854646778,756.457503873702
6357,0,1,0,458,22,9,18,0.6013455470092595,0.32826394867151976,289.06413150231697,613.4593112029877
6358,1,0,1,453,19,6,23,0.48323641112074256,0.5905635331291705,323.24659124267464,658.733410720323
6359,0,1,0,140,38,3,18,0.9087103542406112,0.1694229245185852,330.31736896522773,725.8600807930737
6360,1,0,0,277,48,5,24,0.6061688305344433,0.4517896354664117,308.50971818422016,709.8273914015635
6361,0,0,0,244,34,9,25,0.5088973850943148,0.8422173084691167,293.1807602469518,568.7204732369263
6362,0,1,0,121,30,7,24,0.8535007652826607,0.9145373487845063,314.5913626613918,660.4323595931355
6363,0,0,0,335,47,7,16,0.3773106967564672,0.7403151453472674,293.0219406323824,568.127907268664
6364,0,0,0,32,44,2,22,0.9833834334276617,0.5796247583348304,301.47657946729487,548.7849825113768
6365,0,0,0,292,46,4,21,0.7385737628210336,0.10853192373178899,265.3102469656507,667.272064318452
6366,0,1,0,180,29,2,19,0.5533483980689198,0.980351353995502,413.37214867187856,823.3128739120573
6367,0,1,0,152,17,4,17,0.03654719586484134,0.2661329871043563,257.1056632224247,574.7201542227352
6368,0,0,0,483,6,6,23,0.7426119421143085,0.6856354165356606,328.1200979840486,620.8990293873026
6369,0,1,1,20,30,6,26,0.8535007652826607,0.9145373487845063,293.93071616058234,670.6564148994772
6370,0,0,0,446,29,5,22,0.5533483980689198,0.980351353995502,282.34169128888635,581.5907397694621
6371,0,1,1,158,19,2,24,0.48323641112074256,0.5905635331291705,315.09852800405463,560.5421526981135
6372,0,0,0,383,14,4,27,0.14216354000382125,0.6515949983149767,256.3006825714017,523.7699812021916
6373,0,0,0,36,41,6,20,0.24443748919293284,0.13247077818959951,199.79234521360496,394.14507484887815
6374,0,0,0,97,23,10,28,0.03834434738382697,0.6661178111098707,223.58096785087648,536.319919004354
6375,0,1,0,362,27,5,23,0.042702050879597664,0.5714270058088005,250.79024152962822,548.6629702091936
6376,1,0,0,352,26,9,23,0.26668567629531026,0.7934630094096065,298.15700874499436,733.8747808600548
6377,0,0,0,186,36,3,15,0.49425172130577266,0.7565638932865113,255.58746331396435,504.9264060000331
6378,0,1,0,371,44,3,15,0.9833834334276617,0.5796247583348304,336.4981078366777,668.3962623188546
6379,0,1,0,200,35,6,19,0.6349153537303209,0.31414990592747927,300.81999236249857,608.5659748738752
6380,0,0,1,372,13,4,16,0.09574478422291577,0.2606025456916541,275.2191296851158,567.3487919117986
6381,0,0,0,366,23,5,18,0.03834434738382697,0.6661178111098707,300.132396845034,688.5719148367145
6382,0,1,1,339,33,4,20,0.8046367336064577,0.31251504993997514,277.0028806155676,561.6915957472746
6383,0,1,0,225,9,7,22,0.013315835734829307,0.08963611628860235,276.270474715418,531.087780649901
6384,0,1,0,482,42,5,19,0.5309706551488489,0.07851310959085822,293.1757698863882,583.9810806046747
6385,0,0,0,246,19,6,19,0.48323641112074256,0.5905635331291705,301.81203496784184,645.0284997968707
6386,0,1,0,1,25,1,21,0.8063855252694339,0.0688752664718777,315.39763169429114,590.7213701729246
6387,0,0,1,353,8,6,23,0.49811370903626084,0.8910799578297883,241.0320838542827,576.9399850254904
6388,0,0,1,340,14,2,21,0.14216354000382125,0.6515949983149767,217.83454894387438,491.1858122869263
6389,1,0,0,84,31,4,20,0.46977853984571993,0.7659584856592119,307.5132267395518,577.9574082723194
6390,0,0,0,69,15,3,15,0.21112623764202,0.9238038510084152,258.3269203086464,467.6753561419481
6391,1,0,0,321,22,4,14,0.6013455470092595,0.32826394867151976,259.83671524809705,558.1839397943883
6392,0,0,0,62,36,2,23,0.49425172130577266,0.7565638932865113,258.42436515101923,605.8245402949764
6393,0,1,0,299,8,4,18,0.49811370903626084,0.8910799578297883,275.0186198121713,555.2458339332275
6394,0,0,0,354,38,3,27,0.9087103542406112,0.1694229245185852,294.2674861569989,600.8268212792505
6395,1,0,0,451,3,6,18,0.978013844229281,0.1299455715343356,372.9735670945676,707.1284447002301
6396,1,1,1,92,32,3,21,0.39761656103655696,0.7758463725913316,317.3827964265,616.4213278317914
6397,1,1,0,480,47,2,22,0.3773106967564672,0.7403151453472674,305.69037840859886,720.9963084720197
6398,0,0,1,228,9,9,21,0.013315835734829307,0.08963611628860235,237.38233657566096,467.9209415103756
6399,0,0,1,41,11,5,27,0.775893080746755,0.774874358670786,318.9323259519863,636.3827091591617
6400,0,1,0,204,45,11,19,0.8977528435643762,0.5364251248538494,368.33293829114797,712.5272135252077
6401,0,0,0,202,44,6,16,0.9833834334276617,0.5796247583348304,317.93803143162813,649.8592083499499
6402,1,0,0,238,18,3,14,0.8916374130640179,0.9109178960788995,309.92034101197595,606.3818234913359
6403,0,0,1,379,27,7,22,0.042702050879597664,0.5714270058088005,230.27850029949232,475.15960120432226
6404,0,0,0,57,24,5,24,0.14149569114670157,0.8747874984983355,239.22959812083351,513.0474953232396
6405,0,0,1,450,30,4,23,0.8535007652826607,0.9145373487845063,279.9120101251098,583.6883610093143
6406,1,0,1,454,31,9,17,0.46977853984571993,0.7659584856592119,307.9257777714079,604.0087677523828
6407,1,1,0,391,14,4,24,0.14216354000382125,0.6515949983149767,273.1315219708523,605.3865189740332
6408,0,0,0,386,10,8,30,0.25994612858630717,0.03773271921090782,297.96235204824325,549.867202960527
6409,0,0,0,52,33,9,17,0.8046367336064577,0.31251504993997514,277.26625767253205,656.598011675963
6410,0,0,1,159,25,1,14,0.8063855252694339,0.0688752664718777,310.1931543297342,526.7906916114121
6411,0,1,0,166,21,5,17,0.9842240803409368,0.6037942769471556,292.1764065748645,587.9870202345746
6412,0,0,0,117,39,8,23,0.7841161577962339,0.6968751777894795,325.38349533758935,615.1215444358281
6413,0,1,1,377,24,3,22,0.14149569114670157,0.8747874984983355,266.4942295402737,473.87957420493126
6414,0,0,1,465,3,5,16,0.978013844229281,0.1299455715343356,342.8695930409688,762.5570112093676
6415,0,0,0,265,27,5,24,0.042702050879597664,0.5714270058088005,267.6004956312279,575.8692600168307
6416,0,0,1,73,22,3,22,0.6013455470092595,0.32826394867151976,303.2930460475288,580.3826406630731
6417,0,0,0,374,33,6,16,0.8046367336064577,0.31251504993997514,331.94376392640385,775.5674610212618
6418,0,0,0,8,25,5,23,0.8063855252694339,0.0688752664718777,304.8187700747973,672.3298187071604
6419,1,0,0,454,31,9,17,0.46977853984571993,0.7659584856592119,267.808997168138,548.0873478187657
6420,0,0,0,303,38,5,18,0.9087103542406112,0.1694229245185852,277.84057875099046,564.5299804161712
6421,0,0,0,126,11,10,20,0.775893080746755,0.774874358670786,281.7512960151004,636.3582238016561
6422,0,1,1,27,35,3,22,0.6349153537303209,0.31414990592747927,293.7286210733352,592.9399742419965
6423,1,0,1,403,41,3,27,0.24443748919293284,0.13247077818959951,279.09446947800245,603.487412683262
6424,0,0,0,444,16,3,16,0.8112564436160028,0.26610612077638507,354.83774219682283,742.6149227550196
6425,0,0,1,157,46,8,28,0.7385737628210336,0.10853192373178899,342.1232579436937,664.5642024897151
6426,1,0,1,172,38,2,13,0.9087103542406112,0.1694229245185852,352.879347319063,693.0697293224918
6427,0,0,1,312,50,3,22,0.9892466596793383,0.7492987331934273,303.4491258574733,632.9332128624964
6428,0,1,0,402,2,6,20,0.19722419138997793,0.08462062571197748,295.7670196074129,590.467815837455
6429,0,0,0,24,35,2,27,0.6349153537303209,0.31414990592747927,269.7587502143374,528.5530567058984
6430,1,0,0,80,19,3,18,0.48323641112074256,0.5905635331291705,309.6708225589229,558.4651282564671
6431,0,1,1,267,45,6,15,0.8977528435643762,0.5364251248538494,278.1095290867287,614.2679029095461
6432,0,0,1,270,29,7,22,0.5533483980689198,0.980351353995502,288.1769935294275,540.3145692258406
6433,0,1,0,447,31,1,18,0.46977853984571993,0.7659584856592119,273.19353661937146,495.9757715666026
6434,0,0,1,358,1,1,29,0.774368490325287,0.06913358555175364,336.05688536380774,703.5541328833201
6435,0,0,0,206,8,5,13,0.49811370903626084,0.8910799578297883,325.44003297629945,595.3470410809427
6436,0,0,1,46,37,7,20,0.28013089881278574,0.967524380190298,247.7040107905437,543.6393724274183
6437,1,0,0,126,11,10,20,0.775893080746755,0.774874358670786,297.47429805164677,657.0533012094332
6438,0,0,0,312,50,3,22,0.9892466596793383,0.7492987331934273,295.2152979447513,631.0895337997143
6439,1,0,0,451,3,6,18,0.978013844229281,0.1299455715343356,327.1741166694095,615.828790493634
6440,0,0,1,409,48,9,16,0.6061688305344433,0.4517896354664117,328.3719407245326,702.2368000449203
6441,0,0,1,180,29,2,19,0.5533483980689198,0.980351353995502,287.68262848845046,535.3983751752756
6442,1,0,0,442,50,4,19,0.9892466596793383,0.7492987331934273,288.22813324367127,558.1498560657849
6443,0,0,0,25,20,7,18,0.4666645280085504,0.9181476451922208,270.229526438218,553.7504172272787
6444,0,1,0,93,29,2,12,0.5533483980689198,0.980351353995502,358.5552180604261,617.8741088766257
6445,0,0,1,24,35,2,27,0.6349153537303209,0.31414990592747927,297.4591730791986,604.7369367649699
6446,0,1,0,195,38,7,15,0.9087103542406112,0.1694229245185852,338.32909261876,707.1924824763132
6447,0,1,0,301,25,7,27,0.8063855252694339,0.0688752664718777,305.1311404550289,678.2567960667665
6448,0,0,0,97,23,10,28,0.03834434738382697,0.6661178111098707,239.99173817386188,580.2980704444162
6449,0,1,1,129,23,1,19,0.03834434738382697,0.6661178111098707,202.9414866541615,444.479405859889
6450,0,1,0,136,23,6,20,0.03834434738382697,0.6661178111098707,303.83737523541333,509.7450019907056
6451,1,0,1,422,25,5,20,0.8063855252694339,0.0688752664718777,354.53663381355824,711.5157938623128
6452,1,0,0,481,3,7,21,0.978013844229281,0.1299455715343356,392.87371241123907,776.815515184924
6453,0,1,0,225,9,7,22,0.013315835734829307,0.08963611628860235,237.37150326064958,566.6494603243411
6454,1,0,0,237,28,3,17,0.6121745223645121,0.048944066278636456,287.7727357348952,544.7149130734016
6455,1,0,1,99,42,5,22,0.5309706551488489,0.07851310959085822,304.63070195072345,619.1515938506611
6456,0,1,0,267,45,6,15,0.8977528435643762,0.5364251248538494,366.75683488440575,635.3062718756878
6457,0,0,0,219,36,5,23,0.49425172130577266,0.7565638932865113,216.70496892437995,487.24180447123797
6458,0,0,0,388,50,5,24,0.9892466596793383,0.7492987331934273,284.44488015924094,571.1259852072793
6459,0,0,0,102,18,5,22,0.8916374130640179,0.9109178960788995,280.3459878883915,572.4720552817943
6460,0,0,0,346,41,8,26,0.24443748919293284,0.13247077818959951,312.7143699287491,642.1472175849719
6461,1,0,0,57,24,5,24,0.14149569114670157,0.8747874984983355,324.9071599085912,673.8685616907649
6462,0,0,0,95,28,3,17,0.6121745223645121,0.048944066278636456,335.8172079476135,660.2547563828904
6463,0,0,1,379,27,7,22,0.042702050879597664,0.5714270058088005,241.35444279543,565.0582769918017
6464,0,0,1,57,24,5,24,0.14149569114670157,0.8747874984983355,245.19603390605863,500.08610272711394
6465,1,1,1,226,21,9,24,0.9842240803409368,0.6037942769471556,378.28381305736184,744.9946123379694
6466,0,0,0,137,50,2,14,0.9892466596793383,0.7492987331934273,364.6703423550381,703.1546110417637
6467,0,1,0,348,12,6,32,0.016379052540287375,0.8120638781692833,295.8831029667219,559.4912302247789
6468,0,0,1,109,27,2,33,0.042702050879597664,0.5714270058088005,265.83880553167495,552.3628388842454
6469,0,1,0,292,46,4,21,0.7385737628210336,0.10853192373178899,280.0119241492839,514.7416207872609
6470,0,0,0,139,3,4,20,0.978013844229281,0.1299455715343356,308.5390703937218,632.677566256359
6471,0,1,1,438,48,10,11,0.6061688305344433,0.4517896354664117,325.25310638322065,700.7328759101359
6472,0,0,0,366,23,5,18,0.03834434738382697,0.6661178111098707,254.45337272994095,503.0353529234382
6473,0,0,1,431,27,5,21,0.042702050879597664,0.5714270058088005,259.9908190184254,601.0074309621592
6474,1,0,0,305,28,5,17,0.6121745223645121,0.048944066278636456,335.81322790176284,669.8280792847206
6475,0,0,0,21,32,6,22,0.39761656103655696,0.7758463725913316,256.01833493808806,617.633580818568
6476,1,0,0,278,50,4,18,0.9892466596793383,0.7492987331934273,339.62168176324485,715.3889794621434
6477,0,1,1,177,19,5,23,0.48323641112074256,0.5905635331291705,273.35422708610446,566.6732842240575
6478,0,0,1,496,41,4,22,0.24443748919293284,0.13247077818959951,257.2928218489722,513.2762290750459
6479,0,0,0,238,18,3,14,0.8916374130640179,0.9109178960788995,309.88358358911887,565.6387650401106
6480,0,1,0,437,22,1,25,0.6013455470092595,0.32826394867151976,291.8509120595893,630.0855690847134
6481,0,0,1,18,48,5,30,0.6061688305344433,0.4517896354664117,313.54216903103264,761.7021470264817
6482,0,0,0,477,14,4,25,0.14216354000382125,0.6515949983149767,307.6362871770169,572.7930350733282
6483,0,0,0,31,17,5,16,0.03654719586484134,0.2661329871043563,267.73708533216467,515.1482069041925
6484,0,0,0,89,41,5,23,0.24443748919293284,0.13247077818959951,352.56650463426064,663.7172317670486
6485,0,0,0,291,39,6,15,0.7841161577962339,0.6968751777894795,294.1832816585921,595.8153309362267
6486,0,0,0,212,38,5,23,0.9087103542406112,0.1694229245185852,262.1787924691169,642.7531219488653
6487,1,0,1,180,29,2,19,0.5533483980689198,0.980351353995502,342.294530182931,662.512131084269
6488,0,0,0,197,29,8,24,0.5533483980689198,0.980351353995502,259.1820876878736,584.4713652072088
6489,0,1,0,484,25,6,18,0.8063855252694339,0.0688752664718777,314.0458262164599,587.784848329456
6490,0,0,1,10,19,2,22,0.48323641112074256,0.5905635331291705,241.8653746156042,517.1122420950752
6491,0,0,0,495,44,0,14,0.9833834334276617,0.5796247583348304,278.6831383728312,595.4249031615693
6492,1,0,1,333,1,2,36,0.774368490325287,0.06913358555175364,330.8184892558187,595.6574026087402
6493,0,0,0,184,28,3,25,0.6121745223645121,0.048944066278636456,362.9415132029334,773.2390994668995
6494,0,0,0,139,3,4,20,0.978013844229281,0.1299455715343356,273.37289624591034,521.3871496011909
6495,1,0,1,155,33,3,20,0.8046367336064577,0.31251504993997514,344.70058659939764,644.0769587322951
6496,1,1,1,473,9,5,11,0.013315835734829307,0.08963611628860235,279.51306480087874,646.0328203564574
6497,0,0,0,409,48,9,16,0.6061688305344433,0.4517896354664117,304.32576520266883,564.8373548257647
6498,0,0,0,415,34,6,13,0.5088973850943148,0.8422173084691167,322.44786463688246,598.7232641861035
6499,0,1,1,344,50,7,16,0.9892466596793383,0.7492987331934273,305.2495943920885,599.1434789806505
6500,0,1,1,324,8,2,22,0.49811370903626084,0.8910799578297883,285.56055091581857,525.8626331734127
6501,0,0,1,205,26,5,20,0.26668567629531026,0.7934630094096065,274.87090403836356,588.8203054946473
6502,0,1,1,248,50,8,17,0.9892466596793383,0.7492987331934273,336.94748386550145,634.8847742950445
6503,1,1,1,257,4,7,24,0.20132735022343695,0.74613202130422,265.93905933629367,527.8197246508042
6504,0,1,0,459,48,4,11,0.6061688305344433,0.4517896354664117,263.6859612841423,488.91950086788023
6505,0,0,0,207,24,6,18,0.14149569114670157,0.8747874984983355,233.43465565139624,530.2492571914711
6506,0,1,0,41,11,5,27,0.775893080746755,0.774874358670786,335.2795588740594,673.455850924361
6507,0,0,0,347,2,3,14,0.19722419138997793,0.08462062571197748,246.57108065141762,521.9104180129032
6508,0,0,1,339,33,4,20,0.8046367336064577,0.31251504993997514,325.95383542792234,704.643407642771
6509,0,0,0,232,21,8,29,0.9842240803409368,0.6037942769471556,348.11860381907684,653.9270392808323
6510,0,0,1,214,15,4,20,0.21112623764202,0.9238038510084152,265.4959319970733,540.818347733885
6511,0,1,1,308,30,6,25,0.8535007652826607,0.9145373487845063,283.22478127949046,586.7103153423159
6512,0,1,0,483,6,6,23,0.7426119421143085,0.6856354165356606,343.8654303268085,664.4958466083984
6513,0,0,0,481,3,7,21,0.978013844229281,0.1299455715343356,325.13404728731706,619.4530952403272
6514,0,1,0,79,29,6,23,0.5533483980689198,0.980351353995502,250.12100227799363,634.1453573612803
6515,1,0,1,338,7,3,26,0.9787284394260496,0.14397736149840057,393.20892876340116,817.6705950089677
6516,1,0,1,293,43,3,32,0.11839594203047454,0.37822385248728096,307.94099957446997,639.6730057280721
6517,0,0,0,73,22,3,22,0.6013455470092595,0.32826394867151976,273.29946162711855,560.7242382125002
6518,1,0,1,370,27,6,21,0.042702050879597664,0.5714270058088005,290.6638778876169,656.9097640274617
6519,0,1,1,392,47,7,15,0.3773106967564672,0.7403151453472674,248.82348973128006,519.3412508319303
6520,0,0,1,208,17,5,27,0.03654719586484134,0.2661329871043563,232.8422230936636,515.8012281306048
6521,0,0,0,155,33,3,20,0.8046367336064577,0.31251504993997514,361.8957879700893,728.6730532885557
6522,0,0,0,9,19,5,21,0.48323641112074256,0.5905635331291705,291.3016638961012,512.6923540368072
6523,0,0,1,301,25,7,27,0.8063855252694339,0.0688752664718777,228.64837236668265,541.6915726634472
6524,0,0,1,297,3,8,23,0.978013844229281,0.1299455715343356,334.96598214186935,607.8742444058184
6525,1,0,1,269,15,10,18,0.21112623764202,0.9238038510084152,300.37151027322307,645.9009315751588
6526,0,0,0,356,47,10,25,0.3773106967564672,0.7403151453472674,280.8975444046407,578.9524379827893
6527,0,0,1,418,5,2,19,0.36124442727304995,0.0388791817240417,286.12904855592353,551.9815142410351
6528,0,1,1,121,30,7,24,0.8535007652826607,0.9145373487845063,319.04778879838886,800.2940440571339
6529,0,0,1,303,38,5,18,0.9087103542406112,0.1694229245185852,318.4134149771473,629.558593165767
6530,0,0,1,461,14,5,18,0.14216354000382125,0.6515949983149767,270.0699231306904,474.9444110496759
6531,1,0,1,289,12,4,23,0.016379052540287375,0.8120638781692833,318.8368239365013,604.5298613715731
6532,0,1,1,432,12,6,22,0.016379052540287375,0.8120638781692833,242.02109376128357,539.266647432683
6533,0,0,0,222,2,3,20,0.19722419138997793,0.08462062571197748,232.13082069374389,485.85929188285246
6534,0,1,1,84,31,4,20,0.46977853984571993,0.7659584856592119,286.9415678041321,596.1037645228276
6535,0,1,0,86,22,4,19,0.6013455470092595,0.32826394867151976,294.2902906986179,600.0810889177995
6536,1,1,1,86,22,4,19,0.6013455470092595,0.32826394867151976,374.2360051893376,754.8937246692078
6537,0,0,0,79,29,6,23,0.5533483980689198,0.980351353995502,242.54755428562123,438.2014227020882
6538,1,1,0,126,11,10,20,0.775893080746755,0.774874358670786,348.3639356119885,737.1220422548328
6539,0,1,1,184,28,3,25,0.6121745223645121,0.048944066278636456,317.652152793407,712.7358162848728
6540,1,1,0,122,44,5,21,0.9833834334276617,0.5796247583348304,348.78309910643236,716.3787315019636
6541,0,1,1,379,27,7,22,0.042702050879597664,0.5714270058088005,234.7951297409816,521.7049498464646
6542,1,0,1,165,13,5,14,0.09574478422291577,0.2606025456916541,264.4083039187059,506.99268398401813
6543,1,0,0,66,43,4,21,0.11839594203047454,0.37822385248728096,290.45642170948423,627.2765080029662
6544,0,0,0,366,23,5,18,0.03834434738382697,0.6661178111098707,286.69279195909496,657.7191210805399
6545,0,0,1,480,47,2,22,0.3773106967564672,0.7403151453472674,221.05978193512317,497.93459016189803
6546,1,0,1,379,27,7,22,0.042702050879597664,0.5714270058088005,288.6896035888053,553.9643619005456
6547,0,0,0,352,26,9,23,0.26668567629531026,0.7934630094096065,277.4724064582016,564.9305690143951
6548,0,0,0,346,41,8,26,0.24443748919293284,0.13247077818959951,235.57457357672533,579.3646710467216
6549,0,0,0,65,43,10,24,0.11839594203047454,0.37822385248728096,257.70116983291916,583.1888054107278
6550,1,0,1,463,47,8,21,0.3773106967564672,0.7403151453472674,298.97536348510823,558.845938427386
6551,1,0,0,30,47,1,23,0.3773106967564672,0.7403151453472674,276.6291959251743,582.8104809750043
6552,0,0,0,13,5,4,16,0.36124442727304995,0.0388791817240417,310.82215885421743,597.2139296038332
6553,0,0,1,429,29,7,24,0.5533483980689198,0.980351353995502,275.7011616389204,513.98299414718565
6554,1,1,0,255,19,5,19,0.48323641112074256,0.5905635331291705,299.92388351089255,604.7719529473301
6555,0,0,1,432,12,6,22,0.016379052540287375,0.8120638781692833,266.1666552356651,607.7914316935876
6556,0,1,1,78,6,6,20,0.7426119421143085,0.6856354165356606,336.3706892387894,748.8896765599826
6557,0,0,0,362,27,5,23,0.042702050879597664,0.5714270058088005,251.98492160593602,581.2031090286156
6558,1,1,1,333,1,2,36,0.774368490325287,0.06913358555175364,330.59479156646387,706.6806584711834
6559,0,1,1,26,38,2,23,0.9087103542406112,0.1694229245185852,327.333727537409,617.9621155127203
6560,0,0,0,215,33,8,15,0.8046367336064577,0.31251504993997514,307.0656984348614,630.9711553254663
6561,1,0,0,245,41,6,30,0.24443748919293284,0.13247077818959951,339.63026677856806,673.9672463117674
6562,0,1,0,3,8,4,20,0.49811370903626084,0.8910799578297883,332.83059417283516,656.1073654126129
6563,1,0,0,314,9,6,20,0.013315835734829307,0.08963611628860235,310.7270230223504,585.5074060854988
6564,0,0,0,332,14,6,16,0.14216354000382125,0.6515949983149767,214.82316736225945,484.1660399711005
6565,0,0,0,26,38,2,23,0.9087103542406112,0.1694229245185852,313.0812571054523,664.3236995884275
6566,0,1,1,144,19,5,21,0.48323641112074256,0.5905635331291705,297.5473310436882,595.5128262021736
6567,1,1,0,206,8,5,13,0.49811370903626084,0.8910799578297883,342.0969881908054,627.1799363855699
6568,0,1,1,392,47,7,15,0.3773106967564672,0.7403151453472674,263.4999763614841,508.07950019478903
6569,1,1,1,249,42,3,20,0.5309706551488489,0.07851310959085822,321.23783274034736,584.8503263573834
6570,0,0,0,213,41,2,27,0.24443748919293284,0.13247077818959951,218.47470920004452,449.93441357666165
6571,0,1,0,164,3,5,26,0.978013844229281,0.1299455715343356,314.557015644108,648.2744113697865
6572,0,0,0,73,22,3,22,0.6013455470092595,0.32826394867151976,275.63134803707203,571.7908758328691
6573,0,1,1,417,46,5,16,0.7385737628210336,0.10853192373178899,316.56326427774616,726.5893659281567
6574,0,0,0,212,38,5,23,0.9087103542406112,0.1694229245185852,353.51599213968785,737.7131583853233
6575,0,0,1,280,42,4,15,0.5309706551488489,0.07851310959085822,234.73462041156623,555.6702286138379
6576,0,0,0,86,22,4,19,0.6013455470092595,0.32826394867151976,301.7359069645463,578.3992324295089
6577,0,1,0,233,47,3,19,0.3773106967564672,0.7403151453472674,344.69048196746473,601.7459455754458
6578,1,1,0,341,34,3,16,0.5088973850943148,0.8422173084691167,262.93297417951504,626.1340930106288
6579,0,0,0,375,19,5,22,0.48323641112074256,0.5905635331291705,200.25517192758588,460.2706092136259
6580,0,1,0,273,48,9,24,0.6061688305344433,0.4517896354664117,318.8842829955885,585.4989110883438
6581,0,0,0,87,4,5,28,0.20132735022343695,0.74613202130422,289.32935688960333,497.9328545131288
6582,0,1,1,127,28,4,22,0.6121745223645121,0.048944066278636456,337.9544474948073,618.0280284870157
6583,1,0,0,124,28,3,18,0.6121745223645121,0.048944066278636456,337.306045185234,676.6077239212154
6584,1,0,1,38,38,3,21,0.9087103542406112,0.1694229245185852,335.87873053045786,583.1641808861384
6585,0,0,0,476,23,1,15,0.03834434738382697,0.6661178111098707,243.36926589938656,410.19587281179815
6586,0,0,1,89,41,5,23,0.24443748919293284,0.13247077818959951,295.52222484864745,604.6333017490784
6587,0,0,0,117,39,8,23,0.7841161577962339,0.6968751777894795,290.3265539987246,577.4311444218444
6588,0,0,0,384,7,4,21,0.9787284394260496,0.14397736149840057,336.66669061127914,625.8258635515342
6589,0,0,0,386,10,8,30,0.25994612858630717,0.03773271921090782,289.02510619007285,578.4615551464635
6590,0,1,0,430,31,2,20,0.46977853984571993,0.7659584856592119,223.54236292044848,497.17396547978626
6591,0,1,0,431,27,5,21,0.042702050879597664,0.5714270058088005,305.7493044484374,557.0722650489218
6592,0,1,1,84,31,4,20,0.46977853984571993,0.7659584856592119,267.3406081506971,557.5798921685555
6593,0,0,0,193,2,3,20,0.19722419138997793,0.08462062571197748,234.85211795553715,610.2705208391699
6594,1,0,0,134,40,8,18,0.5589970224536955,0.8726507888641208,293.1384740654951,565.0396922976468
6595,0,1,0,379,27,7,22,0.042702050879597664,0.5714270058088005,251.57356236938816,518.1118010054083
6596,0,0,1,260,10,4,22,0.25994612858630717,0.03773271921090782,235.5622208669968,490.3413445283416
6597,0,0,1,221,37,7,22,0.28013089881278574,0.967524380190298,313.82164816673463,685.7897580272985
6598,0,0,1,259,39,3,28,0.7841161577962339,0.6968751777894795,273.1115170164691,495.9834819516427
6599,0,0,1,47,33,7,27,0.8046367336064577,0.31251504993997514,299.43156618910336,665.7769165665857
6600,1,0,0,130,11,8,16,0.775893080746755,0.774874358670786,317.02065706361026,683.8421076741508
6601,0,0,0,256,10,9,27,0.25994612858630717,0.03773271921090782,255.76904112499682,561.2539253092259
6602,0,1,1,340,14,2,21,0.14216354000382125,0.6515949983149767,252.02277138041129,468.5002351362715
6603,0,1,0,149,10,11,16,0.25994612858630717,0.03773271921090782,269.1907724353492,508.1461317690082
6604,0,1,1,53,19,10,11,0.48323641112074256,0.5905635331291705,293.8500694784212,672.7904464136612
6605,0,0,1,250,28,7,21,0.6121745223645121,0.048944066278636456,349.2015237234712,741.5013032977224
6606,0,0,1,129,23,1,19,0.03834434738382697,0.6661178111098707,231.16706156686047,463.5625940372345
6607,0,0,0,136,23,6,20,0.03834434738382697,0.6661178111098707,256.8312500983484,577.0306433207066
6608,0,0,1,249,42,3,20,0.5309706551488489,0.07851310959085822,277.5687109886909,561.8991593925821
6609,1,0,0,311,9,3,24,0.013315835734829307,0.08963611628860235,267.166142757347,580.5136857055937
6610,0,0,1,247,48,5,18,0.6061688305344433,0.4517896354664117,287.0618178264668,581.7342077079729
6611,0,0,0,49,1,5,20,0.774368490325287,0.06913358555175364,313.2300687565262,635.1090617898317
6612,0,0,0,273,48,9,24,0.6061688305344433,0.4517896354664117,280.67987041481507,619.010763001842
6613,0,1,1,402,2,6,20,0.19722419138997793,0.08462062571197748,284.229464343558,687.9412862900298
6614,0,1,0,123,7,5,17,0.9787284394260496,0.14397736149840057,313.50800794921975,661.6057378156098
6615,0,0,0,475,16,6,19,0.8112564436160028,0.26610612077638507,303.80617144874293,658.8812875858301
6616,1,0,0,202,44,6,16,0.9833834334276617,0.5796247583348304,294.9774415570025,597.7925119581557
6617,0,0,0,217,30,6,25,0.8535007652826607,0.9145373487845063,284.3791821354856,622.0868172489857
6618,0,1,1,472,45,6,13,0.8977528435643762,0.5364251248538494,323.94582533755914,607.1403302276815
6619,0,0,1,328,22,3,23,0.6013455470092595,0.32826394867151976,274.6813689327194,597.1149024750841
6620,1,0,0,498,31,5,13,0.46977853984571993,0.7659584856592119,361.80536467192076,773.7550574293776
6621,0,1,0,211,16,8,23,0.8112564436160028,0.26610612077638507,361.9268623003594,698.79256659365
6622,0,1,0,440,26,5,19,0.26668567629531026,0.7934630094096065,266.53075805696784,568.1289799700534
6623,0,1,1,500,38,5,15,0.9087103542406112,0.1694229245185852,360.5874034592809,779.3015456154545
6624,0,0,0,164,3,5,26,0.978013844229281,0.1299455715343356,319.44004861017646,656.0969397273996
6625,1,0,0,268,18,7,24,0.8916374130640179,0.9109178960788995,344.7133598229764,718.6706354318517
6626,0,0,0,328,22,3,23,0.6013455470092595,0.32826394867151976,327.7143139034049,663.3066796593337
6627,1,0,0,349,28,3,19,0.6121745223645121,0.048944066278636456,394.6273513361362,852.4106905696183
6628,1,0,0,156,6,4,19,0.7426119421143085,0.6856354165356606,311.140545813833,613.9341564050053
6629,0,1,0,9,19,5,21,0.48323641112074256,0.5905635331291705,256.42984749294436,501.0550657703458
6630,1,0,0,300,20,5,13,0.4666645280085504,0.9181476451922208,334.427119937107,541.5138023286142
6631,0,0,0,29,23,3,18,0.03834434738382697,0.6661178111098707,295.97863940443983,568.7279671712902
6632,0,0,0,365,48,4,19,0.6061688305344433,0.4517896354664117,351.6645085751821,716.9206011422
6633,1,0,0,246,19,6,19,0.48323641112074256,0.5905635331291705,312.568866921007,556.6456702431849
6634,0,0,1,394,42,5,28,0.5309706551488489,0.07851310959085822,251.48918380019055,529.589633623206
6635,0,1,1,184,28,3,25,0.6121745223645121,0.048944066278636456,355.0340379862916,652.8630753207345
6636,0,0,0,338,7,3,26,0.9787284394260496,0.14397736149840057,322.95719288281606,614.0119360622157
6637,0,0,1,43,31,4,16,0.46977853984571993,0.7659584856592119,220.953156007519,433.31945941001817
6638,0,1,0,419,15,5,23,0.21112623764202,0.9238038510084152,287.4472394150158,535.8828339868679
6639,0,1,0,133,20,7,11,0.4666645280085504,0.9181476451922208,286.72307723693984,590.9823649575898
6640,0,0,1,119,29,3,20,0.5533483980689198,0.980351353995502,321.3813150541318,622.4928427773795
6641,0,0,0,36,41,6,20,0.24443748919293284,0.13247077818959951,243.82377698012652,577.838524774498
6642,0,0,1,489,18,5,26,0.8916374130640179,0.9109178960788995,276.9238103782925,560.6174526711523
6643,0,1,0,485,38,5,21,0.9087103542406112,0.1694229245185852,319.7654881070589,550.8265632341456
6644,0,0,0,448,30,4,15,0.8535007652826607,0.9145373487845063,269.3486444628142,571.1605083210391
6645,1,0,1,197,29,8,24,0.5533483980689198,0.980351353995502,280.40171967155504,624.284988538869
6646,0,1,0,390,6,6,25,0.7426119421143085,0.6856354165356606,339.89598462083325,744.665009604717
6647,1,0,0,471,35,5,20,0.6349153537303209,0.31414990592747927,289.3652345972436,571.0659615929105
6648,1,0,1,365,48,4,19,0.6061688305344433,0.4517896354664117,324.19692161887514,611.2183588121641
6649,0,0,0,100,39,5,21,0.7841161577962339,0.6968751777894795,274.2021864714128,480.1711145798648
6650,1,0,1,20,30,6,26,0.8535007652826607,0.9145373487845063,328.8580222123676,629.8588616453534
6651,0,0,0,479,31,4,20,0.46977853984571993,0.7659584856592119,234.10128774216332,407.60451978658637
6652,0,1,0,434,4,5,20,0.20132735022343695,0.74613202130422,269.1979034242439,561.062611179265
6653,1,0,0,18,48,5,30,0.6061688305344433,0.4517896354664117,313.82372563563683,676.203673450116
6654,0,1,1,473,9,5,11,0.013315835734829307,0.08963611628860235,289.6680509259241,501.84334370342026
6655,0,1,0,181,37,7,22,0.28013089881278574,0.967524380190298,302.50278688203764,602.6580545487259
6656,1,0,0,22,31,2,14,0.46977853984571993,0.7659584856592119,314.57918842067056,623.2314163068886
6657,0,1,1,232,21,8,29,0.9842240803409368,0.6037942769471556,336.79268274497645,617.811155597331
6658,0,1,0,376,36,2,28,0.49425172130577266,0.7565638932865113,303.64235681747044,560.3904172237098
6659,0,1,0,459,48,4,11,0.6061688305344433,0.4517896354664117,310.1061536778001,593.4551011539564
6660,0,0,1,394,42,5,28,0.5309706551488489,0.07851310959085822,228.11970066147953,469.56595604249594
6661,0,0,1,263,39,5,14,0.7841161577962339,0.6968751777894795,270.15181947813784,421.27387727912895
6662,0,1,1,462,27,3,11,0.042702050879597664,0.5714270058088005,268.6874411250289,537.8430701117863
6663,0,0,0,65,43,10,24,0.11839594203047454,0.37822385248728096,280.5071432728904,451.8147502263544
6664,0,1,0,378,16,9,18,0.8112564436160028,0.26610612077638507,290.8731278477581,496.7202636571923
6665,0,0,0,262,23,5,27,0.03834434738382697,0.6661178111098707,279.4104206863797,509.03504680687047
6666,0,0,0,219,36,5,23,0.49425172130577266,0.7565638932865113,265.59426124039646,536.4554339103512
6667,0,0,1,497,42,5,19,0.5309706551488489,0.07851310959085822,299.3323147508049,662.538951207957
6668,0,0,0,345,19,3,33,0.48323641112074256,0.5905635331291705,313.5643243518583,606.3100300701946
6669,0,1,1,285,29,4,24,0.5533483980689198,0.980351353995502,302.2922477927678,693.1979984633142
6670,1,0,0,345,19,3,33,0.48323641112074256,0.5905635331291705,289.3259499945069,636.3699545739795
6671,0,1,1,364,49,6,18,0.5121942616533488,0.6461082133464515,337.611481643836,592.6432577809587
6672,0,0,1,307,7,7,27,0.9787284394260496,0.14397736149840057,353.50047540613343,784.1688832003872
6673,1,1,0,473,9,5,11,0.013315835734829307,0.08963611628860235,299.71891436325456,552.7476930263629
6674,0,0,1,329,6,3,18,0.7426119421143085,0.6856354165356606,361.7001750718448,669.5450098485918
6675,0,0,1,177,19,5,23,0.48323641112074256,0.5905635331291705,290.01617747103796,628.1045313140072
6676,1,1,0,66,43,4,21,0.11839594203047454,0.37822385248728096,309.59260661033886,669.5904580297654
6677,0,0,0,131,28,5,19,0.6121745223645121,0.048944066278636456,333.1960289648086,767.2356075420361
6678,0,0,1,43,31,4,16,0.46977853984571993,0.7659584856592119,289.4146407049852,558.7795514876343
6679,0,1,1,289,12,4,23,0.016379052540287375,0.8120638781692833,274.4934821383083,626.6201601059514
6680,0,1,0,174,37,8,22,0.28013089881278574,0.967524380190298,282.31315115670174,586.9591398016046
6681,0,0,0,174,37,8,22,0.28013089881278574,0.967524380190298,343.5773555373696,711.2533148971459
6682,0,0,0,14,25,5,22,0.8063855252694339,0.0688752664718777,282.11591413127326,574.9787315513552
6683,0,0,0,10,19,2,22,0.48323641112074256,0.5905635331291705,308.3105508599607,598.7072322381101
6684,1,0,0,260,10,4,22,0.25994612858630717,0.03773271921090782,333.18478474482987,594.6333093753535
6685,1,0,0,406,32,6,19,0.39761656103655696,0.7758463725913316,321.3833242195324,604.2399960524572
6686,0,0,0,125,38,5,23,0.9087103542406112,0.1694229245185852,348.4989916404534,730.5833747589274
6687,0,1,0,82,27,3,27,0.042702050879597664,0.5714270058088005,249.1126597130239,552.8043724022607
6688,0,1,1,353,8,6,23,0.49811370903626084,0.8910799578297883,268.9381431557119,541.9325572307364
6689,1,1,1,337,6,7,22,0.7426119421143085,0.6856354165356606,294.9401006753782,710.558383769964
6690,0,0,0,372,13,4,16,0.09574478422291577,0.2606025456916541,293.0758497317402,592.4522784116814
6691,0,0,1,231,38,5,14,0.9087103542406112,0.1694229245185852,369.76685972477003,751.373332062572
6692,0,1,0,304,50,4,18,0.9892466596793383,0.7492987331934273,366.92891637962146,664.3292844510519
6693,0,0,1,99,42,5,22,0.5309706551488489,0.07851310959085822,250.70409713635706,557.5415935274576
6694,0,0,0,352,26,9,23,0.26668567629531026,0.7934630094096065,324.5939635427772,616.6221702835154
6695,0,0,0,152,17,4,17,0.03654719586484134,0.2661329871043563,223.3561058992244,481.0739551877463
6696,0,0,0,12,1,3,22,0.774368490325287,0.06913358555175364,361.9986251900346,789.4578142763391
6697,0,0,1,499,13,5,16,0.09574478422291577,0.2606025456916541,275.44995340707413,529.2212129915098
6698,1,0,0,480,47,2,22,0.3773106967564672,0.7403151453472674,287.6833453268516,642.7404341655588
6699,0,0,1,483,6,6,23,0.7426119421143085,0.6856354165356606,321.91393405943575,681.8038282501125
6700,1,0,0,201,35,2,21,0.6349153537303209,0.31414990592747927,354.53532060055693,703.7730347156984
6701,0,1,0,460,32,4,23,0.39761656103655696,0.7758463725913316,268.62170538089674,593.7250783660983
6702,0,0,0,113,29,5,24,0.5533483980689198,0.980351353995502,309.72930079745475,706.6016805548029
6703,1,1,0,418,5,2,19,0.36124442727304995,0.0388791817240417,270.42137590898466,609.7812821593492
6704,0,0,0,2,8,3,15,0.49811370903626084,0.8910799578297883,221.18432543940935,577.3768289816453
6705,0,0,0,125,38,5,23,0.9087103542406112,0.1694229245185852,298.67368909252065,686.3147777218816
6706,0,0,0,98,43,0,23,0.11839594203047454,0.37822385248728096,250.75229344166274,485.31150537049075
6707,0,0,1,242,41,5,15,0.24443748919293284,0.13247077818959951,271.9494565620381,595.421853751384
6708,1,0,0,328,22,3,23,0.6013455470092595,0.32826394867151976,305.6040699494277,517.2433036461771
6709,0,0,0,170,40,4,22,0.5589970224536955,0.8726507888641208,292.698172062702,569.9427194720735
6710,1,1,0,255,19,5,19,0.48323641112074256,0.5905635331291705,325.00856351651294,655.3234938549726
6711,0,0,1,41,11,5,27,0.775893080746755,0.774874358670786,295.9284906074694,705.4233161559766
6712,0,1,1,257,4,7,24,0.20132735022343695,0.74613202130422,213.83034044229822,552.6478507806256
6713,1,0,0,27,35,3,22,0.6349153537303209,0.31414990592747927,304.85597161241185,572.1812265498611
6714,0,1,1,261,35,5,19,0.6349153537303209,0.31414990592747927,342.5087531667248,665.9331368139227
6715,0,0,0,173,33,8,23,0.8046367336064577,0.31251504993997514,343.13869767157723,643.1720602159921
6716,0,1,0,341,34,3,16,0.5088973850943148,0.8422173084691167,284.56418320113056,534.1622585922079
6717,0,0,0,214,15,4,20,0.21112623764202,0.9238038510084152,244.0294012345607,541.8859974105974
6718,1,0,0,204,45,11,19,0.8977528435643762,0.5364251248538494,386.0495353024329,718.1808402336914
6719,0,1,0,333,1,2,36,0.774368490325287,0.06913358555175364,331.5609187409944,570.904529060982
6720,0,0,1,47,33,7,27,0.8046367336064577,0.31251504993997514,275.1350880551787,691.7667979867413
6721,0,0,1,52,33,9,17,0.8046367336064577,0.31251504993997514,394.6117588028538,794.1321088111911
6722,0,0,0,257,4,7,24,0.20132735022343695,0.74613202130422,263.53211660111594,594.6193506071314
6723,0,0,0,294,50,9,17,0.9892466596793383,0.7492987331934273,338.88702314039324,691.1112237096349
6724,0,0,0,298,10,2,20,0.25994612858630717,0.03773271921090782,274.18139393108044,504.8424925254824
6725,0,1,0,395,50,3,23,0.9892466596793383,0.7492987331934273,302.4672126738631,558.3244842282079
6726,0,0,0,121,30,7,24,0.8535007652826607,0.9145373487845063,323.69877167045667,692.1681994243975
6727,0,0,0,219,36,5,23,0.49425172130577266,0.7565638932865113,255.14498996871123,586.8416485518279
6728,0,0,0,135,9,4,17,0.013315835734829307,0.08963611628860235,222.76824106714795,454.5288520071788
6729,0,0,0,444,16,3,16,0.8112564436160028,0.26610612077638507,292.3236272876794,493.79535358726474
6730,1,1,0,97,23,10,28,0.03834434738382697,0.6661178111098707,306.44973876146565,630.8816839988747
6731,0,1,1,161,41,3,18,0.24443748919293284,0.13247077818959951,275.5529920885475,544.2204720272846
6732,0,1,1,91,32,3,18,0.39761656103655696,0.7758463725913316,274.34810085517927,576.6885378868913
6733,0,0,0,441,21,3,18,0.9842240803409368,0.6037942769471556,288.84505720725474,522.6866212490069
6734,1,1,0,294,50,9,17,0.9892466596793383,0.7492987331934273,394.14109201507085,788.0727948736072
6735,0,1,1,226,21,9,24,0.9842240803409368,0.6037942769471556,359.01614106102846,714.291831128321
6736,0,0,0,394,42,5,28,0.5309706551488489,0.07851310959085822,273.65389814979125,660.4132096186543
6737,0,1,0,105,2,7,12,0.19722419138997793,0.08462062571197748,275.2719127833989,558.4922777004963
6738,0,0,1,241,49,4,22,0.5121942616533488,0.6461082133464515,303.10553639782734,666.0345833771222
6739,0,0,0,184,28,3,25,0.6121745223645121,0.048944066278636456,332.57684808425887,591.6257180177513
6740,0,0,1,384,7,4,21,0.9787284394260496,0.14397736149840057,371.36050618936423,659.0765663529254
6741,1,0,0,155,33,3,20,0.8046367336064577,0.31251504993997514,342.198179386456,657.6622079798788
6742,0,0,0,318,34,3,21,0.5088973850943148,0.8422173084691167,231.8821546515689,446.66009092572796
6743,1,1,0,98,43,0,23,0.11839594203047454,0.37822385248728096,315.8666274502639,630.1660705252564
6744,0,1,1,376,36,2,28,0.49425172130577266,0.7565638932865113,317.0736627439586,661.1404043706839
6745,0,0,0,217,30,6,25,0.8535007652826607,0.9145373487845063,334.2786423416012,686.0947101896026
6746,1,0,1,187,47,3,20,0.3773106967564672,0.7403151453472674,315.34206365415844,641.0042991156308
6747,0,0,0,8,25,5,23,0.8063855252694339,0.0688752664718777,302.7091908790956,610.206153530992
6748,0,1,0,234,22,8,19,0.6013455470092595,0.32826394867151976,293.05948994819516,606.395407802506
6749,1,0,1,37,7,7,18,0.9787284394260496,0.14397736149840057,321.521753176742,578.8390412828443
6750,0,0,1,493,13,6,22,0.09574478422291577,0.2606025456916541,237.3315502450837,518.4628309639645
6751,1,1,0,491,39,7,21,0.7841161577962339,0.6968751777894795,348.19719393459854,714.8163706925433
6752,0,0,1,310,29,6,16,0.5533483980689198,0.980351353995502,302.07713922430344,592.8080409563056
6753,0,0,0,5,49,2,15,0.5121942616533488,0.6461082133464515,317.95409882845644,644.1692825204917
6754,1,1,0,82,27,3,27,0.042702050879597664,0.5714270058088005,294.61916825294537,542.3726277576443
6755,0,0,0,182,25,7,21,0.8063855252694339,0.0688752664718777,338.8453498507001,607.7348650066683
6756,1,0,0,471,35,5,20,0.6349153537303209,0.31414990592747927,279.554947037743,567.4680535981173
6757,0,0,1,39,26,5,12,0.26668567629531026,0.7934630094096065,256.0100438607855,577.6236554797752
6758,1,0,1,15,37,6,21,0.28013089881278574,0.967524380190298,318.5658029254532,719.3053435083785
6759,0,1,0,97,23,10,28,0.03834434738382697,0.6661178111098707,267.4182934428379,566.3164059251474
6760,0,1,1,70,25,7,23,0.8063855252694339,0.0688752664718777,316.7417165540529,597.1506575434366
6761,0,0,1,346,41,8,26,0.24443748919293284,0.13247077818959951,249.0922849763082,478.89506009445194
6762,0,0,1,57,24,5,24,0.14149569114670157,0.8747874984983355,266.81448718191604,484.71648250501204
6763,1,1,1,23,33,2,15,0.8046367336064577,0.31251504993997514,394.9545183899148,788.8747941386537
6764,0,0,0,183,29,6,19,0.5533483980689198,0.980351353995502,235.60016095510778,590.2159684676143
6765,1,1,0,112,19,5,30,0.48323641112074256,0.5905635331291705,391.40902944063214,754.0323354074319
6766,0,0,1,109,27,2,33,0.042702050879597664,0.5714270058088005,190.6358631144965,491.7366561106715
6767,0,1,1,187,47,3,20,0.3773106967564672,0.7403151453472674,265.5111425093518,622.8192551735877
6768,0,1,1,445,38,9,16,0.9087103542406112,0.1694229245185852,314.98971512081135,746.1725311146364
6769,0,1,1,95,28,3,17,0.6121745223645121,0.048944066278636456,325.31719827017747,641.8558800129388
6770,0,0,0,256,10,9,27,0.25994612858630717,0.03773271921090782,220.28269376889142,491.8716021658933
6771,0,1,0,282,36,9,21,0.49425172130577266,0.7565638932865113,259.0662056430466,527.7192433549232
6772,0,0,1,393,20,2,24,0.4666645280085504,0.9181476451922208,219.07958776135598,408.6505254461152
6773,1,0,1,162,31,3,23,0.46977853984571993,0.7659584856592119,299.98552589588115,553.4556435965436
6774,0,1,0,480,47,2,22,0.3773106967564672,0.7403151453472674,261.19744190589165,547.0177909762349
6775,0,0,0,71,45,6,18,0.8977528435643762,0.5364251248538494,309.5503895377474,601.4669775938445
6776,0,0,0,82,27,3,27,0.042702050879597664,0.5714270058088005,222.41592241594495,497.3860292192686
6777,0,1,0,333,1,2,36,0.774368490325287,0.06913358555175364,279.0390940727188,558.6459674108679
6778,0,0,0,277,48,5,24,0.6061688305344433,0.4517896354664117,328.69441071855374,666.1139945350122
6779,0,1,1,389,10,7,21,0.25994612858630717,0.03773271921090782,267.9743122990336,564.7456395644415
6780,0,1,0,80,19,3,18,0.48323641112074256,0.5905635331291705,305.7294808429886,523.3410669841714
6781,0,1,0,179,28,1,17,0.6121745223645121,0.048944066278636456,316.00870409991677,554.790073084891
6782,0,0,0,439,17,6,23,0.03654719586484134,0.2661329871043563,255.6216065109409,586.6219102577445
6783,0,0,1,1,25,1,21,0.8063855252694339,0.0688752664718777,314.26872869332254,543.6252069081835
6784,0,0,0,283,49,3,20,0.5121942616533488,0.6461082133464515,268.0517673588301,550.8165577017512
6785,1,0,1,20,30,6,26,0.8535007652826607,0.9145373487845063,369.6294729891333,731.8841552335086
6786,0,0,0,180,29,2,19,0.5533483980689198,0.980351353995502,284.42957102764876,592.9413556308809
6787,0,0,0,344,50,7,16,0.9892466596793383,0.7492987331934273,312.394744006245,580.486397326638
6788,0,0,1,412,18,5,29,0.8916374130640179,0.9109178960788995,282.64845124118204,595.5284296849846
6789,0,0,1,373,13,8,16,0.09574478422291577,0.2606025456916541,261.86470246149815,562.6721107701699
6790,0,0,1,323,27,9,11,0.042702050879597664,0.5714270058088005,251.63957358258827,552.6251597254494
6791,0,1,0,210,49,6,20,0.5121942616533488,0.6461082133464515,285.73821686479516,596.538825504505
6792,0,1,0,449,33,4,24,0.8046367336064577,0.31251504993997514,343.02354036060785,742.7359426333396
6793,1,0,1,188,41,1,18,0.24443748919293284,0.13247077818959951,283.39965526422037,552.5452922778128
6794,1,0,0,414,39,3,29,0.7841161577962339,0.6968751777894795,356.123904815234,676.1685271798292
6795,0,1,1,393,20,2,24,0.4666645280085504,0.9181476451922208,294.875908476567,587.8421975896099
6796,0,0,0,36,41,6,20,0.24443748919293284,0.13247077818959951,210.55144212124858,411.2049115101164
6797,0,1,0,452,6,5,16,0.7426119421143085,0.6856354165356606,261.8031791422383,594.9416163206713
6798,0,0,1,42,48,5,20,0.6061688305344433,0.4517896354664117,343.2791529267779,757.1859819500189
6799,1,1,0,464,41,4,26,0.24443748919293284,0.13247077818959951,321.60589920183565,587.7616456635274
6800,0,0,1,340,14,2,21,0.14216354000382125,0.6515949983149767,247.61503637682293,571.236265124366
6801,1,1,0,60,35,5,21,0.6349153537303209,0.31414990592747927,348.0628152931536,663.4046746363343
6802,1,0,0,263,39,5,14,0.7841161577962339,0.6968751777894795,299.4746201764478,656.2235324945055
6803,0,0,0,146,8,6,22,0.49811370903626084,0.8910799578297883,326.22144832674724,588.5593200979815
6804,0,1,0,304,50,4,18,0.9892466596793383,0.7492987331934273,310.3329269682847,596.1620284429376
6805,1,0,0,169,39,3,31,0.7841161577962339,0.6968751777894795,360.73423493758423,735.7892424408362
6806,0,0,0,393,20,2,24,0.4666645280085504,0.9181476451922208,289.2932554044062,486.2063663664361
6807,0,0,1,157,46,8,28,0.7385737628210336,0.10853192373178899,333.95579139957465,662.5877187462487
6808,0,1,0,413,8,3,18,0.49811370903626084,0.8910799578297883,307.24285560016915,573.4414680333293
6809,0,0,0,187,47,3,20,0.3773106967564672,0.7403151453472674,269.4511229807635,576.5911511628952
6810,0,0,1,78,6,6,20,0.7426119421143085,0.6856354165356606,283.46172428490706,511.0770911966559
6811,0,0,1,238,18,3,14,0.8916374130640179,0.9109178960788995,250.48930217973256,536.0083639747104
6812,0,0,0,180,29,2,19,0.5533483980689198,0.980351353995502,316.5302933653585,601.2396103846428
6813,1,0,0,375,19,5,22,0.48323641112074256,0.5905635331291705,349.6929056101007,732.7093034463556
6814,0,0,0,441,21,3,18,0.9842240803409368,0.6037942769471556,315.70240606062237,672.8359643943405
6815,0,0,1,162,31,3,23,0.46977853984571993,0.7659584856592119,302.2174288982336,588.653706203077
6816,0,1,0,215,33,8,15,0.8046367336064577,0.31251504993997514,294.8754202765059,635.0063053830794
6817,1,0,1,30,47,1,23,0.3773106967564672,0.7403151453472674,267.80483810839934,475.9761229075825
6818,0,1,1,376,36,2,28,0.49425172130577266,0.7565638932865113,282.62620469053803,552.6077657121642
6819,1,0,0,34,14,5,15,0.14216354000382125,0.6515949983149767,330.7450533768165,634.3698029412365
6820,0,1,0,213,41,2,27,0.24443748919293284,0.13247077818959951,243.19610625056345,497.7135345660605
6821,0,0,1,138,14,5,17,0.14216354000382125,0.6515949983149767,227.04501584795455,475.6020781726763
6822,0,1,0,252,21,2,17,0.9842240803409368,0.6037942769471556,374.07077079936676,713.5755072768716
6823,0,1,0,73,22,3,22,0.6013455470092595,0.32826394867151976,323.5647409396218,674.2780320018685
6824,0,0,0,469,50,7,28,0.9892466596793383,0.7492987331934273,284.04755443180494,530.5451063346698
6825,0,0,0,216,36,4,27,0.49425172130577266,0.7565638932865113,278.58827546918707,525.6476684965726
6826,0,1,1,295,4,3,28,0.20132735022343695,0.74613202130422,270.80642811552343,554.0818920769548
6827,1,0,0,216,36,4,27,0.49425172130577266,0.7565638932865113,283.4141988809581,601.1540403862965
6828,1,0,0,321,22,4,14,0.6013455470092595,0.32826394867151976,375.1528238094159,692.3114898077422
6829,0,0,0,189,1,9,26,0.774368490325287,0.06913358555175364,290.2705652554014,675.1447129655826
6830,0,0,1,419,15,5,23,0.21112623764202,0.9238038510084152,252.40851058970534,668.8306628465139
6831,0,0,0,444,16,3,16,0.8112564436160028,0.26610612077638507,294.9444589553207,597.6316793505644
6832,1,0,0,292,46,4,21,0.7385737628210336,0.10853192373178899,319.01480975361716,680.143272267718
6833,0,1,0,77,7,4,25,0.9787284394260496,0.14397736149840057,349.0860421947114,698.2787624257902
6834,0,0,1,191,34,6,11,0.5088973850943148,0.8422173084691167,251.48508998129915,597.7796041526584
6835,0,0,0,63,47,5,28,0.3773106967564672,0.7403151453472674,259.72791311178963,484.26101017289375
6836,0,1,1,111,31,6,19,0.46977853984571993,0.7659584856592119,352.25800485148744,652.2831845518554
6837,1,0,0,432,12,6,22,0.016379052540287375,0.8120638781692833,254.28642591322287,533.1534591621988
6838,0,1,1,18,48,5,30,0.6061688305344433,0.4517896354664117,317.0294238772656,561.0721466610387
6839,0,0,0,457,49,5,22,0.5121942616533488,0.6461082133464515,228.79643294224638,466.5472887930265
6840,0,0,0,477,14,4,25,0.14216354000382125,0.6515949983149767,263.843422654946,539.7826853183304
6841,0,1,0,125,38,5,23,0.9087103542406112,0.1694229245185852,294.48185830652835,594.2239008275033
6842,0,0,0,361,8,4,20,0.49811370903626084,0.8910799578297883,227.42585995130344,520.1402485601053
6843,1,0,1,148,48,3,17,0.6061688305344433,0.4517896354664117,357.0081843087167,703.4420624168246
6844,0,0,0,91,32,3,18,0.39761656103655696,0.7758463725913316,232.51896072609676,541.2189729133065
6845,1,0,1,225,9,7,22,0.013315835734829307,0.08963611628860235,242.6920652716709,488.89747286809364
6846,0,0,1,134,40,8,18,0.5589970224536955,0.8726507888641208,314.5423766244628,722.9162210530758
6847,0,0,1,445,38,9,16,0.9087103542406112,0.1694229245185852,241.83220683726722,639.534896430296
6848,0,0,0,85,19,3,27,0.48323641112074256,0.5905635331291705,233.38171401451316,520.8179596887671
6849,1,0,0,389,10,7,21,0.25994612858630717,0.03773271921090782,305.490460894607,627.3037224603885
6850,0,0,1,371,44,3,15,0.9833834334276617,0.5796247583348304,312.36155540348415,565.9844954074463
6851,0,0,0,146,8,6,22,0.49811370903626084,0.8910799578297883,244.23760288279072,500.81097589431766
6852,1,0,0,183,29,6,19,0.5533483980689198,0.980351353995502,297.3656734097762,604.3370836577727
6853,0,0,0,407,15,6,19,0.21112623764202,0.9238038510084152,224.7095387468673,595.7418565631441
6854,0,1,1,426,42,5,11,0.5309706551488489,0.07851310959085822,287.85073028929077,536.0484731453729
6855,0,0,1,7,47,3,17,0.3773106967564672,0.7403151453472674,290.9041538310824,662.8534987016831
6856,0,0,1,442,50,4,19,0.9892466596793383,0.7492987331934273,304.71859646084164,679.6014988096662
6857,0,0,1,299,8,4,18,0.49811370903626084,0.8910799578297883,257.48317496399034,586.08949188982206
6858,0,1,0,33,9,8,21,0.013315835734829307,0.08963611628860235,235.64085263678948,493.75499678258615
6859,1,0,1,137,50,2,14,0.9892466596793383,0.7492987331934273,322.22955454823955,643.4897349338619
6860,0,0,0,483,6,6,23,0.7426119421143085,0.6856354165356606,328.31830356364657,702.8990814043792
6861,0,0,0,273,48,9,24,0.6061688305344433,0.4517896354664117,278.2865090307093,582.1692313630047
6862,0,1,1,164,3,5,26,0.978013844229281,0.1299455715343356,347.0444130991937,613.6884791819283
6863,0,1,1,50,50,4,23,0.9892466596793383,0.7492987331934273,336.3077603272201,674.1513058774792
6864,0,0,0,49,1,5,20,0.774368490325287,0.06913358555175364,345.5581806714763,692.6861963944108
6865,0,0,1,283,49,3,20,0.5121942616533488,0.6461082133464515,233.4931966722778,468.439278971404
6866,0,0,0,470,39,5,22,0.7841161577962339,0.6968751777894795,304.1816380722094,603.9814096351597
6867,0,0,0,157,46,8,28,0.7385737628210336,0.10853192373178899,295.89336238143665,619.4641048210964
6868,0,0,0,485,38,5,21,0.9087103542406112,0.1694229245185852,316.93725467871644,673.68003442035
6869,0,0,1,238,18,3,14,0.8916374130640179,0.9109178960788995,317.6010806610199,651.1893251274558
6870,0,0,0,433,23,8,29,0.03834434738382697,0.6661178111098707,306.0983675282289,708.7427066995575
6871,0,0,1,92,32,3,21,0.39761656103655696,0.7758463725913316,275.11378062688823,668.2659722521078
6872,1,0,0,113,29,5,24,0.5533483980689198,0.980351353995502,294.5279558313217,664.5043994424427
6873,0,0,0,411,5,4,17,0.36124442727304995,0.0388791817240417,267.1449546289064,543.5997525990665
6874,1,1,0,290,39,0,22,0.7841161577962339,0.6968751777894795,258.5693899758344,518.8307874158935
6875,0,0,0,379,27,7,22,0.042702050879597664,0.5714270058088005,313.1255802796965,605.0204884242063
6876,1,0,0,261,35,5,19,0.6349153537303209,0.31414990592747927,310.16511556548477,550.0014866244102
6877,0,0,0,293,43,3,32,0.11839594203047454,0.37822385248728096,261.79576103935614,493.4708768375334
6878,0,0,1,298,10,2,20,0.25994612858630717,0.03773271921090782,313.1329180186485,619.2506037293764
6879,1,0,0,399,24,2,14,0.14149569114670157,0.8747874984983355,315.92494216179165,575.3964267896005
6880,0,1,0,136,23,6,20,0.03834434738382697,0.6661178111098707,276.4239335004237,557.7818922995779
6881,0,0,0,226,21,9,24,0.9842240803409368,0.6037942769471556,357.57804238224276,736.4752547876946
6882,1,0,0,167,21,6,21,0.9842240803409368,0.6037942769471556,349.27651393273146,647.2241397237871
6883,1,0,0,18,48,5,30,0.6061688305344433,0.4517896354664117,373.7707727772895,761.5152999958736
6884,1,0,1,281,37,4,27,0.28013089881278574,0.967524380190298,318.28158429069606,678.9874952140294
6885,0,0,0,477,14,4,25,0.14216354000382125,0.6515949983149767,260.5379773919201,478.57689788601624
6886,0,0,1,240,17,8,20,0.03654719586484134,0.2661329871043563,254.21654471119342,490.8649885098469
6887,1,0,0,195,38,7,15,0.9087103542406112,0.1694229245185852,331.0875957379619,685.5817734233857
6888,0,0,0,259,39,3,28,0.7841161577962339,0.6968751777894795,225.47327720371948,464.2941802011003
6889,0,0,0,305,28,5,17,0.6121745223645121,0.048944066278636456,327.40211148950726,629.7533887691798
6890,0,1,0,1,25,1,21,0.8063855252694339,0.0688752664718777,238.5662902380128,489.3677173901448
6891,0,0,0,165,13,5,14,0.09574478422291577,0.2606025456916541,267.2673665554892,525.5199783952805
6892,0,0,1,482,42,5,19,0.5309706551488489,0.07851310959085822,291.01404634055615,598.4620775386189
6893,1,1,1,179,28,1,17,0.6121745223645121,0.048944066278636456,373.88971907079593,739.1656521251825
6894,1,0,0,392,47,7,15,0.3773106967564672,0.7403151453472674,330.5462800432701,726.6703394606833
6895,0,1,1,192,2,10,19,0.19722419138997793,0.08462062571197748,197.54313339736487,446.0003301618255
6896,0,0,1,179,28,1,17,0.6121745223645121,0.048944066278636456,317.3812840990568,633.616822935317
6897,0,1,0,53,19,10,11,0.48323641112074256,0.5905635331291705,317.9413560364672,593.3730684208639
6898,0,1,0,466,29,6,18,0.5533483980689198,0.980351353995502,316.77642497783035,695.6360770706515
6899,1,0,0,445,38,9,16,0.9087103542406112,0.1694229245185852,267.16473816529776,691.4564784800996
6900,0,1,0,307,7,7,27,0.9787284394260496,0.14397736149840057,297.901603261416,610.3130632642227
6901,0,0,1,354,38,3,27,0.9087103542406112,0.1694229245185852,305.7302588012474,564.658884805317
6902,0,0,0,121,30,7,24,0.8535007652826607,0.9145373487845063,366.2936453060489,733.8431285775351
6903,0,0,1,94,32,2,21,0.39761656103655696,0.7758463725913316,287.8162100251245,638.4468279557002
6904,0,0,0,352,26,9,23,0.26668567629531026,0.7934630094096065,275.32120521942846,573.718378033079
6905,0,0,0,267,45,6,15,0.8977528435643762,0.5364251248538494,285.2654159073018,580.6626531971912
6906,0,0,0,352,26,9,23,0.26668567629531026,0.7934630094096065,242.30907059847772,397.19283753693554
6907,0,0,0,277,48,5,24,0.6061688305344433,0.4517896354664117,294.28120134245944,710.8576484439799
6908,0,0,0,190,10,7,25,0.25994612858630717,0.03773271921090782,304.0646928636272,551.6309323438002
6909,0,1,0,235,1,5,19,0.774368490325287,0.06913358555175364,365.5044822616262,752.2245155484468
6910,1,1,0,308,30,6,25,0.8535007652826607,0.9145373487845063,393.17697371249614,680.7916284791875
6911,0,0,1,330,24,3,29,0.14149569114670157,0.8747874984983355,248.69629612505096,509.3574248194395
6912,0,0,0,81,43,4,20,0.11839594203047454,0.37822385248728096,228.04037525766168,438.7725393359742
6913,0,0,0,461,14,5,18,0.14216354000382125,0.6515949983149767,265.41510997176204,520.2416914458765
6914,0,0,0,65,43,10,24,0.11839594203047454,0.37822385248728096,249.29578986813982,534.0678526548728
6915,1,0,1,131,28,5,19,0.6121745223645121,0.048944066278636456,314.13477859777606,688.4916986010716
6916,1,0,0,473,9,5,11,0.013315835734829307,0.08963611628860235,310.54799705615255,645.2667973000848
6917,0,0,0,100,39,5,21,0.7841161577962339,0.6968751777894795,341.7623037850924,711.6518219102318
6918,0,0,0,352,26,9,23,0.26668567629531026,0.7934630094096065,300.98491542094376,621.3789573616538
6919,0,1,1,170,40,4,22,0.5589970224536955,0.8726507888641208,254.37322145800195,529.1404345273137
6920,0,0,0,188,41,1,18,0.24443748919293284,0.13247077818959951,234.8151946215028,517.448370501312
6921,1,0,0,186,36,3,15,0.49425172130577266,0.7565638932865113,335.03494437458943,744.4700554789588
6922,0,0,0,84,31,4,20,0.46977853984571993,0.7659584856592119,308.2703041516387,634.9016707251853
6923,0,0,1,6,41,7,27,0.24443748919293284,0.13247077818959951,310.2050618658956,592.891657103313
6924,0,0,0,449,33,4,24,0.8046367336064577,0.31251504993997514,289.78062310634175,624.2318542417869
6925,0,1,1,458,22,9,18,0.6013455470092595,0.32826394867151976,316.8193482138294,589.2775080493466
6926,0,1,1,483,6,6,23,0.7426119421143085,0.6856354165356606,380.63858754642956,731.6805365087237
6927,0,1,0,371,44,3,15,0.9833834334276617,0.5796247583348304,353.4271886839212,680.3413766056816
6928,1,0,0,387,43,12,24,0.11839594203047454,0.37822385248728096,316.2890805815601,603.9074240423134
6929,1,0,1,339,33,4,20,0.8046367336064577,0.31251504993997514,300.4115616031978,576.7548158218187
6930,0,0,1,466,29,6,18,0.5533483980689198,0.980351353995502,241.85688491736107,495.61567788156606
6931,0,1,0,16,26,3,16,0.26668567629531026,0.7934630094096065,254.25573500934027,601.0248311837643
6932,0,1,1,236,38,4,18,0.9087103542406112,0.1694229245185852,293.553085219243,645.9208990681494
6933,0,0,1,152,17,4,17,0.03654719586484134,0.2661329871043563,223.57345063010246,533.7415852694073
6934,0,0,0,393,20,2,24,0.4666645280085504,0.9181476451922208,214.17305624174122,406.8878956587094
6935,0,0,0,6,41,7,27,0.24443748919293284,0.13247077818959951,291.9592326873691,686.1963362001259
6936,1,1,0,311,9,3,24,0.013315835734829307,0.08963611628860235,316.8411638143366,668.2562413940317
6937,0,0,0,362,27,5,23,0.042702050879597664,0.5714270058088005,271.0391827525014,595.2688548979461
6938,0,0,0,496,41,4,22,0.24443748919293284,0.13247077818959951,269.32987961647666,543.8481607450623
6939,0,0,1,321,22,4,14,0.6013455470092595,0.32826394867151976,259.9878059928789,506.85954869306164
6940,1,1,0,119,29,3,20,0.5533483980689198,0.980351353995502,351.8232700117948,710.9236685895763
6941,1,0,0,227,44,10,24,0.9833834334276617,0.5796247583348304,319.85079692538704,559.5253561767586
6942,0,0,0,500,38,5,15,0.9087103542406112,0.1694229245185852,306.15448028366023,730.4476928275953
6943,0,0,0,198,13,4,20,0.09574478422291577,0.2606025456916541,278.2933731736919,590.7912539236455
6944,0,0,0,285,29,4,24,0.5533483980689198,0.980351353995502,269.18047857014716,478.20774452592406
6945,1,0,1,341,34,3,16,0.5088973850943148,0.8422173084691167,313.172952413,703.2102914466878
6946,0,1,1,66,43,4,21,0.11839594203047454,0.37822385248728096,287.75135450790947,629.5838859663102
6947,0,1,0,57,24,5,24,0.14149569114670157,0.8747874984983355,290.42206529675366,540.1758478550618
6948,0,1,1,154,16,4,23,0.8112564436160028,0.26610612077638507,340.14425333106334,678.6938752007522
6949,0,0,1,268,18,7,24,0.8916374130640179,0.9109178960788995,260.5271369864908,574.0200620767339
6950,0,0,1,12,1,3,22,0.774368490325287,0.06913358555175364,252.02730966940092,477.13360377806697
6951,0,0,0,231,38,5,14,0.9087103542406112,0.1694229245185852,314.69860688034515,604.3817726074965
6952,0,0,0,297,3,8,23,0.978013844229281,0.1299455715343356,317.4442267978442,593.88601995035
6953,0,0,0,122,44,5,21,0.9833834334276617,0.5796247583348304,316.32045357437033,572.166860037043
6954,0,0,0,369,2,4,17,0.19722419138997793,0.08462062571197748,261.6417705302315,441.956829781448
6955,0,0,1,259,39,3,28,0.7841161577962339,0.6968751777894795,272.0848331708083,649.3768697970919
6956,0,0,1,157,46,8,28,0.7385737628210336,0.10853192373178899,338.836089217863,786.6178834964552
6957,0,0,0,122,44,5,21,0.9833834334276617,0.5796247583348304,302.00132224588964,528.778141768349
6958,1,0,0,375,19,5,22,0.48323641112074256,0.5905635331291705,291.2931535676243,739.63817551181
6959,0,0,0,162,31,3,23,0.46977853984571993,0.7659584856592119,252.00892315979405,464.95780506058026
6960,0,1,1,120,1,5,17,0.774368490325287,0.06913358555175364,312.6717196533583,590.7891959154446
6961,0,1,0,437,22,1,25,0.6013455470092595,0.32826394867151976,270.70117896093734,516.57432374505
6962,0,0,0,120,1,5,17,0.774368490325287,0.06913358555175364,316.8115253769655,661.3212354428695
6963,1,0,0,353,8,6,23,0.49811370903626084,0.8910799578297883,305.4411227057149,479.7739893601632
6964,0,0,0,338,7,3,26,0.9787284394260496,0.14397736149840057,344.3324265831721,700.9889425578757
6965,0,0,0,487,47,4,15,0.3773106967564672,0.7403151453472674,245.64785950244644,456.240971322186
6966,0,0,0,282,36,9,21,0.49425172130577266,0.7565638932865113,259.44332485567355,521.9741748326206
6967,0,1,0,9,19,5,21,0.48323641112074256,0.5905635331291705,302.6742249867592,581.9866369326943
6968,0,0,1,464,41,4,26,0.24443748919293284,0.13247077818959951,235.91948827687008,591.3828091162976
6969,0,1,0,22,31,2,14,0.46977853984571993,0.7659584856592119,259.8500970111156,552.2276876717368
6970,0,0,1,154,16,4,23,0.8112564436160028,0.26610612077638507,324.32804964837146,631.3439635754982
6971,0,0,1,297,3,8,23,0.978013844229281,0.1299455715343356,323.21311045584315,623.7867504548362
6972,1,1,0,188,41,1,18,0.24443748919293284,0.13247077818959951,340.59552368706426,748.3818113208005
6973,0,1,0,350,19,4,16,0.48323641112074256,0.5905635331291705,302.3943026463236,661.7485904588408
6974,0,0,1,62,36,2,23,0.49425172130577266,0.7565638932865113,265.1535620283244,626.0628655809447
6975,1,0,0,208,17,5,27,0.03654719586484134,0.2661329871043563,285.0154807653604,564.7181060004202
6976,0,0,0,448,30,4,15,0.8535007652826607,0.9145373487845063,305.88414705586194,685.413013461362
6977,0,0,0,365,48,4,19,0.6061688305344433,0.4517896354664117,308.52936208801054,613.8985159555679
6978,0,0,0,338,7,3,26,0.9787284394260496,0.14397736149840057,307.01853984957194,525.4432031810251
6979,0,0,0,399,24,2,14,0.14149569114670157,0.8747874984983355,258.11213270150523,537.537719617258
6980,0,1,0,178,47,4,18,0.3773106967564672,0.7403151453472674,282.3090187077459,587.3188737169176
6981,0,0,1,360,29,7,33,0.5533483980689198,0.980351353995502,293.76962428584005,617.7159938616809
6982,0,0,1,475,16,6,19,0.8112564436160028,0.26610612077638507,333.5823159559703,761.5608764968497
6983,0,1,1,170,40,4,22,0.5589970224536955,0.8726507888641208,322.86240260979196,685.4380502719565
6984,0,1,1,337,6,7,22,0.7426119421143085,0.6856354165356606,320.7679469696078,549.2441737217471
6985,0,0,0,306,46,5,21,0.7385737628210336,0.10853192373178899,315.0619174857198,637.5405497841645
6986,1,0,0,402,2,6,20,0.19722419138997793,0.08462062571197748,275.3540253325396,590.6400158774877
6987,0,0,1,381,4,6,21,0.20132735022343695,0.74613202130422,259.7831033950498,507.6835782739596
6988,1,0,0,234,22,8,19,0.6013455470092595,0.32826394867151976,318.8195888338722,686.8803295733766
6989,0,0,1,15,37,6,21,0.28013089881278574,0.967524380190298,311.5739809537167,594.7424575822905
6990,0,0,1,298,10,2,20,0.25994612858630717,0.03773271921090782,244.30707067080834,514.1191803819498
6991,0,0,0,247,48,5,18,0.6061688305344433,0.4517896354664117,289.915871705393,590.8748451229303
6992,0,0,0,390,6,6,25,0.7426119421143085,0.6856354165356606,271.65250925053255,503.67048545259377
6993,1,1,0,56,18,3,28,0.8916374130640179,0.9109178960788995,321.6286294732033,707.658908507035
6994,0,0,0,454,31,9,17,0.46977853984571993,0.7659584856592119,251.55579972969292,469.5113044757977
6995,0,0,0,146,8,6,22,0.49811370903626084,0.8910799578297883,293.0218368838362,542.1398722960558
6996,0,1,1,158,19,2,24,0.48323641112074256,0.5905635331291705,291.81892974370635,702.0092404286495
6997,0,0,1,469,50,7,28,0.9892466596793383,0.7492987331934273,273.5487580200737,565.0953074002049
6998,0,0,0,323,27,9,11,0.042702050879597664,0.5714270058088005,220.65078553439864,490.7804687701756
6999,1,0,1,74,43,6,13,0.11839594203047454,0.37822385248728096,242.71925984892988,558.8944174467341
7000,0,0,0,293,43,3,32,0.11839594203047454,0.37822385248728096,255.18137431294733,551.215829416447
7001,0,1,0,170,40,4,22,0.5589970224536955,0.8726507888641208,297.140680241876,604.7765998722319
7002,0,1,0,416,30,10,14,0.8535007652826607,0.9145373487845063,337.4813159651534,652.5562748941775
7003,1,0,0,50,50,4,23,0.9892466596793383,0.7492987331934273,286.7606372461352,502.75492419871205
7004,0,0,0,181,37,7,22,0.28013089881278574,0.967524380190298,250.4532409711428,537.6192054893556
7005,0,0,0,50,50,4,23,0.9892466596793383,0.7492987331934273,333.12556948369075,653.7560621047146
7006,0,1,0,86,22,4,19,0.6013455470092595,0.32826394867151976,312.49006164247766,649.7119696456532
7007,0,0,1,9,19,5,21,0.48323641112074256,0.5905635331291705,298.0074822436569,579.8350898677545
7008,1,0,0,485,38,5,21,0.9087103542406112,0.1694229245185852,389.25183905130586,695.6759479825545
7009,0,0,0,257,4,7,24,0.20132735022343695,0.74613202130422,251.5770222889745,560.402326040187
7010,1,0,1,64,45,1,18,0.8977528435643762,0.5364251248538494,382.43367322580053,691.0001506738611
7011,1,0,1,53,19,10,11,0.48323641112074256,0.5905635331291705,309.10614601455046,700.0599422437351
7012,0,1,0,350,19,4,16,0.48323641112074256,0.5905635331291705,244.25912187631832,540.3392931728541
7013,0,1,0,226,21,9,24,0.9842240803409368,0.6037942769471556,266.03988743096414,640.6495106055396
7014,0,0,0,112,19,5,30,0.48323641112074256,0.5905635331291705,285.52779079869134,574.0722777625813
7015,0,0,0,244,34,9,25,0.5088973850943148,0.8422173084691167,285.7353588668519,618.0982498702559
7016,0,0,0,479,31,4,20,0.46977853984571993,0.7659584856592119,233.3166756712651,498.0434089855184
7017,0,0,1,168,39,6,24,0.7841161577962339,0.6968751777894795,270.1001791019251,595.2899396543135
7018,0,1,1,264,44,3,16,0.9833834334276617,0.5796247583348304,295.5594676845919,552.047418519691
7019,0,0,0,48,10,5,21,0.25994612858630717,0.03773271921090782,253.62385436840535,565.5050795165854
7020,1,0,0,78,6,6,20,0.7426119421143085,0.6856354165356606,309.1819704963811,651.3065295748858
7021,0,1,0,293,43,3,32,0.11839594203047454,0.37822385248728096,259.7677803792513,490.41615130401595
7022,1,1,0,50,50,4,23,0.9892466596793383,0.7492987331934273,324.49583704292826,681.5863950122364
7023,1,0,0,405,49,5,20,0.5121942616533488,0.6461082133464515,236.5280178190092,537.196577126168
7024,0,0,0,10,19,2,22,0.48323641112074256,0.5905635331291705,289.54791375522933,546.4896969883853
7025,0,1,0,29,23,3,18,0.03834434738382697,0.6661178111098707,276.46585359912325,585.461612151019
7026,0,0,0,490,34,7,20,0.5088973850943148,0.8422173084691167,229.5159081860337,483.1243964470872
7027,0,0,0,146,8,6,22,0.49811370903626084,0.8910799578297883,217.99493267404682,446.5786857169964
7028,1,0,1,421,12,5,20,0.016379052540287375,0.8120638781692833,267.34292591097994,628.0747428715212
7029,1,0,0,14,25,5,22,0.8063855252694339,0.0688752664718777,334.04919669742344,590.1736981652492
7030,0,0,1,66,43,4,21,0.11839594203047454,0.37822385248728096,276.3707990196658,652.0795693029343
7031,0,0,0,258,23,3,21,0.03834434738382697,0.6661178111098707,255.96918686272852,579.2934249518502
7032,0,0,1,159,25,1,14,0.8063855252694339,0.0688752664718777,267.6837094842623,618.2667195711043
7033,0,0,1,256,10,9,27,0.25994612858630717,0.03773271921090782,321.8265082071082,659.0048296765391
7034,0,0,0,81,43,4,20,0.11839594203047454,0.37822385248728096,260.1356536400117,579.4741313386363
7035,1,0,0,151,24,6,17,0.14149569114670157,0.8747874984983355,274.51807952930767,617.0737482258191
7036,0,0,0,81,43,4,20,0.11839594203047454,0.37822385248728096,209.12614347036666,467.39583044149697
7037,0,0,0,98,43,0,23,0.11839594203047454,0.37822385248728096,228.54687746850283,554.749319229168
7038,1,0,0,19,38,6,21,0.9087103542406112,0.1694229245185852,297.01293849158674,579.1121738693622
7039,1,0,1,348,12,6,32,0.016379052540287375,0.8120638781692833,323.0147381061226,623.9101792963165
7040,0,1,1,32,44,2,22,0.9833834334276617,0.5796247583348304,320.3009561857129,609.436571371317
7041,0,0,1,257,4,7,24,0.20132735022343695,0.74613202130422,298.2716860655969,703.7613027013633
7042,1,1,0,495,44,0,14,0.9833834334276617,0.5796247583348304,359.08255059728754,663.9132920885785
7043,1,0,0,335,47,7,16,0.3773106967564672,0.7403151453472674,261.95010478530907,524.7378455737121
7044,0,0,1,144,19,5,21,0.48323641112074256,0.5905635331291705,301.0172391821033,627.269393903226
7045,1,0,0,217,30,6,25,0.8535007652826607,0.9145373487845063,304.7582779483113,665.2087826313478
7046,0,0,1,439,17,6,23,0.03654719586484134,0.2661329871043563,287.39873219880616,575.3536204128025
7047,0,1,0,268,18,7,24,0.8916374130640179,0.9109178960788995,280.7853633104228,577.0211895006565
7048,0,0,0,259,39,3,28,0.7841161577962339,0.6968751777894795,337.67800228171967,621.9059256144219
7049,1,0,0,405,49,5,20,0.5121942616533488,0.6461082133464515,262.5139426818487,573.4252783874764
7050,0,0,1,226,21,9,24,0.9842240803409368,0.6037942769471556,306.4575035398931,662.6411432075888
7051,0,1,1,325,31,2,17,0.46977853984571993,0.7659584856592119,238.95600236054236,388.31669456489976
7052,1,0,1,307,7,7,27,0.9787284394260496,0.14397736149840057,306.839564923279,741.4045028808398
7053,0,0,0,260,10,4,22,0.25994612858630717,0.03773271921090782,238.67962826271904,519.4128729601512
7054,0,0,1,213,41,2,27,0.24443748919293284,0.13247077818959951,278.32089467142765,543.6552079191397
7055,0,1,1,336,40,0,12,0.5589970224536955,0.8726507888641208,287.0176546570361,572.1341085958634
7056,0,0,0,196,42,6,18,0.5309706551488489,0.07851310959085822,275.30922922099757,582.020660913995
7057,0,0,1,16,26,3,16,0.26668567629531026,0.7934630094096065,264.03375372058434,563.529213556679
7058,0,0,0,304,50,4,18,0.9892466596793383,0.7492987331934273,324.1486384325222,667.1080061460896
7059,0,0,0,262,23,5,27,0.03834434738382697,0.6661178111098707,206.7136822506536,419.0278017602742
7060,0,0,0,64,45,1,18,0.8977528435643762,0.5364251248538494,339.98275816780716,675.9378274837811
7061,0,0,1,120,1,5,17,0.774368490325287,0.06913358555175364,299.40076314808584,576.0612909762657
7062,1,0,0,416,30,10,14,0.8535007652826607,0.9145373487845063,292.9669427901444,631.5363481713163
7063,0,0,1,196,42,6,18,0.5309706551488489,0.07851310959085822,321.4757995887724,655.122852653989
7064,0,0,0,407,15,6,19,0.21112623764202,0.9238038510084152,259.2133829533833,554.4204230971199
7065,0,1,1,493,13,6,22,0.09574478422291577,0.2606025456916541,268.4233289411482,493.6984994251237
7066,0,0,0,113,29,5,24,0.5533483980689198,0.980351353995502,265.5700386409171,572.4691515863534
7067,1,0,0,201,35,2,21,0.6349153537303209,0.31414990592747927,329.4618314073257,648.7280975316266
7068,0,0,1,30,47,1,23,0.3773106967564672,0.7403151453472674,242.40536240647467,436.84618014668695
7069,0,0,0,72,47,7,22,0.3773106967564672,0.7403151453472674,281.8283739759099,580.748011638535
7070,0,0,0,83,34,5,24,0.5088973850943148,0.8422173084691167,243.4746536578976,453.69042067368014
7071,0,0,1,381,4,6,21,0.20132735022343695,0.74613202130422,286.98823780409475,538.5592294609431
7072,0,0,0,470,39,5,22,0.7841161577962339,0.6968751777894795,341.7121794248814,699.3671292078121
7073,1,1,0,362,27,5,23,0.042702050879597664,0.5714270058088005,311.6106350142834,666.6533800506245
7074,0,1,1,209,24,1,26,0.14149569114670157,0.8747874984983355,251.06669097521188,462.45269365185214
7075,0,0,0,251,26,3,20,0.26668567629531026,0.7934630094096065,253.54875626552112,458.1617432067727
7076,0,1,0,358,1,1,29,0.774368490325287,0.06913358555175364,365.0125720803704,707.425615357488
7077,0,0,0,374,33,6,16,0.8046367336064577,0.31251504993997514,297.9868943589321,606.0343800697278
7078,1,1,0,421,12,5,20,0.016379052540287375,0.8120638781692833,285.8669144572343,597.5733713329203
7079,0,0,0,279,45,6,18,0.8977528435643762,0.5364251248538494,337.7384830237714,701.0368959047096
7080,0,1,0,185,27,6,20,0.042702050879597664,0.5714270058088005,257.2889002209584,572.6359291470226
7081,0,1,0,266,48,8,13,0.6061688305344433,0.4517896354664117,347.9995666317612,626.6893047596122
7082,1,0,0,170,40,4,22,0.5589970224536955,0.8726507888641208,359.2023596226873,694.670208816332
7083,0,1,0,493,13,6,22,0.09574478422291577,0.2606025456916541,322.16207329050667,676.7593647135144
7084,0,0,1,74,43,6,13,0.11839594203047454,0.37822385248728096,249.52368159543244,549.0540910106303
7085,0,0,0,245,41,6,30,0.24443748919293284,0.13247077818959951,321.3077201328784,593.9370627157915
7086,1,0,1,436,15,5,17,0.21112623764202,0.9238038510084152,231.40970546720496,487.7733427153112
7087,0,0,0,6,41,7,27,0.24443748919293284,0.13247077818959951,255.95124174005684,594.6504128125691
7088,0,0,0,81,43,4,20,0.11839594203047454,0.37822385248728096,244.4571032117469,553.0231692589954
7089,0,0,0,497,42,5,19,0.5309706551488489,0.07851310959085822,312.5688851790838,595.8601621578691
7090,0,0,0,47,33,7,27,0.8046367336064577,0.31251504993997514,319.49777392986636,691.3158137909309
7091,0,1,0,226,21,9,24,0.9842240803409368,0.6037942769471556,263.27916295781165,507.9718721386285
7092,1,0,0,147,16,5,19,0.8112564436160028,0.26610612077638507,307.4484749985806,539.2695093843063
7093,1,0,1,129,23,1,19,0.03834434738382697,0.6661178111098707,272.324703648322,559.7243465571648
7094,0,1,0,413,8,3,18,0.49811370903626084,0.8910799578297883,337.584440061422,610.3890648401699
7095,0,1,0,463,47,8,21,0.3773106967564672,0.7403151453472674,272.09103485382093,557.9090598435492
7096,0,0,0,144,19,5,21,0.48323641112074256,0.5905635331291705,261.33023047469544,576.7804696616284
7097,0,0,1,221,37,7,22,0.28013089881278574,0.967524380190298,235.783570745916,519.1206660243906
7098,0,0,1,332,14,6,16,0.14216354000382125,0.6515949983149767,244.98536661753144,533.5825732489318
7099,0,1,1,117,39,8,23,0.7841161577962339,0.6968751777894795,350.6544272861497,796.0897046591119
7100,0,1,1,263,39,5,14,0.7841161577962339,0.6968751777894795,297.38899201647484,609.5766142694973
7101,0,0,0,413,8,3,18,0.49811370903626084,0.8910799578297883,259.26080700957925,544.9236122462767
7102,1,0,0,443,22,5,21,0.6013455470092595,0.32826394867151976,357.50972389216275,665.1329648741098
7103,1,0,1,244,34,9,25,0.5088973850943148,0.8422173084691167,321.84015161680907,714.270649840197
7104,1,1,0,89,41,5,23,0.24443748919293284,0.13247077818959951,300.03283300744647,533.606236862479
7105,0,0,1,255,19,5,19,0.48323641112074256,0.5905635331291705,247.15254152313784,499.537759547981
7106,1,0,0,447,31,1,18,0.46977853984571993,0.7659584856592119,344.3478683892613,663.8594105669455
7107,0,0,0,410,7,2,28,0.9787284394260496,0.14397736149840057,291.4951341104399,654.2626351115999
7108,1,0,0,209,24,1,26,0.14149569114670157,0.8747874984983355,209.02712897111337,442.1108306705704
7109,1,0,0,456,15,7,24,0.21112623764202,0.9238038510084152,215.85920403162555,446.6415582615615
7110,0,0,1,160,20,6,19,0.4666645280085504,0.9181476451922208,248.40341827684605,478.6643468948803
7111,1,0,1,351,2,5,21,0.19722419138997793,0.08462062571197748,280.8686522089814,538.0478725527682
7112,0,1,0,369,2,4,17,0.19722419138997793,0.08462062571197748,208.45159451267034,488.63015903927294
7113,0,0,1,281,37,4,27,0.28013089881278574,0.967524380190298,274.4804894928406,546.6901587638741
7114,0,0,0,82,27,3,27,0.042702050879597664,0.5714270058088005,226.64086022092386,476.691176547815
7115,0,0,1,258,23,3,21,0.03834434738382697,0.6661178111098707,254.0406806530866,591.3537836286966
7116,0,0,1,422,25,5,20,0.8063855252694339,0.0688752664718777,318.56682387231365,654.7116696315958
7117,0,0,0,451,3,6,18,0.978013844229281,0.1299455715343356,320.76705768747604,648.005003827991
7118,0,0,1,311,9,3,24,0.013315835734829307,0.08963611628860235,231.67518203266167,464.0299166402226
7119,0,0,0,178,47,4,18,0.3773106967564672,0.7403151453472674,312.5247770807979,586.3480357517143
7120,0,0,0,1,25,1,21,0.8063855252694339,0.0688752664718777,329.11338540329405,563.373495374282
7121,1,1,0,357,49,8,14,0.5121942616533488,0.6461082133464515,311.2782924523119,693.1625440062414
7122,0,0,0,391,14,4,24,0.14216354000382125,0.6515949983149767,212.1536295085312,521.9428341981545
7123,0,0,0,115,26,6,26,0.26668567629531026,0.7934630094096065,289.3208238236843,615.2586179557968
7124,0,1,0,340,14,2,21,0.14216354000382125,0.6515949983149767,252.41930143582806,518.1422948611704
7125,1,0,0,402,2,6,20,0.19722419138997793,0.08462062571197748,253.29190928138752,648.2892558090888
7126,0,0,0,395,50,3,23,0.9892466596793383,0.7492987331934273,282.43618495779845,522.3962735821818
7127,1,0,0,56,18,3,28,0.8916374130640179,0.9109178960788995,384.7130902800211,731.9251190205499
7128,0,1,0,403,41,3,27,0.24443748919293284,0.13247077818959951,311.4122832730373,589.3948690737686
7129,0,0,0,267,45,6,15,0.8977528435643762,0.5364251248538494,315.99563927632516,618.7893009767878
7130,0,0,0,491,39,7,21,0.7841161577962339,0.6968751777894795,299.7013530444043,666.039566313821
7131,0,0,0,319,50,4,21,0.9892466596793383,0.7492987331934273,311.3314138609056,593.3777702480221
7132,0,1,1,306,46,5,21,0.7385737628210336,0.10853192373178899,307.43643046582196,558.2551869478726
7133,0,1,0,386,10,8,30,0.25994612858630717,0.03773271921090782,275.76938361390984,539.188241003651
7134,0,0,1,379,27,7,22,0.042702050879597664,0.5714270058088005,265.41101526394715,498.0081416078855
7135,0,0,1,475,16,6,19,0.8112564436160028,0.26610612077638507,349.25684512159654,752.5517637854512
7136,0,0,1,121,30,7,24,0.8535007652826607,0.9145373487845063,332.15275564557345,714.4842821143061
7137,0,0,1,169,39,3,31,0.7841161577962339,0.6968751777894795,305.17915821297265,574.5671100784836
7138,1,0,1,276,24,6,16,0.14149569114670157,0.8747874984983355,306.2063483676131,607.7538951725397
7139,0,0,0,496,41,4,22,0.24443748919293284,0.13247077818959951,257.78732038094796,577.7756981030211
7140,1,0,0,59,31,6,14,0.46977853984571993,0.7659584856592119,295.1329808111208,577.945904896508
7141,0,0,1,339,33,4,20,0.8046367336064577,0.31251504993997514,319.4533926844376,673.6131162146963
7142,0,0,1,309,14,2,25,0.14216354000382125,0.6515949983149767,288.603329977466,608.5401483721745
7143,0,1,0,194,40,3,17,0.5589970224536955,0.8726507888641208,277.09974042896476,499.9150527666254
7144,0,0,0,232,21,8,29,0.9842240803409368,0.6037942769471556,292.91945400304775,622.2796931392792
7145,1,0,0,34,14,5,15,0.14216354000382125,0.6515949983149767,246.38362926881425,430.8161230667275
7146,0,1,0,402,2,6,20,0.19722419138997793,0.08462062571197748,266.8282528933179,690.7933925364341
7147,0,0,0,142,23,7,15,0.03834434738382697,0.6661178111098707,271.0321443594254,494.25000984182
7148,0,0,0,339,33,4,20,0.8046367336064577,0.31251504993997514,344.9223266465206,790.3808450982008
7149,1,0,1,45,11,3,17,0.775893080746755,0.774874358670786,264.02327746578976,561.8511184861197
7150,0,0,1,300,20,5,13,0.4666645280085504,0.9181476451922208,261.7669234491316,538.4503514412131
7151,0,1,1,157,46,8,28,0.7385737628210336,0.10853192373178899,275.84252911216544,570.4791133704316
7152,0,0,1,174,37,8,22,0.28013089881278574,0.967524380190298,293.48881604669134,556.1306983702499
7153,0,0,0,196,42,6,18,0.5309706551488489,0.07851310959085822,299.54548044472966,598.4923832352839
7154,0,0,0,463,47,8,21,0.3773106967564672,0.7403151453472674,302.3490427214034,510.96734859369116
7155,0,0,1,10,19,2,22,0.48323641112074256,0.5905635331291705,254.5162336166879,424.1879496538171
7156,1,0,0,196,42,6,18,0.5309706551488489,0.07851310959085822,305.95455233692985,677.8614239631539
7157,0,0,1,389,10,7,21,0.25994612858630717,0.03773271921090782,235.89742418176357,534.4537729119322
7158,1,1,1,28,29,3,18,0.5533483980689198,0.980351353995502,346.77424519558843,652.081027657623
7159,1,0,0,466,29,6,18,0.5533483980689198,0.980351353995502,294.65450401833306,568.9312131834507
7160,0,0,0,436,15,5,17,0.21112623764202,0.9238038510084152,220.64668134566602,417.96337995314366
7161,0,1,1,184,28,3,25,0.6121745223645121,0.048944066278636456,342.88988776428954,684.5519425269789
7162,0,0,0,302,19,4,20,0.48323641112074256,0.5905635331291705,304.52936241871095,658.4278887753135
7163,0,0,0,167,21,6,21,0.9842240803409368,0.6037942769471556,300.3571327760293,597.8540978039761
7164,1,0,0,44,29,3,19,0.5533483980689198,0.980351353995502,305.22231304964015,661.4361914043512
7165,1,0,1,100,39,5,21,0.7841161577962339,0.6968751777894795,308.69955959105795,707.3016612690966
7166,1,0,1,225,9,7,22,0.013315835734829307,0.08963611628860235,208.2747884850786,521.0249684577622
7167,0,1,0,42,48,5,20,0.6061688305344433,0.4517896354664117,254.94432364058162,460.74076125681177
7168,0,1,0,1,25,1,21,0.8063855252694339,0.0688752664718777,338.33682888018546,724.4156647312413
7169,0,1,0,57,24,5,24,0.14149569114670157,0.8747874984983355,244.27842703396473,471.288066001025
7170,0,0,0,292,46,4,21,0.7385737628210336,0.10853192373178899,290.01863945730685,564.6848320074977
7171,0,0,0,166,21,5,17,0.9842240803409368,0.6037942769471556,291.5020855949077,638.4840603789501
7172,0,0,0,105,2,7,12,0.19722419138997793,0.08462062571197748,214.34624281525248,490.0110450873055
7173,0,0,1,330,24,3,29,0.14149569114670157,0.8747874984983355,255.93785840201306,496.6805678465101
7174,1,0,1,185,27,6,20,0.042702050879597664,0.5714270058088005,283.2441883762629,597.1689496005305
7175,0,0,0,54,41,3,19,0.24443748919293284,0.13247077818959951,302.0427278947404,700.8748901257761
7176,0,0,1,111,31,6,19,0.46977853984571993,0.7659584856592119,291.4414808202261,587.9667308321688
7177,1,0,0,380,6,8,17,0.7426119421143085,0.6856354165356606,357.6017340403,667.3107590398938
7178,1,1,1,115,26,6,26,0.26668567629531026,0.7934630094096065,330.834059301704,614.6758250820149
7179,0,0,0,211,16,8,23,0.8112564436160028,0.26610612077638507,309.2471499960729,508.92946837235235
7180,1,0,1,142,23,7,15,0.03834434738382697,0.6661178111098707,265.4987300055678,519.917819383698
7181,0,0,0,431,27,5,21,0.042702050879597664,0.5714270058088005,294.8940437593459,596.765989056035
7182,0,1,1,41,11,5,27,0.775893080746755,0.774874358670786,283.0098822281399,563.3449699080242
7183,0,0,1,376,36,2,28,0.49425172130577266,0.7565638932865113,286.7560941749452,597.7080898409984
7184,0,0,1,317,10,7,22,0.25994612858630717,0.03773271921090782,229.40828276852892,466.1386632218598
7185,0,0,1,458,22,9,18,0.6013455470092595,0.32826394867151976,297.9072217278437,592.3513375122061
7186,1,0,0,493,13,6,22,0.09574478422291577,0.2606025456916541,237.70966420857482,524.5039925387395
7187,1,0,0,404,11,4,17,0.775893080746755,0.774874358670786,349.00535929490763,695.1729607021326
7188,0,1,0,429,29,7,24,0.5533483980689198,0.980351353995502,301.2024642250626,666.8985038129877
7189,0,1,1,162,31,3,23,0.46977853984571993,0.7659584856592119,298.60739321081456,574.3435822152588
7190,0,0,0,416,30,10,14,0.8535007652826607,0.9145373487845063,316.67971781631707,654.6063655726168
7191,0,0,0,150,3,3,19,0.978013844229281,0.1299455715343356,282.19993988505314,603.7590039711165
7192,0,1,1,429,29,7,24,0.5533483980689198,0.980351353995502,375.07751513556553,864.6182681073267
7193,0,0,0,154,16,4,23,0.8112564436160028,0.26610612077638507,348.5432381609986,727.8555944548135
7194,0,0,0,72,47,7,22,0.3773106967564672,0.7403151453472674,244.1273913623385,457.4049587267177
7195,1,0,1,346,41,8,26,0.24443748919293284,0.13247077818959951,248.18213911715495,578.9667430754853
7196,1,0,1,446,29,5,22,0.5533483980689198,0.980351353995502,243.42028834623972,466.75424545962505
7197,0,0,0,175,48,7,16,0.6061688305344433,0.4517896354664117,306.04002571855625,659.4371491435411
7198,0,0,1,219,36,5,23,0.49425172130577266,0.7565638932865113,307.42934260918247,581.4273900034275
7199,0,0,0,366,23,5,18,0.03834434738382697,0.6661178111098707,274.5012375869385,498.3023022059569
7200,0,0,0,162,31,3,23,0.46977853984571993,0.7659584856592119,302.74766397952646,600.6404464300659
7201,0,0,1,245,41,6,30,0.24443748919293284,0.13247077818959951,286.0968869666418,701.803702698827
7202,1,1,0,391,14,4,24,0.14216354000382125,0.6515949983149767,270.8753448107893,547.1796542273581
7203,0,1,1,325,31,2,17,0.46977853984571993,0.7659584856592119,279.05539699381507,564.1556520944424
7204,0,0,0,126,11,10,20,0.775893080746755,0.774874358670786,349.26274467012684,673.4408407926923
7205,0,1,0,258,23,3,21,0.03834434738382697,0.6661178111098707,253.7643157566017,562.9654583287625
7206,1,0,1,56,18,3,28,0.8916374130640179,0.9109178960788995,345.8320284535053,744.7175359117779
7207,0,0,0,475,16,6,19,0.8112564436160028,0.26610612077638507,309.92819374501073,613.1625132965617
7208,1,1,1,487,47,4,15,0.3773106967564672,0.7403151453472674,273.7233090534828,597.1364211501887
7209,0,0,0,383,14,4,27,0.14216354000382125,0.6515949983149767,266.2796010543754,540.8921204106131
7210,0,0,0,154,16,4,23,0.8112564436160028,0.26610612077638507,329.1655399149819,647.9571159413624
7211,1,0,0,389,10,7,21,0.25994612858630717,0.03773271921090782,325.16951060373947,689.6127200599618
7212,0,0,0,356,47,10,25,0.3773106967564672,0.7403151453472674,314.22864228615623,715.1423067582227
7213,0,0,0,227,44,10,24,0.9833834334276617,0.5796247583348304,303.54673253163077,568.4622436388586
7214,0,0,1,390,6,6,25,0.7426119421143085,0.6856354165356606,300.4957388413896,631.4063978631104
7215,0,0,0,218,49,8,27,0.5121942616533488,0.6461082133464515,254.71064729623868,473.5407478816651
7216,0,0,1,142,23,7,15,0.03834434738382697,0.6661178111098707,267.9354336600338,642.440007802195
7217,0,0,0,44,29,3,19,0.5533483980689198,0.980351353995502,311.10477644121863,610.7019382310223
7218,0,1,0,156,6,4,19,0.7426119421143085,0.6856354165356606,263.17992755581355,560.0834334828247
7219,0,0,0,285,29,4,24,0.5533483980689198,0.980351353995502,245.42094247519378,478.72551876090813
7220,1,1,0,95,28,3,17,0.6121745223645121,0.048944066278636456,359.6815686099079,723.3242531806068
7221,0,0,1,431,27,5,21,0.042702050879597664,0.5714270058088005,288.80527107672924,603.4876828273419
7222,0,0,0,329,6,3,18,0.7426119421143085,0.6856354165356606,292.43371003621564,592.6337376783068
7223,0,1,1,190,10,7,25,0.25994612858630717,0.03773271921090782,226.87291657114503,479.2640534573827
7224,0,0,0,361,8,4,20,0.49811370903626084,0.8910799578297883,290.9381250274376,539.225973066703
7225,0,0,0,190,10,7,25,0.25994612858630717,0.03773271921090782,304.5611426797292,644.9882661676493
7226,0,0,0,199,7,7,24,0.9787284394260496,0.14397736149840057,323.1243312206315,612.0611775929303
7227,0,0,0,281,37,4,27,0.28013089881278574,0.967524380190298,246.14382510575777,461.48484079668816
7228,0,0,1,228,9,9,21,0.013315835734829307,0.08963611628860235,265.0991164525132,589.3314313915846
7229,1,0,0,393,20,2,24,0.4666645280085504,0.9181476451922208,318.5067557437713,733.3606112531463
7230,0,1,1,285,29,4,24,0.5533483980689198,0.980351353995502,258.66457130383134,506.7925213481817
7231,1,0,0,458,22,9,18,0.6013455470092595,0.32826394867151976,270.5280188564658,520.6521929283542
7232,1,1,0,316,9,4,22,0.013315835734829307,0.08963611628860235,271.36627965619743,519.3869598955162
7233,0,1,0,423,49,5,22,0.5121942616533488,0.6461082133464515,254.44871039643888,566.6600087931074
7234,1,0,1,61,2,1,20,0.19722419138997793,0.08462062571197748,276.1484478136438,477.95383110523375
7235,0,0,0,134,40,8,18,0.5589970224536955,0.8726507888641208,258.4348841323125,376.05442686049037
7236,1,0,0,237,28,3,17,0.6121745223645121,0.048944066278636456,331.99332833722445,645.9475691169323
7237,0,0,0,281,37,4,27,0.28013089881278574,0.967524380190298,295.11457219827963,676.5519345556239
7238,0,0,0,173,33,8,23,0.8046367336064577,0.31251504993997514,239.5563430792297,524.0300288921078
7239,0,0,1,399,24,2,14,0.14149569114670157,0.8747874984983355,266.2818859441641,544.8977661790803
7240,0,0,1,164,3,5,26,0.978013844229281,0.1299455715343356,343.98975475234965,715.1340875052101
7241,0,0,1,284,10,6,19,0.25994612858630717,0.03773271921090782,251.84909813038735,534.176314647255
7242,0,1,0,118,31,6,19,0.46977853984571993,0.7659584856592119,291.9846401867504,575.6635775136813
7243,0,0,0,462,27,3,11,0.042702050879597664,0.5714270058088005,252.63447224406434,496.0052827390278
7244,0,0,0,461,14,5,18,0.14216354000382125,0.6515949983149767,304.8636087277259,750.039855119957
7245,1,1,0,331,9,2,10,0.013315835734829307,0.08963611628860235,319.8994536428287,647.3137953884157
7246,0,0,1,24,35,2,27,0.6349153537303209,0.31414990592747927,284.0783989895222,598.4904090769979
7247,1,1,0,60,35,5,21,0.6349153537303209,0.31414990592747927,300.68714215945033,594.0142848124981
7248,0,1,0,230,22,3,18,0.6013455470092595,0.32826394867151976,326.2950207728052,658.4158801040335
7249,0,0,0,385,45,7,17,0.8977528435643762,0.5364251248538494,366.2819960244205,736.5608775300011
7250,0,1,0,367,45,6,16,0.8977528435643762,0.5364251248538494,346.64162171160507,725.82465038723
7251,0,1,1,78,6,6,20,0.7426119421143085,0.6856354165356606,349.5075107303325,677.0466850042457
7252,0,1,0,382,21,4,28,0.9842240803409368,0.6037942769471556,353.0806164066725,713.7519877168122
7253,1,1,0,469,50,7,28,0.9892466596793383,0.7492987331934273,358.25092910182445,707.0861504098582
7254,0,0,0,377,24,3,22,0.14149569114670157,0.8747874984983355,199.02731060477618,437.1961024306671
7255,0,1,1,44,29,3,19,0.5533483980689198,0.980351353995502,270.3182766698759,556.8629002150368
7256,0,0,0,211,16,8,23,0.8112564436160028,0.26610612077638507,332.05951407772113,662.1012045560697
7257,0,0,1,481,3,7,21,0.978013844229281,0.1299455715343356,318.1268352681422,726.2325037282397
7258,0,0,1,20,30,6,26,0.8535007652826607,0.9145373487845063,305.6498252864682,654.9454562815486
7259,0,0,0,295,4,3,28,0.20132735022343695,0.74613202130422,249.85887342000262,495.3205302518957
7260,0,1,1,286,41,6,18,0.24443748919293284,0.13247077818959951,252.5839277731496,533.0077850903102
7261,0,0,0,429,29,7,24,0.5533483980689198,0.980351353995502,249.4688605224328,551.3096593052933
7262,1,0,0,394,42,5,28,0.5309706551488489,0.07851310959085822,315.1653683682718,691.8732260591178
7263,0,1,0,109,27,2,33,0.042702050879597664,0.5714270058088005,266.86222443080527,562.6047890684399
7264,0,0,1,78,6,6,20,0.7426119421143085,0.6856354165356606,248.14124318483312,534.1625498929012
7265,0,0,1,50,50,4,23,0.9892466596793383,0.7492987331934273,286.74622109905897,567.7611797981881
7266,1,0,0,345,19,3,33,0.48323641112074256,0.5905635331291705,358.54982885466586,703.6234048393236
7267,0,0,1,137,50,2,14,0.9892466596793383,0.7492987331934273,271.90177120045354,598.510738362322
7268,0,0,1,61,2,1,20,0.19722419138997793,0.08462062571197748,291.21258610227954,619.3662382946885
7269,1,0,0,237,28,3,17,0.6121745223645121,0.048944066278636456,283.83391931989826,574.9978884699451
7270,0,0,1,117,39,8,23,0.7841161577962339,0.6968751777894795,249.47512654772197,520.1819887935252
7271,0,0,0,109,27,2,33,0.042702050879597664,0.5714270058088005,268.6570158459594,537.4910136050962
7272,0,0,0,302,19,4,20,0.48323641112074256,0.5905635331291705,272.6109506934583,533.9466528393239
7273,0,0,0,289,12,4,23,0.016379052540287375,0.8120638781692833,274.99803386618294,501.6251568281273
7274,1,0,0,18,48,5,30,0.6061688305344433,0.4517896354664117,302.60614853762496,603.4330937229286
7275,0,1,0,12,1,3,22,0.774368490325287,0.06913358555175364,328.08728449822024,680.9310678499993
7276,0,0,1,259,39,3,28,0.7841161577962339,0.6968751777894795,326.43183942955784,607.8693038975271
7277,1,1,0,292,46,4,21,0.7385737628210336,0.10853192373178899,321.37766379237456,662.0763956980076
7278,0,1,0,283,49,3,20,0.5121942616533488,0.6461082133464515,307.57584137247795,739.0995661457828
7279,0,0,0,38,38,3,21,0.9087103542406112,0.1694229245185852,328.21060537513597,658.6576741918211
7280,1,0,0,176,17,10,21,0.03654719586484134,0.2661329871043563,330.9918281549968,652.5980238650957
7281,0,1,1,26,38,2,23,0.9087103542406112,0.1694229245185852,299.60252692748736,606.5094711268599
7282,0,0,0,82,27,3,27,0.042702050879597664,0.5714270058088005,251.78110056859205,501.6587474776501
7283,0,0,0,138,14,5,17,0.14216354000382125,0.6515949983149767,310.8767057988962,674.2584053401793
7284,0,1,1,259,39,3,28,0.7841161577962339,0.6968751777894795,243.69708211778288,566.4310909516983
7285,0,1,1,28,29,3,18,0.5533483980689198,0.980351353995502,278.7940038611805,654.2762036772066
7286,0,0,0,376,36,2,28,0.49425172130577266,0.7565638932865113,302.79742120436356,531.5145200386347
7287,1,0,0,340,14,2,21,0.14216354000382125,0.6515949983149767,286.8176094870513,572.0288277649219
7288,0,0,0,21,32,6,22,0.39761656103655696,0.7758463725913316,193.45768500999355,478.7255213622749
7289,0,1,0,95,28,3,17,0.6121745223645121,0.048944066278636456,315.7865268735026,669.4547080462686
7290,0,0,0,263,39,5,14,0.7841161577962339,0.6968751777894795,273.44587508560045,584.6222982877308
7291,1,0,0,19,38,6,21,0.9087103542406112,0.1694229245185852,288.0880953559736,590.3529943442448
7292,1,1,0,286,41,6,18,0.24443748919293284,0.13247077818959951,298.5605070479353,597.3767183122274
7293,0,0,0,249,42,3,20,0.5309706551488489,0.07851310959085822,311.73213830729196,610.2657927407605
7294,0,1,1,482,42,5,19,0.5309706551488489,0.07851310959085822,339.5176991307607,733.7143594807662
7295,0,0,1,181,37,7,22,0.28013089881278574,0.967524380190298,263.4176139844297,568.8379853992217
7296,0,0,0,60,35,5,21,0.6349153537303209,0.31414990592747927,242.52670566581685,555.2313465026148
7297,0,0,0,265,27,5,24,0.042702050879597664,0.5714270058088005,223.41773735377583,409.56594891242
7298,0,1,1,333,1,2,36,0.774368490325287,0.06913358555175364,334.2976936012082,653.8899133960161
7299,0,1,1,500,38,5,15,0.9087103542406112,0.1694229245185852,334.526980654961,701.3852781955834
7300,0,0,0,373,13,8,16,0.09574478422291577,0.2606025456916541,290.0167014012393,556.4805989274765
7301,1,1,0,168,39,6,24,0.7841161577962339,0.6968751777894795,323.6989292518296,624.8563110142725
7302,1,1,1,410,7,2,28,0.9787284394260496,0.14397736149840057,339.471516779563,676.64984248795
7303,0,0,0,307,7,7,27,0.9787284394260496,0.14397736149840057,350.46352791282993,673.3851967241568
7304,0,0,0,67,29,5,28,0.5533483980689198,0.980351353995502,247.37565174624834,567.6612686210251
7305,0,1,0,82,27,3,27,0.042702050879597664,0.5714270058088005,276.7887417989667,640.198363265833
7306,1,1,1,164,3,5,26,0.978013844229281,0.1299455715343356,306.6322543771533,651.5070814776147
7307,1,0,0,343,38,2,20,0.9087103542406112,0.1694229245185852,326.9452931180635,589.0808402792743
7308,0,0,1,326,14,5,25,0.14216354000382125,0.6515949983149767,244.41646423599448,491.26001584447334
7309,0,1,0,228,9,9,21,0.013315835734829307,0.08963611628860235,285.368635907377,600.382065545349
7310,0,1,0,291,39,6,15,0.7841161577962339,0.6968751777894795,287.9136314976047,624.6123162486354
7311,0,0,0,220,38,5,15,0.9087103542406112,0.1694229245185852,301.45438084501166,634.6654596204789
7312,0,1,0,200,35,6,19,0.6349153537303209,0.31414990592747927,310.59464489222796,610.9370090738834
7313,0,0,0,288,13,2,11,0.09574478422291577,0.2606025456916541,298.55567932794537,529.9360529649588
7314,1,0,0,442,50,4,19,0.9892466596793383,0.7492987331934273,328.3411152153542,639.6704344148925
7315,0,1,0,77,7,4,25,0.9787284394260496,0.14397736149840057,319.66517753438995,649.2319313142465
7316,0,0,0,218,49,8,27,0.5121942616533488,0.6461082133464515,297.476937808939,618.5530992827207
7317,0,0,1,423,49,5,22,0.5121942616533488,0.6461082133464515,275.99734434793737,571.2684301383123
7318,0,0,0,308,30,6,25,0.8535007652826607,0.9145373487845063,326.61426835038844,672.4472210778919
7319,1,0,0,255,19,5,19,0.48323641112074256,0.5905635331291705,275.3274355130579,563.1074517107368
7320,0,0,1,306,46,5,21,0.7385737628210336,0.10853192373178899,326.12232874256296,646.4485228363158
7321,0,0,0,351,2,5,21,0.19722419138997793,0.08462062571197748,276.1672365857933,654.0118561071724
7322,0,0,0,116,48,3,20,0.6061688305344433,0.4517896354664117,230.73632363581004,538.3232822049458
7323,0,0,1,208,17,5,27,0.03654719586484134,0.2661329871043563,220.5203041397039,498.5001947290548
7324,0,0,0,201,35,2,21,0.6349153537303209,0.31414990592747927,279.08588439537453,509.7491418795142
7325,0,0,1,472,45,6,13,0.8977528435643762,0.5364251248538494,352.57563347870257,621.5049394251546
7326,0,0,0,297,3,8,23,0.978013844229281,0.1299455715343356,370.5407215918769,770.2227245250504
7327,1,0,1,121,30,7,24,0.8535007652826607,0.9145373487845063,321.8094861683944,705.984179467334
7328,0,1,0,33,9,8,21,0.013315835734829307,0.08963611628860235,233.81713629192,500.03919466977567
7329,0,0,0,141,23,3,13,0.03834434738382697,0.6661178111098707,259.0736578033878,491.59170972221017
7330,0,1,0,397,37,3,15,0.28013089881278574,0.967524380190298,278.97632981766935,549.2420939621395
7331,0,0,0,452,6,5,16,0.7426119421143085,0.6856354165356606,311.6809092925612,694.7295458708525
7332,1,0,0,496,41,4,22,0.24443748919293284,0.13247077818959951,316.25060851487376,578.0129153488992
7333,1,1,0,397,37,3,15,0.28013089881278574,0.967524380190298,257.71696030425204,580.917865095814
7334,0,0,1,456,15,7,24,0.21112623764202,0.9238038510084152,316.8880626115077,584.3129688279284
7335,0,0,0,119,29,3,20,0.5533483980689198,0.980351353995502,261.6822853358338,563.8871676471138
7336,0,0,0,78,6,6,20,0.7426119421143085,0.6856354165356606,324.6240317660927,667.0104112866586
7337,0,0,1,199,7,7,24,0.9787284394260496,0.14397736149840057,316.0613413700346,732.1389124683986
7338,1,0,1,465,3,5,16,0.978013844229281,0.1299455715343356,365.4371683487853,701.9507064388034
7339,1,1,0,281,37,4,27,0.28013089881278574,0.967524380190298,237.56838083010993,505.06660204598734
7340,1,1,0,488,1,9,17,0.774368490325287,0.06913358555175364,303.7011581875743,570.9634778640377
7341,0,0,1,494,41,3,24,0.24443748919293284,0.13247077818959951,299.53299616470565,584.8405129250084
7342,0,0,0,5,49,2,15,0.5121942616533488,0.6461082133464515,267.70996598997755,556.880719766372
7343,1,0,0,454,31,9,17,0.46977853984571993,0.7659584856592119,340.5635770176917,679.0796703454615
7344,0,0,0,319,50,4,21,0.9892466596793383,0.7492987331934273,315.4569402101929,570.1628868962501
7345,0,0,0,143,36,8,9,0.49425172130577266,0.7565638932865113,237.4089048554706,481.9035206293512
7346,0,0,1,68,16,2,18,0.8112564436160028,0.26610612077638507,300.2589299707466,644.5655418273777
7347,0,0,0,56,18,3,28,0.8916374130640179,0.9109178960788995,290.8768982591048,528.2721560436279
7348,0,0,0,296,31,10,14,0.46977853984571993,0.7659584856592119,255.75705857513856,541.0303724667407
7349,1,0,0,67,29,5,28,0.5533483980689198,0.980351353995502,303.64549772274506,607.3205564359936
7350,0,0,1,472,45,6,13,0.8977528435643762,0.5364251248538494,348.3148042342266,662.3746916376443
7351,0,1,0,105,2,7,12,0.19722419138997793,0.08462062571197748,249.90466103941466,415.9627696782553
7352,0,1,1,170,40,4,22,0.5589970224536955,0.8726507888641208,332.24820997602103,631.5897776049042
7353,0,0,0,93,29,2,12,0.5533483980689198,0.980351353995502,256.96162892929095,539.8773604705138
7354,0,1,1,43,31,4,16,0.46977853984571993,0.7659584856592119,318.15635794695515,624.4859456714768
7355,0,0,1,144,19,5,21,0.48323641112074256,0.5905635331291705,243.09837336385732,495.1691028600004
7356,0,0,1,82,27,3,27,0.042702050879597664,0.5714270058088005,246.6862173281093,531.6407644711563
7357,0,0,0,229,27,6,14,0.042702050879597664,0.5714270058088005,201.07417733886288,491.7863847084492
7358,0,0,1,172,38,2,13,0.9087103542406112,0.1694229245185852,298.4349602935697,588.4669527791265
7359,0,1,0,351,2,5,21,0.19722419138997793,0.08462062571197748,186.8924468539438,449.4945218541494
7360,1,0,1,212,38,5,23,0.9087103542406112,0.1694229245185852,339.27527377510006,733.4082562690646
7361,0,0,0,467,5,4,17,0.36124442727304995,0.0388791817240417,306.48823070438357,626.745225459519
7362,0,0,0,376,36,2,28,0.49425172130577266,0.7565638932865113,279.94350909129736,604.0610866602632
7363,1,1,0,185,27,6,20,0.042702050879597664,0.5714270058088005,294.7971031912595,594.3914507613991
7364,1,1,0,38,38,3,21,0.9087103542406112,0.1694229245185852,368.401049205635,668.8813688847295
7365,0,1,0,436,15,5,17,0.21112623764202,0.9238038510084152,277.56376318416386,623.2306104924562
7366,0,1,1,62,36,2,23,0.49425172130577266,0.7565638932865113,344.65895160599337,728.9667509176913
7367,0,0,0,50,50,4,23,0.9892466596793383,0.7492987331934273,315.79668677792324,623.3554552361214
7368,0,1,0,9,19,5,21,0.48323641112074256,0.5905635331291705,298.1856547015102,601.915127310195
7369,0,1,1,384,7,4,21,0.9787284394260496,0.14397736149840057,315.50175541449374,593.5593606835207
7370,0,0,0,387,43,12,24,0.11839594203047454,0.37822385248728096,221.18502155777765,505.135107287405
7371,0,0,1,379,27,7,22,0.042702050879597664,0.5714270058088005,268.51652100194235,578.5783167682913
7372,0,0,1,101,7,5,15,0.9787284394260496,0.14397736149840057,350.7913709285774,760.0873015589624
7373,0,0,0,331,9,2,10,0.013315835734829307,0.08963611628860235,262.92833104772416,604.0550904602035
7374,0,0,1,347,2,3,14,0.19722419138997793,0.08462062571197748,221.23184471286703,494.9552440863155
7375,0,1,0,211,16,8,23,0.8112564436160028,0.26610612077638507,387.84040627371274,711.277223350804
7376,0,1,0,177,19,5,23,0.48323641112074256,0.5905635331291705,263.4889404778442,464.5505122476727
7377,0,0,1,49,1,5,20,0.774368490325287,0.06913358555175364,267.9729548600508,497.0338587065777
7378,0,0,0,273,48,9,24,0.6061688305344433,0.4517896354664117,318.28193587041636,657.2389186958986
7379,0,0,0,38,38,3,21,0.9087103542406112,0.1694229245185852,286.19726956548794,600.6320026901667
7380,0,0,0,209,24,1,26,0.14149569114670157,0.8747874984983355,244.9493849096242,458.36967938325864
7381,0,1,1,235,1,5,19,0.774368490325287,0.06913358555175364,389.47827420874984,737.7964967425489
7382,1,0,0,340,14,2,21,0.14216354000382125,0.6515949983149767,266.46204306424136,601.9389116633469
7383,1,0,0,119,29,3,20,0.5533483980689198,0.980351353995502,261.5408051269441,469.4752179807585
7384,0,0,1,294,50,9,17,0.9892466596793383,0.7492987331934273,316.42568343179425,622.3352744762861
7385,0,0,0,127,28,4,22,0.6121745223645121,0.048944066278636456,272.2212874999803,603.793587467836
7386,0,1,0,220,38,5,15,0.9087103542406112,0.1694229245185852,324.3967561155835,675.4504993585615
7387,0,0,1,60,35,5,21,0.6349153537303209,0.31414990592747927,294.14071393364895,598.8281293030528
7388,0,0,0,13,5,4,16,0.36124442727304995,0.0388791817240417,298.5659709962978,618.272980719736
7389,0,0,0,24,35,2,27,0.6349153537303209,0.31414990592747927,336.35314536337603,690.4049233359531
7390,1,0,0,418,5,2,19,0.36124442727304995,0.0388791817240417,309.0059281305986,661.7638014986841
7391,0,1,0,483,6,6,23,0.7426119421143085,0.6856354165356606,309.66304564825975,617.4332001951046
7392,0,0,0,291,39,6,15,0.7841161577962339,0.6968751777894795,305.9820308321115,609.9771984441327
7393,0,1,0,394,42,5,28,0.5309706551488489,0.07851310959085822,323.98597764055165,608.2442693240798
7394,1,0,0,2,8,3,15,0.49811370903626084,0.8910799578297883,275.4807729337831,517.1514267452769
7395,0,1,1,208,17,5,27,0.03654719586484134,0.2661329871043563,211.9765358031956,551.4572488939687
7396,1,0,0,410,7,2,28,0.9787284394260496,0.14397736149840057,356.8360079214854,725.6401107810385
7397,0,1,1,222,2,3,20,0.19722419138997793,0.08462062571197748,204.52168090904226,441.6974441978432
7398,0,0,0,155,33,3,20,0.8046367336064577,0.31251504993997514,311.52806452872045,663.6540740063667
7399,0,0,0,277,48,5,24,0.6061688305344433,0.4517896354664117,258.9378224989675,504.15304656367704
7400,0,0,0,352,26,9,23,0.26668567629531026,0.7934630094096065,289.44016216434056,622.4768591870283
7401,1,0,0,199,7,7,24,0.9787284394260496,0.14397736149840057,313.9823628140981,644.7499069981284
7402,0,0,0,382,21,4,28,0.9842240803409368,0.6037942769471556,268.0420177953307,537.967857555944
7403,0,0,0,206,8,5,13,0.49811370903626084,0.8910799578297883,299.4558785483787,662.6029355889001
7404,0,0,1,195,38,7,15,0.9087103542406112,0.1694229245185852,352.66827235512193,756.1225779176914
7405,1,0,1,230,22,3,18,0.6013455470092595,0.32826394867151976,280.73849579087783,582.3590545919461
7406,1,0,0,97,23,10,28,0.03834434738382697,0.6661178111098707,311.7101714358841,617.1371808116936
7407,0,0,1,193,2,3,20,0.19722419138997793,0.08462062571197748,262.47290880566527,471.87943784060093
7408,1,0,0,77,7,4,25,0.9787284394260496,0.14397736149840057,359.8270180879199,756.1791776642134
7409,0,0,0,47,33,7,27,0.8046367336064577,0.31251504993997514,321.03225031326906,632.7984655705045
7410,0,0,1,164,3,5,26,0.978013844229281,0.1299455715343356,320.49387770231175,587.2383189787099
7411,1,0,1,328,22,3,23,0.6013455470092595,0.32826394867151976,274.34945771820077,592.544226453081
7412,1,0,0,185,27,6,20,0.042702050879597664,0.5714270058088005,309.58886925636074,586.4509381822721
7413,1,0,1,257,4,7,24,0.20132735022343695,0.74613202130422,268.56666236698055,535.0062923454356
7414,0,1,1,478,14,3,20,0.14216354000382125,0.6515949983149767,266.84684780053095,584.1334232708406
7415,0,0,1,71,45,6,18,0.8977528435643762,0.5364251248538494,287.9294222615396,606.8544689890061
7416,0,1,1,170,40,4,22,0.5589970224536955,0.8726507888641208,264.0984713123924,596.6175399253626
7417,0,0,0,149,10,11,16,0.25994612858630717,0.03773271921090782,274.0371441233405,610.9241156319259
7418,1,0,1,163,48,6,19,0.6061688305344433,0.4517896354664117,319.6771265045728,658.6963045355552
7419,0,1,0,450,30,4,23,0.8535007652826607,0.9145373487845063,251.54856649961707,577.8304091269672
7420,0,1,0,496,41,4,22,0.24443748919293284,0.13247077818959951,261.0929463381224,595.5628762292292
7421,0,1,0,361,8,4,20,0.49811370903626084,0.8910799578297883,276.7645435946886,551.736883060126
7422,0,1,1,496,41,4,22,0.24443748919293284,0.13247077818959951,280.09394679012905,505.23713050990176
7423,0,0,0,456,15,7,24,0.21112623764202,0.9238038510084152,225.00469455303147,464.7870898664554
7424,0,1,0,327,13,5,18,0.09574478422291577,0.2606025456916541,302.863570109338,557.2244575896684
7425,0,1,1,146,8,6,22,0.49811370903626084,0.8910799578297883,270.859381382896,635.4076436290728
7426,0,0,1,268,18,7,24,0.8916374130640179,0.9109178960788995,320.4894469111778,682.9269362814906
7427,0,0,0,466,29,6,18,0.5533483980689198,0.980351353995502,260.10028463239496,584.2952719931955
7428,0,0,0,390,6,6,25,0.7426119421143085,0.6856354165356606,280.7479100104308,478.8362892097426
7429,0,0,0,202,44,6,16,0.9833834334276617,0.5796247583348304,332.1746093394444,640.8616066835418
7430,0,0,0,213,41,2,27,0.24443748919293284,0.13247077818959951,270.57405738645815,551.2499511040488
7431,0,0,1,56,18,3,28,0.8916374130640179,0.9109178960788995,247.04655507416044,536.3927190063044
7432,0,1,0,435,31,6,12,0.46977853984571993,0.7659584856592119,240.96685674748406,550.2548466159712
7433,1,0,0,274,40,3,20,0.5589970224536955,0.8726507888641208,323.7794436726914,691.3415436253367
7434,0,0,0,368,14,2,14,0.14216354000382125,0.6515949983149767,237.57062195315024,570.9086944213271
7435,1,0,1,463,47,8,21,0.3773106967564672,0.7403151453472674,264.0867341099686,431.5028232919395
7436,1,0,0,164,3,5,26,0.978013844229281,0.1299455715343356,332.8734319672232,678.3134157944622
7437,1,0,0,433,23,8,29,0.03834434738382697,0.6661178111098707,292.51330688281246,652.5166462784193
7438,0,0,0,2,8,3,15,0.49811370903626084,0.8910799578297883,331.5092564953378,675.1067361367114
7439,0,0,0,18,48,5,30,0.6061688305344433,0.4517896354664117,314.7260436032985,558.6779666351707
7440,0,1,0,347,2,3,14,0.19722419138997793,0.08462062571197748,236.64834203013436,522.9545192150997
7441,1,1,1,283,49,3,20,0.5121942616533488,0.6461082133464515,339.37600154454685,721.5983949706132
7442,0,0,1,495,44,0,14,0.9833834334276617,0.5796247583348304,338.1442952884867,690.2783497708909
7443,0,1,0,301,25,7,27,0.8063855252694339,0.0688752664718777,357.5334627083753,681.2639770568077
7444,0,0,1,350,19,4,16,0.48323641112074256,0.5905635331291705,256.0261218622614,518.7706978485021
7445,0,0,0,125,38,5,23,0.9087103542406112,0.1694229245185852,372.9019033049794,854.6950252507995
7446,0,0,0,244,34,9,25,0.5088973850943148,0.8422173084691167,220.58586482248103,560.7040676682128
7447,0,0,0,489,18,5,26,0.8916374130640179,0.9109178960788995,284.46920355969917,661.5890337394276
7448,1,0,0,492,40,4,16,0.5589970224536955,0.8726507888641208,282.67041642715355,631.8873009264147
7449,0,0,0,184,28,3,25,0.6121745223645121,0.048944066278636456,290.70822268991566,633.7448458809553
7450,1,0,0,144,19,5,21,0.48323641112074256,0.5905635331291705,271.1900549494477,596.4515072352691
7451,1,0,0,237,28,3,17,0.6121745223645121,0.048944066278636456,311.7115627017358,620.1871140265737
7452,1,1,0,223,39,5,17,0.7841161577962339,0.6968751777894795,314.35343852612436,714.9811700328323
7453,1,0,1,271,38,3,20,0.9087103542406112,0.1694229245185852,320.3653693226378,599.0391728675199
7454,1,0,0,385,45,7,17,0.8977528435643762,0.5364251248538494,320.0400530765584,649.1901552131282
7455,0,0,1,55,6,7,26,0.7426119421143085,0.6856354165356606,269.2892460878685,528.6585548127258
7456,1,0,0,116,48,3,20,0.6061688305344433,0.4517896354664117,310.02808388576193,524.8212655841022
7457,0,1,0,72,47,7,22,0.3773106967564672,0.7403151453472674,318.6968464899386,624.3412970051708
7458,0,0,0,168,39,6,24,0.7841161577962339,0.6968751777894795,319.10162221651757,708.5223843005514
7459,0,0,0,390,6,6,25,0.7426119421143085,0.6856354165356606,274.14409116450133,515.606755123748
7460,1,0,0,200,35,6,19,0.6349153537303209,0.31414990592747927,346.21763166162367,780.5184123550653
7461,0,1,0,103,5,6,17,0.36124442727304995,0.0388791817240417,344.6099484657164,701.5542985223065
7462,0,1,0,208,17,5,27,0.03654719586484134,0.2661329871043563,206.28948063246852,508.7786375029202
7463,0,0,0,427,34,4,23,0.5088973850943148,0.8422173084691167,379.0021441156513,769.2394875176061
7464,0,0,0,322,31,4,21,0.46977853984571993,0.7659584856592119,323.93171762859606,706.4596959904366
7465,0,0,1,489,18,5,26,0.8916374130640179,0.9109178960788995,305.3792514777338,615.4504812955659
7466,1,0,0,439,17,6,23,0.03654719586484134,0.2661329871043563,307.65613193147277,671.2329982199509
7467,0,0,0,426,42,5,11,0.5309706551488489,0.07851310959085822,246.69321423847043,581.3409510354529
7468,0,0,0,249,42,3,20,0.5309706551488489,0.07851310959085822,251.55667915282007,503.1385145479957
7469,0,1,1,422,25,5,20,0.8063855252694339,0.0688752664718777,276.2844307057375,581.4307994217793
7470,0,0,0,110,25,0,15,0.8063855252694339,0.0688752664718777,309.63320657422526,598.9477786367464
7471,0,0,0,301,25,7,27,0.8063855252694339,0.0688752664718777,285.6224720558026,537.4794381027574
7472,0,0,0,115,26,6,26,0.26668567629531026,0.7934630094096065,297.4894612888993,701.3389279722027
7473,0,0,1,306,46,5,21,0.7385737628210336,0.10853192373178899,252.80190676124204,572.1666161939744
7474,0,0,0,256,10,9,27,0.25994612858630717,0.03773271921090782,243.56869064134227,543.7803253038257
7475,0,0,0,130,11,8,16,0.775893080746755,0.774874358670786,308.51036188539587,674.3578113446056
7476,0,0,1,63,47,5,28,0.3773106967564672,0.7403151453472674,288.23588419786665,616.6551242711221
7477,1,1,0,471,35,5,20,0.6349153537303209,0.31414990592747927,387.50006239236535,723.675566859203
7478,0,0,0,365,48,4,19,0.6061688305344433,0.4517896354664117,276.03990128978364,578.8307713937453
7479,0,1,1,135,9,4,17,0.013315835734829307,0.08963611628860235,307.39125440674275,663.1470031417508
7480,0,1,0,251,26,3,20,0.26668567629531026,0.7934630094096065,300.4630841035611,613.7491566392168
7481,1,1,0,237,28,3,17,0.6121745223645121,0.048944066278636456,351.97664691617877,787.2100394781293
7482,0,1,0,256,10,9,27,0.25994612858630717,0.03773271921090782,258.9595850419396,513.896468985836
7483,0,1,0,82,27,3,27,0.042702050879597664,0.5714270058088005,255.14761434630424,530.6955978733021
7484,0,1,1,38,38,3,21,0.9087103542406112,0.1694229245185852,271.2996606970162,514.6860179780379
7485,1,0,0,257,4,7,24,0.20132735022343695,0.74613202130422,275.7129755867111,599.3088023735904
7486,0,0,0,456,15,7,24,0.21112623764202,0.9238038510084152,305.8235919909329,547.2507188475229
7487,0,0,0,483,6,6,23,0.7426119421143085,0.6856354165356606,255.0382772594532,500.4307025392181
7488,0,0,0,221,37,7,22,0.28013089881278574,0.967524380190298,265.0574052796391,566.0243465936869
7489,1,1,1,464,41,4,26,0.24443748919293284,0.13247077818959951,292.4951258883698,622.245147715407
7490,0,0,0,49,1,5,20,0.774368490325287,0.06913358555175364,322.9755233380357,640.2556859140819
7491,1,0,1,123,7,5,17,0.9787284394260496,0.14397736149840057,376.96575309401715,840.7329378090683
7492,0,0,0,231,38,5,14,0.9087103542406112,0.1694229245185852,302.02147624648023,615.8262964898961
7493,0,0,1,355,2,0,14,0.19722419138997793,0.08462062571197748,289.3113238354853,638.7280474629938
7494,0,0,0,376,36,2,28,0.49425172130577266,0.7565638932865113,322.22569213743327,649.6330294404488
7495,0,0,0,194,40,3,17,0.5589970224536955,0.8726507888641208,286.52948597378037,617.0599844486189
7496,0,0,1,220,38,5,15,0.9087103542406112,0.1694229245185852,275.9334443289863,656.9978889231955
7497,0,1,0,34,14,5,15,0.14216354000382125,0.6515949983149767,236.49708882545528,582.8428905956966
7498,1,0,1,102,18,5,22,0.8916374130640179,0.9109178960788995,363.22370386244364,788.8816020613378
7499,1,0,0,492,40,4,16,0.5589970224536955,0.8726507888641208,301.93446367634846,634.9067982797527
7500,0,1,0,217,30,6,25,0.8535007652826607,0.9145373487845063,330.1739456296373,651.2127958999356
7501,1,0,0,240,17,8,20,0.03654719586484134,0.2661329871043563,301.23149878130647,600.1022184768891
7502,1,0,1,202,44,6,16,0.9833834334276617,0.5796247583348304,307.9789444523311,611.9894680485961
7503,1,0,0,197,29,8,24,0.5533483980689198,0.980351353995502,368.57861896977994,686.3725117832164
7504,0,0,1,30,47,1,23,0.3773106967564672,0.7403151453472674,230.47965598722553,463.12207979600504
7505,0,0,1,429,29,7,24,0.5533483980689198,0.980351353995502,270.10480746174494,558.5607608332688
7506,0,0,0,19,38,6,21,0.9087103542406112,0.1694229245185852,313.4893001791504,692.0109536083351
7507,1,1,1,338,7,3,26,0.9787284394260496,0.14397736149840057,365.9020937269188,730.7647175174549
7508,0,1,0,441,21,3,18,0.9842240803409368,0.6037942769471556,345.6451991837325,648.3944084099813
7509,0,0,1,99,42,5,22,0.5309706551488489,0.07851310959085822,279.956548743796,633.269709707008
7510,0,0,1,289,12,4,23,0.016379052540287375,0.8120638781692833,296.38864297407304,574.0461143796252
7511,0,1,1,330,24,3,29,0.14149569114670157,0.8747874984983355,253.51208131688733,575.2791604126409
7512,1,0,1,349,28,3,19,0.6121745223645121,0.048944066278636456,324.1615904782926,625.8951042798717
7513,0,0,1,75,25,3,13,0.8063855252694339,0.0688752664718777,301.6348309373395,633.269461836192
7514,0,0,0,362,27,5,23,0.042702050879597664,0.5714270058088005,274.1695461913419,624.2663963884686
7515,0,0,1,390,6,6,25,0.7426119421143085,0.6856354165356606,349.3296176601364,749.7991611679661
7516,0,1,0,488,1,9,17,0.774368490325287,0.06913358555175364,319.42613216293495,728.9201795930076
7517,0,0,0,262,23,5,27,0.03834434738382697,0.6661178111098707,242.43551057509515,462.4749406277708
7518,0,0,0,418,5,2,19,0.36124442727304995,0.0388791817240417,262.2680185095672,604.6517987507256
7519,0,0,1,50,50,4,23,0.9892466596793383,0.7492987331934273,304.07191304599087,533.3856470356138
7520,1,0,1,106,33,4,18,0.8046367336064577,0.31251504993997514,333.6893680078149,644.7195690558699
7521,0,0,0,465,3,5,16,0.978013844229281,0.1299455715343356,338.71712951731035,744.3414014050079
7522,0,1,0,27,35,3,22,0.6349153537303209,0.31414990592747927,278.4256297230066,583.1453433673563
7523,1,0,1,382,21,4,28,0.9842240803409368,0.6037942769471556,318.38285551773765,651.1351027330651
7524,1,0,0,173,33,8,23,0.8046367336064577,0.31251504993997514,366.8509010113419,656.7643768132575
7525,0,0,1,370,27,6,21,0.042702050879597664,0.5714270058088005,213.957713203867,471.68699504234024
7526,0,1,1,339,33,4,20,0.8046367336064577,0.31251504993997514,293.909100065774,738.5008814020508
7527,0,0,0,121,30,7,24,0.8535007652826607,0.9145373487845063,276.40687326538966,594.4208204501111
7528,0,1,0,273,48,9,24,0.6061688305344433,0.4517896354664117,310.6401615237019,581.8799097786973
7529,0,0,0,227,44,10,24,0.9833834334276617,0.5796247583348304,287.8912329870776,544.2820925872307
7530,0,0,0,205,26,5,20,0.26668567629531026,0.7934630094096065,276.42107564808094,494.96386818396843
7531,0,1,0,415,34,6,13,0.5088973850943148,0.8422173084691167,271.29286630917585,558.2894030973561
7532,0,1,0,175,48,7,16,0.6061688305344433,0.4517896354664117,340.4407749247442,701.7146722099545
7533,0,0,0,443,22,5,21,0.6013455470092595,0.32826394867151976,362.1835194440187,741.5650905848487
7534,1,0,0,360,29,7,33,0.5533483980689198,0.980351353995502,351.87817159325493,676.5533691342041
7535,0,0,0,351,2,5,21,0.19722419138997793,0.08462062571197748,205.870644718673,410.31631422318094
7536,1,0,0,87,4,5,28,0.20132735022343695,0.74613202130422,272.0416075991885,601.9575031625891
7537,1,1,1,484,25,6,18,0.8063855252694339,0.0688752664718777,357.5068243039255,775.268051009737
7538,0,0,1,121,30,7,24,0.8535007652826607,0.9145373487845063,305.7011876529319,549.7375516989824
7539,0,1,0,12,1,3,22,0.774368490325287,0.06913358555175364,349.7011991242039,673.756217881699
7540,0,1,0,375,19,5,22,0.48323641112074256,0.5905635331291705,289.6464671855761,622.3411183107816
7541,0,1,0,67,29,5,28,0.5533483980689198,0.980351353995502,315.09076731288644,648.4354135188016
7542,1,0,0,227,44,10,24,0.9833834334276617,0.5796247583348304,337.63342776011245,663.6588205536794
7543,0,0,1,320,40,6,20,0.5589970224536955,0.8726507888641208,211.64777979120592,450.39075875334015
7544,0,0,0,444,16,3,16,0.8112564436160028,0.26610612077638507,260.57165939379485,463.9462072280026
7545,0,0,0,214,15,4,20,0.21112623764202,0.9238038510084152,250.33575503798326,528.0491441074581
7546,0,0,0,409,48,9,16,0.6061688305344433,0.4517896354664117,306.64324227618863,565.3401094311354
7547,0,0,1,386,10,8,30,0.25994612858630717,0.03773271921090782,290.94629368736264,637.9873147998329
7548,0,0,0,358,1,1,29,0.774368490325287,0.06913358555175364,336.9683704473342,664.1932370251435
7549,0,0,0,314,9,6,20,0.013315835734829307,0.08963611628860235,273.26273606478,534.2073416209315
7550,0,1,1,337,6,7,22,0.7426119421143085,0.6856354165356606,337.80813069301746,712.1852274173718
7551,1,0,0,467,5,4,17,0.36124442727304995,0.0388791817240417,323.637129653722,696.33780442629
7552,0,1,1,372,13,4,16,0.09574478422291577,0.2606025456916541,319.6122249345808,507.4987844641869
7553,0,0,1,96,6,4,15,0.7426119421143085,0.6856354165356606,303.4203319716191,663.5852537803897
7554,0,0,0,116,48,3,20,0.6061688305344433,0.4517896354664117,298.22727605202476,673.3364975079394
7555,0,0,1,270,29,7,22,0.5533483980689198,0.980351353995502,242.34571213883933,588.4908036185524
7556,0,1,1,206,8,5,13,0.49811370903626084,0.8910799578297883,259.34484432680296,589.4150617848853
7557,0,0,1,277,48,5,24,0.6061688305344433,0.4517896354664117,248.53041934202466,550.122130080465
7558,0,0,1,210,49,6,20,0.5121942616533488,0.6461082133464515,273.79084758365593,541.8947051169906
7559,1,0,0,456,15,7,24,0.21112623764202,0.9238038510084152,269.8678047373161,471.62368694029317
7560,0,1,0,161,41,3,18,0.24443748919293284,0.13247077818959951,300.3014108305507,706.9439629722924
7561,0,1,0,25,20,7,18,0.4666645280085504,0.9181476451922208,261.91621160788054,557.967907749507
7562,1,0,0,452,6,5,16,0.7426119421143085,0.6856354165356606,334.4282472140251,646.1425939033313
7563,0,1,1,376,36,2,28,0.49425172130577266,0.7565638932865113,274.5203784960125,637.6198638910049
7564,0,0,0,6,41,7,27,0.24443748919293284,0.13247077818959951,286.2868172144572,587.0634282703338
7565,0,0,0,100,39,5,21,0.7841161577962339,0.6968751777894795,318.7497103580019,752.1160804928081
7566,0,0,0,46,37,7,20,0.28013089881278574,0.967524380190298,256.4707535118737,565.0202183941274
7567,0,0,1,426,42,5,11,0.5309706551488489,0.07851310959085822,286.1750077045917,627.8674849857832
7568,0,0,1,321,22,4,14,0.6013455470092595,0.32826394867151976,338.95886840760375,713.8612102244374
7569,0,1,0,464,41,4,26,0.24443748919293284,0.13247077818959951,257.8262495758127,425.89177524702245
7570,0,0,0,434,4,5,20,0.20132735022343695,0.74613202130422,284.73918820397,589.2492535062609
7571,0,0,0,30,47,1,23,0.3773106967564672,0.7403151453472674,230.93902113058175,535.9960764014492
7572,0,1,0,317,10,7,22,0.25994612858630717,0.03773271921090782,225.47340367781163,566.4078159388446
7573,0,0,0,199,7,7,24,0.9787284394260496,0.14397736149840057,293.1511316548215,640.6201358200266
7574,0,1,1,182,25,7,21,0.8063855252694339,0.0688752664718777,259.9387760118933,599.356619581306
7575,0,0,0,302,19,4,20,0.48323641112074256,0.5905635331291705,289.1608784223553,458.08138239682006
7576,0,0,0,108,30,4,23,0.8535007652826607,0.9145373487845063,294.37129814104185,606.8190657711872
7577,1,0,0,301,25,7,27,0.8063855252694339,0.0688752664718777,382.5769074040546,682.3341694063478
7578,0,0,0,117,39,8,23,0.7841161577962339,0.6968751777894795,308.9124852779211,580.7526124355483
7579,1,0,0,28,29,3,18,0.5533483980689198,0.980351353995502,386.7269234940537,759.4332447113646
7580,1,0,0,235,1,5,19,0.774368490325287,0.06913358555175364,326.11471777473486,652.0922034154986
7581,0,1,1,430,31,2,20,0.46977853984571993,0.7659584856592119,272.0861172958373,566.290899950615
7582,0,0,0,419,15,5,23,0.21112623764202,0.9238038510084152,218.7432578865439,572.3683928960876
7583,1,0,1,135,9,4,17,0.013315835734829307,0.08963611628860235,277.2530456451925,570.5998448562852
7584,0,1,0,264,44,3,16,0.9833834334276617,0.5796247583348304,349.3949659010116,764.1242655778276
7585,0,1,0,408,33,5,16,0.8046367336064577,0.31251504993997514,328.15181641668954,696.8503240267504
7586,0,1,0,178,47,4,18,0.3773106967564672,0.7403151453472674,269.2178884840429,530.2411916280303
7587,0,1,0,349,28,3,19,0.6121745223645121,0.048944066278636456,346.6104011644012,619.9758451613137
7588,0,0,0,297,3,8,23,0.978013844229281,0.1299455715343356,317.32979423794757,620.8118820965273
7589,0,1,0,71,45,6,18,0.8977528435643762,0.5364251248538494,279.72205260274467,606.6013151997023
7590,0,1,0,360,29,7,33,0.5533483980689198,0.980351353995502,235.32316153139703,489.9787587286198
7591,0,0,1,182,25,7,21,0.8063855252694339,0.0688752664718777,319.9232789292893,634.6533570844849
7592,0,0,1,393,20,2,24,0.4666645280085504,0.9181476451922208,306.79303560644524,596.6556587366118
7593,0,0,1,312,50,3,22,0.9892466596793383,0.7492987331934273,338.8511566454332,695.8110805846303
7594,0,0,0,431,27,5,21,0.042702050879597664,0.5714270058088005,295.66901513888394,616.1076333273357
7595,0,0,0,255,19,5,19,0.48323641112074256,0.5905635331291705,272.43213947412704,530.945980495421
7596,1,0,1,156,6,4,19,0.7426119421143085,0.6856354165356606,329.9251571291825,686.9418225035954
7597,1,0,1,175,48,7,16,0.6061688305344433,0.4517896354664117,304.97634104851835,608.1047364442967
7598,0,0,0,281,37,4,27,0.28013089881278574,0.967524380190298,265.68510198688546,500.8909093457512
7599,1,0,1,90,46,9,18,0.7385737628210336,0.10853192373178899,338.9453236267398,685.7518353195915
7600,1,1,0,487,47,4,15,0.3773106967564672,0.7403151453472674,372.23439343416374,633.2510375991351
7601,0,1,1,59,31,6,14,0.46977853984571993,0.7659584856592119,255.93551345293764,451.4438140589215
7602,0,0,1,144,19,5,21,0.48323641112074256,0.5905635331291705,311.2188304489681,566.0168592687813
7603,0,1,1,391,14,4,24,0.14216354000382125,0.6515949983149767,237.68470692263904,536.8623547127667
7604,0,0,0,89,41,5,23,0.24443748919293284,0.13247077818959951,265.37913070726387,605.8042276012006
7605,0,1,0,37,7,7,18,0.9787284394260496,0.14397736149840057,360.31255134104543,763.3307621831015
7606,0,0,0,243,32,7,13,0.39761656103655696,0.7758463725913316,306.0038524344693,554.5951017753
7607,0,1,1,76,38,9,17,0.9087103542406112,0.1694229245185852,344.7386707814061,688.1764595681923
7608,0,1,0,271,38,3,20,0.9087103542406112,0.1694229245185852,306.9607566681288,643.9640883219834
7609,0,0,0,213,41,2,27,0.24443748919293284,0.13247077818959951,284.66898530533336,556.7634490255875
7610,0,0,1,136,23,6,20,0.03834434738382697,0.6661178111098707,262.74962369664877,545.6704637765552
7611,0,1,0,6,41,7,27,0.24443748919293284,0.13247077818959951,301.4998491538372,609.1701714407469
7612,0,0,1,474,33,2,23,0.8046367336064577,0.31251504993997514,312.1781689894797,615.4074860273714
7613,0,1,0,461,14,5,18,0.14216354000382125,0.6515949983149767,210.51155607950193,498.2351044806235
7614,0,0,0,210,49,6,20,0.5121942616533488,0.6461082133464515,285.36925138599133,629.1893611479971
7615,0,1,0,2,8,3,15,0.49811370903626084,0.8910799578297883,288.57421918556514,581.9229508186577
7616,0,0,0,468,48,6,14,0.6061688305344433,0.4517896354664117,274.0687400974682,604.7069013960447
7617,0,1,0,418,5,2,19,0.36124442727304995,0.0388791817240417,267.4209943210159,602.395042171863
7618,0,1,0,40,48,7,21,0.6061688305344433,0.4517896354664117,317.85826498742256,596.9340521896795
7619,1,1,0,474,33,2,23,0.8046367336064577,0.31251504993997514,357.27562541550736,692.6280277051857
7620,0,0,1,236,38,4,18,0.9087103542406112,0.1694229245185852,313.94686502491317,625.3860467812092
7621,1,1,1,5,49,2,15,0.5121942616533488,0.6461082133464515,342.5280326470998,674.7300125066939
7622,1,0,0,339,33,4,20,0.8046367336064577,0.31251504993997514,346.5123292212727,708.792820217283
7623,0,0,1,489,18,5,26,0.8916374130640179,0.9109178960788995,347.0696670002278,645.2499933749252
7624,0,0,0,439,17,6,23,0.03654719586484134,0.2661329871043563,207.48389529644857,548.3080625929797
7625,0,0,1,198,13,4,20,0.09574478422291577,0.2606025456916541,275.32733059788603,467.2776091176241
7626,1,1,0,139,3,4,20,0.978013844229281,0.1299455715343356,331.19458405876946,646.5489141658999
7627,0,0,0,1,25,1,21,0.8063855252694339,0.0688752664718777,336.58139092242266,681.7022458549809
7628,0,0,0,337,6,7,22,0.7426119421143085,0.6856354165356606,293.9077019176352,548.0154135486536
7629,0,0,0,109,27,2,33,0.042702050879597664,0.5714270058088005,272.4090652397234,617.8415837473582
7630,1,0,0,1,25,1,21,0.8063855252694339,0.0688752664718777,349.48763133471476,636.5631934946089
7631,1,0,1,85,19,3,27,0.48323641112074256,0.5905635331291705,261.0396982997703,448.9341032191739
7632,0,0,0,261,35,5,19,0.6349153537303209,0.31414990592747927,279.68437053808805,634.4400501271326
7633,1,0,0,309,14,2,25,0.14216354000382125,0.6515949983149767,302.2194082870096,646.4675758834405
7634,0,0,0,258,23,3,21,0.03834434738382697,0.6661178111098707,182.66081180230358,401.56153720287864
7635,0,0,0,189,1,9,26,0.774368490325287,0.06913358555175364,306.3326347104814,724.6681024448044
7636,1,0,0,416,30,10,14,0.8535007652826607,0.9145373487845063,230.49873287063113,542.4487606836282
7637,0,0,1,394,42,5,28,0.5309706551488489,0.07851310959085822,262.69761826004645,541.29374463118
7638,0,0,1,324,8,2,22,0.49811370903626084,0.8910799578297883,313.63221539431987,618.0289776431192
7639,0,1,0,15,37,6,21,0.28013089881278574,0.967524380190298,306.5296231801279,636.3526916897681
7640,1,1,0,181,37,7,22,0.28013089881278574,0.967524380190298,270.73746319368894,577.5088499242884
7641,0,0,1,261,35,5,19,0.6349153537303209,0.31414990592747927,344.97855045933665,714.577113792818
7642,0,0,0,63,47,5,28,0.3773106967564672,0.7403151453472674,332.9409646008582,615.5009380345575
7643,0,0,0,359,41,1,22,0.24443748919293284,0.13247077818959951,219.538040922097,420.08057890987527
7644,0,0,0,218,49,8,27,0.5121942616533488,0.6461082133464515,273.128853325301,568.9431321086232
7645,1,1,1,487,47,4,15,0.3773106967564672,0.7403151453472674,296.58561793157713,582.7658629855466
7646,0,0,1,404,11,4,17,0.775893080746755,0.774874358670786,324.5053985668326,701.1026329783263
7647,0,0,1,489,18,5,26,0.8916374130640179,0.9109178960788995,280.32077024542303,613.7338509594061
7648,0,1,0,65,43,10,24,0.11839594203047454,0.37822385248728096,253.71191446974882,512.279099184268
7649,0,0,0,261,35,5,19,0.6349153537303209,0.31414990592747927,295.0145601976132,592.72877478602
7650,0,0,1,1,25,1,21,0.8063855252694339,0.0688752664718777,366.23246281115985,706.3967561927797
7651,0,0,1,428,38,11,25,0.9087103542406112,0.1694229245185852,303.1228788286396,716.3848026781011
7652,0,0,0,85,19,3,27,0.48323641112074256,0.5905635331291705,291.6282378655085,560.1636285463467
7653,0,0,1,357,49,8,14,0.5121942616533488,0.6461082133464515,278.5697513826227,595.5509973908099
7654,0,0,0,158,19,2,24,0.48323641112074256,0.5905635331291705,203.3970963113997,478.3553034747659
7655,0,0,0,62,36,2,23,0.49425172130577266,0.7565638932865113,289.57177627145694,541.2265628225017
7656,0,0,0,56,18,3,28,0.8916374130640179,0.9109178960788995,274.37825051821847,621.3664215367627
7657,1,0,1,17,30,6,13,0.8535007652826607,0.9145373487845063,395.0766306863651,877.3767472159728
7658,0,0,1,256,10,9,27,0.25994612858630717,0.03773271921090782,298.7979591598649,579.3555446758176
7659,0,0,1,42,48,5,20,0.6061688305344433,0.4517896354664117,273.05502183932583,635.9765950928489
7660,0,1,0,348,12,6,32,0.016379052540287375,0.8120638781692833,220.97778459040518,459.1649170054617
7661,0,0,1,69,15,3,15,0.21112623764202,0.9238038510084152,238.28264175420267,499.6518552482995
7662,1,0,0,318,34,3,21,0.5088973850943148,0.8422173084691167,366.8712481234379,761.994421226706
7663,0,0,0,496,41,4,22,0.24443748919293284,0.13247077818959951,257.79140873671867,588.1797925676905
7664,0,0,0,12,1,3,22,0.774368490325287,0.06913358555175364,270.3496617624312,538.7398650657203
7665,1,1,0,115,26,6,26,0.26668567629531026,0.7934630094096065,305.5712101974998,575.5139816459315
7666,1,0,1,239,46,4,15,0.7385737628210336,0.10853192373178899,342.3985572783854,641.7909999338016
7667,1,0,0,285,29,4,24,0.5533483980689198,0.980351353995502,341.58464619620776,612.370449838314
7668,0,0,1,48,10,5,21,0.25994612858630717,0.03773271921090782,274.26786153569856,532.9028112128768
7669,0,1,1,35,29,8,25,0.5533483980689198,0.980351353995502,293.41229620947763,647.1656363531758
7670,1,0,0,143,36,8,9,0.49425172130577266,0.7565638932865113,303.32173750287023,626.8592101371719
7671,0,0,1,228,9,9,21,0.013315835734829307,0.08963611628860235,299.18707243091484,586.4999555051195
7672,1,0,0,500,38,5,15,0.9087103542406112,0.1694229245185852,348.37398492072606,641.9980223237496
7673,0,0,0,230,22,3,18,0.6013455470092595,0.32826394867151976,323.13280398558857,607.5851867201982
7674,0,0,1,322,31,4,21,0.46977853984571993,0.7659584856592119,239.81615111098847,430.2148815847027
7675,1,1,0,458,22,9,18,0.6013455470092595,0.32826394867151976,292.9806055127608,641.0498377507871
7676,1,1,0,404,11,4,17,0.775893080746755,0.774874358670786,396.26157000945034,780.2454867141322
7677,0,0,0,345,19,3,33,0.48323641112074256,0.5905635331291705,268.50781033195557,645.893360032998
7678,0,1,0,228,9,9,21,0.013315835734829307,0.08963611628860235,252.93108606573873,587.6985442201859
7679,0,0,0,367,45,6,16,0.8977528435643762,0.5364251248538494,321.64823745751187,643.1615771617728
7680,0,1,1,366,23,5,18,0.03834434738382697,0.6661178111098707,222.13572642873086,504.00202594134356
7681,0,1,1,204,45,11,19,0.8977528435643762,0.5364251248538494,293.24571615177894,707.4965827431683
7682,0,1,1,402,2,6,20,0.19722419138997793,0.08462062571197748,221.625775194843,439.28401620911455
7683,0,1,0,333,1,2,36,0.774368490325287,0.06913358555175364,356.7653372675637,642.9897558564468
7684,0,1,0,250,28,7,21,0.6121745223645121,0.048944066278636456,293.805935473636,572.4947024974149
7685,0,1,0,160,20,6,19,0.4666645280085504,0.9181476451922208,202.33217230614716,440.02067431235554
7686,0,0,1,90,46,9,18,0.7385737628210336,0.10853192373178899,248.03651288077148,626.897725667498
7687,1,1,1,130,11,8,16,0.775893080746755,0.774874358670786,369.4059885757023,708.7391219333572
7688,0,0,1,375,19,5,22,0.48323641112074256,0.5905635331291705,241.30782887287043,473.8230140141952
7689,0,0,0,200,35,6,19,0.6349153537303209,0.31414990592747927,265.2953607784102,555.746807249595
7690,1,0,1,169,39,3,31,0.7841161577962339,0.6968751777894795,315.8737751577519,654.7632422655596
7691,0,1,0,7,47,3,17,0.3773106967564672,0.7403151453472674,260.1511126215686,531.8162232304303
7692,0,0,0,260,10,4,22,0.25994612858630717,0.03773271921090782,262.7580679626202,556.2816332435115
7693,0,0,1,216,36,4,27,0.49425172130577266,0.7565638932865113,278.5307116391709,706.2668271477921
7694,1,1,0,4,40,6,11,0.5589970224536955,0.8726507888641208,321.49699915987964,609.3231582740087
7695,0,0,0,273,48,9,24,0.6061688305344433,0.4517896354664117,246.3967177057709,515.6470944227517
7696,0,1,1,348,12,6,32,0.016379052540287375,0.8120638781692833,215.38750951715957,496.3809790540573
7697,1,0,0,223,39,5,17,0.7841161577962339,0.6968751777894795,355.74132317236115,700.5723281876672
7698,0,1,1,216,36,4,27,0.49425172130577266,0.7565638932865113,265.7967606526589,502.277797409295
7699,1,0,0,317,10,7,22,0.25994612858630717,0.03773271921090782,279.55914481426333,619.6622545061091
7700,0,0,0,242,41,5,15,0.24443748919293284,0.13247077818959951,218.84067200943474,521.4537629455233
7701,1,0,0,309,14,2,25,0.14216354000382125,0.6515949983149767,280.12840646473836,532.1513757594073
7702,0,0,0,21,32,6,22,0.39761656103655696,0.7758463725913316,296.29841424060174,663.2795012047856
7703,0,1,1,499,13,5,16,0.09574478422291577,0.2606025456916541,240.7526250822604,530.9681819983265
7704,0,0,1,331,9,2,10,0.013315835734829307,0.08963611628860235,251.19332622969208,473.21656545898543
7705,0,0,0,450,30,4,23,0.8535007652826607,0.9145373487845063,277.61567900597987,557.5898738728648
7706,1,0,0,221,37,7,22,0.28013089881278574,0.967524380190298,212.95625594733218,475.5671197250338
7707,0,0,0,40,48,7,21,0.6061688305344433,0.4517896354664117,257.81879851686824,577.8490590277063
7708,0,0,1,7,47,3,17,0.3773106967564672,0.7403151453472674,213.81485932102058,457.1567255195016
7709,1,1,0,208,17,5,27,0.03654719586484134,0.2661329871043563,309.8681432057687,594.5336169783433
7710,0,0,0,56,18,3,28,0.8916374130640179,0.9109178960788995,274.06281357347103,651.1093439501346
7711,1,0,0,281,37,4,27,0.28013089881278574,0.967524380190298,280.76171522918173,611.4484984797509
7712,1,0,0,474,33,2,23,0.8046367336064577,0.31251504993997514,322.556421051516,696.2834869125007
7713,1,0,0,177,19,5,23,0.48323641112074256,0.5905635331291705,318.93240188237223,604.7321805481431
7714,0,0,1,328,22,3,23,0.6013455470092595,0.32826394867151976,265.35021495259014,544.6495649152264
7715,0,0,0,112,19,5,30,0.48323641112074256,0.5905635331291705,299.1398343044138,616.1876775785739
7716,0,0,0,323,27,9,11,0.042702050879597664,0.5714270058088005,295.4269239099857,581.2849228119192
7717,0,0,0,287,15,3,22,0.21112623764202,0.9238038510084152,195.41162274475056,377.1228851987857
7718,0,0,0,75,25,3,13,0.8063855252694339,0.0688752664718777,327.19948451467747,650.20601403678
7719,1,0,0,396,29,5,18,0.5533483980689198,0.980351353995502,250.88513080960422,507.41523952288907
7720,0,0,1,469,50,7,28,0.9892466596793383,0.7492987331934273,307.631812939942,592.8301536983909
7721,1,1,0,229,27,6,14,0.042702050879597664,0.5714270058088005,333.9300592657774,755.100212525216
7722,0,0,1,40,48,7,21,0.6061688305344433,0.4517896354664117,284.7837763407847,566.6048734721132
7723,0,1,0,251,26,3,20,0.26668567629531026,0.7934630094096065,309.614288254191,527.6276206779079
7724,1,0,0,88,14,4,18,0.14216354000382125,0.6515949983149767,277.3295838452269,584.006521393379
7725,1,1,0,30,47,1,23,0.3773106967564672,0.7403151453472674,313.44893079876726,590.884982486211
7726,0,1,0,295,4,3,28,0.20132735022343695,0.74613202130422,214.0755145443913,424.5544152255689
7727,0,0,1,242,41,5,15,0.24443748919293284,0.13247077818959951,244.080906204965,507.1113015318426
7728,0,0,1,4,40,6,11,0.5589970224536955,0.8726507888641208,283.00747755200916,650.691775151427
7729,0,0,0,412,18,5,29,0.8916374130640179,0.9109178960788995,317.46370818152906,672.4931820459965
7730,0,1,0,54,41,3,19,0.24443748919293284,0.13247077818959951,270.12053259893037,551.863136213151
7731,1,0,0,10,19,2,22,0.48323641112074256,0.5905635331291705,306.3161123932418,565.7034262431425
7732,0,0,1,175,48,7,16,0.6061688305344433,0.4517896354664117,265.2143221483898,645.1485897924058
7733,0,1,0,319,50,4,21,0.9892466596793383,0.7492987331934273,265.8946095874798,564.404362918099
7734,0,0,0,20,30,6,26,0.8535007652826607,0.9145373487845063,306.57045544854407,638.9994046055947
7735,0,1,0,7,47,3,17,0.3773106967564672,0.7403151453472674,240.3338255758063,486.98571400513725
7736,0,0,1,272,44,5,19,0.9833834334276617,0.5796247583348304,279.9014175821961,583.0090699852751
7737,1,0,1,290,39,0,22,0.7841161577962339,0.6968751777894795,329.108492552355,600.7164643670029
7738,1,0,0,28,29,3,18,0.5533483980689198,0.980351353995502,348.3314396988359,709.3751902575991
7739,1,0,0,70,25,7,23,0.8063855252694339,0.0688752664718777,311.9142874141103,707.3605023101162
7740,0,1,1,347,2,3,14,0.19722419138997793,0.08462062571197748,310.9373720331124,631.4606651188847
7741,0,0,1,50,50,4,23,0.9892466596793383,0.7492987331934273,292.63034861192034,635.7159156669018
7742,0,1,0,494,41,3,24,0.24443748919293284,0.13247077818959951,256.94480012425294,553.3971593294422
7743,0,0,1,333,1,2,36,0.774368490325287,0.06913358555175364,291.75706491117415,597.1824506078499
7744,0,1,0,333,1,2,36,0.774368490325287,0.06913358555175364,291.973777839185,740.635670497388
7745,1,0,0,243,32,7,13,0.39761656103655696,0.7758463725913316,332.9472710442474,637.7266029328212
7746,0,0,0,149,10,11,16,0.25994612858630717,0.03773271921090782,243.41908808857403,530.4237393540325
7747,0,0,0,464,41,4,26,0.24443748919293284,0.13247077818959951,232.64597740753848,441.5871526197556
7748,1,0,0,165,13,5,14,0.09574478422291577,0.2606025456916541,319.9671033666682,611.2979311000074
7749,0,0,0,286,41,6,18,0.24443748919293284,0.13247077818959951,298.7351760425239,662.6011546174201
7750,0,1,1,134,40,8,18,0.5589970224536955,0.8726507888641208,314.71500956472835,608.0728412135539
7751,0,0,1,163,48,6,19,0.6061688305344433,0.4517896354664117,329.7222212418452,718.8818546128655
7752,1,0,0,455,50,3,19,0.9892466596793383,0.7492987331934273,366.3469893580227,723.2045396732215
7753,0,0,1,252,21,2,17,0.9842240803409368,0.6037942769471556,282.54956721447996,613.074975251182
7754,0,0,0,311,9,3,24,0.013315835734829307,0.08963611628860235,242.94405922633908,523.2309336450667
7755,0,1,0,56,18,3,28,0.8916374130640179,0.9109178960788995,287.65177392601925,646.4630418375722
7756,0,0,1,383,14,4,27,0.14216354000382125,0.6515949983149767,266.9144854055504,538.1956489003956
7757,0,1,1,429,29,7,24,0.5533483980689198,0.980351353995502,257.74095071530104,534.0917808498045
7758,1,0,0,48,10,5,21,0.25994612858630717,0.03773271921090782,329.6488895909638,573.4354447462811
7759,0,1,0,196,42,6,18,0.5309706551488489,0.07851310959085822,310.4900114885375,588.0448044687818
7760,0,0,0,295,4,3,28,0.20132735022343695,0.74613202130422,269.1886579889611,495.1379490512035
7761,1,0,0,302,19,4,20,0.48323641112074256,0.5905635331291705,278.4449501076777,604.8059625915365
7762,0,0,1,231,38,5,14,0.9087103542406112,0.1694229245185852,270.77699455527306,565.0032614769774
7763,1,1,0,103,5,6,17,0.36124442727304995,0.0388791817240417,338.66266394459666,584.4131529119686
7764,0,1,0,55,6,7,26,0.7426119421143085,0.6856354165356606,308.73969561663415,690.5123167614794
7765,0,1,0,214,15,4,20,0.21112623764202,0.9238038510084152,265.03692039419855,532.2321243301527
7766,0,1,0,101,7,5,15,0.9787284394260496,0.14397736149840057,337.6934254139857,671.6883822949089
7767,0,0,0,79,29,6,23,0.5533483980689198,0.980351353995502,308.89841086947143,577.8284520744004
7768,0,1,0,109,27,2,33,0.042702050879597664,0.5714270058088005,259.4050433875025,406.6664303680084
7769,0,0,0,167,21,6,21,0.9842240803409368,0.6037942769471556,342.9376260943447,657.5707921935441
7770,0,0,0,404,11,4,17,0.775893080746755,0.774874358670786,345.24012851870054,666.3243564195669
7771,0,0,1,72,47,7,22,0.3773106967564672,0.7403151453472674,288.17471273150767,633.9196001231788
7772,0,0,0,115,26,6,26,0.26668567629531026,0.7934630094096065,301.3842550000237,645.6436857771622
7773,0,1,0,422,25,5,20,0.8063855252694339,0.0688752664718777,302.5039216817797,553.3831497637143
7774,0,0,1,224,9,6,12,0.013315835734829307,0.08963611628860235,257.9299814805578,465.1690735059692
7775,0,0,0,74,43,6,13,0.11839594203047454,0.37822385248728096,277.0365525656577,690.6501621684972
7776,0,0,0,226,21,9,24,0.9842240803409368,0.6037942769471556,331.68400512984425,742.9760751554649
7777,0,1,0,38,38,3,21,0.9087103542406112,0.1694229245185852,345.6146500519067,651.2247282693041
7778,1,1,1,127,28,4,22,0.6121745223645121,0.048944066278636456,325.00234928380564,721.2649917722636
7779,0,0,0,268,18,7,24,0.8916374130640179,0.9109178960788995,290.7799924359901,590.6634935425452
7780,0,1,0,318,34,3,21,0.5088973850943148,0.8422173084691167,322.35903194177996,669.6618686662147
7781,1,0,1,363,35,5,21,0.6349153537303209,0.31414990592747927,336.9749960233186,661.6759575283858
7782,0,0,0,11,46,5,25,0.7385737628210336,0.10853192373178899,273.2693595146034,563.749570891546
7783,0,0,1,49,1,5,20,0.774368490325287,0.06913358555175364,332.55093389671157,700.250039867956
7784,0,1,1,302,19,4,20,0.48323641112074256,0.5905635331291705,283.1025597243761,600.0077344017085
7785,1,0,0,444,16,3,16,0.8112564436160028,0.26610612077638507,349.48272148412156,791.4224880748152
7786,1,1,0,334,20,1,21,0.4666645280085504,0.9181476451922208,272.5220080972158,449.67884043021286
7787,0,0,0,289,12,4,23,0.016379052540287375,0.8120638781692833,219.4612725751523,431.78307571574135
7788,0,0,0,272,44,5,19,0.9833834334276617,0.5796247583348304,328.9055175645265,700.4135469070718
7789,1,0,0,163,48,6,19,0.6061688305344433,0.4517896354664117,294.9325026447,628.5390531787812
7790,0,0,0,290,39,0,22,0.7841161577962339,0.6968751777894795,241.2980709096765,565.4002439784811
7791,0,0,1,31,17,5,16,0.03654719586484134,0.2661329871043563,255.55491919563266,585.5475026172951
7792,0,1,0,262,23,5,27,0.03834434738382697,0.6661178111098707,279.9257838261118,557.1224278422549
7793,0,1,0,279,45,6,18,0.8977528435643762,0.5364251248538494,310.7541301003425,709.5722386618844
7794,0,1,0,261,35,5,19,0.6349153537303209,0.31414990592747927,362.3270286935559,739.5906611892095
7795,1,1,1,386,10,8,30,0.25994612858630717,0.03773271921090782,295.70026471485846,621.0120532929449
7796,0,0,0,336,40,0,12,0.5589970224536955,0.8726507888641208,343.72614142320293,635.1295487263044
7797,0,0,0,16,26,3,16,0.26668567629531026,0.7934630094096065,266.3197283721972,607.4808641233188
7798,0,1,0,38,38,3,21,0.9087103542406112,0.1694229245185852,239.78550373175875,536.7723957357758
7799,0,0,0,126,11,10,20,0.775893080746755,0.774874358670786,264.2996874269765,606.5320396382375
7800,0,1,1,437,22,1,25,0.6013455470092595,0.32826394867151976,286.9008117146702,529.5687153900379
7801,1,1,0,115,26,6,26,0.26668567629531026,0.7934630094096065,298.60001136848524,645.0189318988366
7802,0,1,1,110,25,0,15,0.8063855252694339,0.0688752664718777,353.51681532146296,660.9093959344557
7803,0,0,0,338,7,3,26,0.9787284394260496,0.14397736149840057,290.3815106505109,576.1129215165045
7804,0,1,0,66,43,4,21,0.11839594203047454,0.37822385248728096,291.193451771951,524.0449514475507
7805,0,1,0,371,44,3,15,0.9833834334276617,0.5796247583348304,361.2663086359089,736.4867799735516
7806,0,0,0,131,28,5,19,0.6121745223645121,0.048944066278636456,315.7771909039324,529.1557867740821
7807,0,0,0,154,16,4,23,0.8112564436160028,0.26610612077638507,291.33499723537375,589.1991448322973
7808,1,1,1,308,30,6,25,0.8535007652826607,0.9145373487845063,326.5355998089416,676.8714903579663
7809,0,1,1,185,27,6,20,0.042702050879597664,0.5714270058088005,301.13893455853884,561.2411184259254
7810,0,1,1,219,36,5,23,0.49425172130577266,0.7565638932865113,270.2524880747497,549.0134804793028
7811,0,0,1,109,27,2,33,0.042702050879597664,0.5714270058088005,263.85045598708683,544.6770714382917
7812,1,0,0,81,43,4,20,0.11839594203047454,0.37822385248728096,319.9279645300054,657.9320548823289
7813,1,0,1,302,19,4,20,0.48323641112074256,0.5905635331291705,324.61087600251193,629.9376431033402
7814,0,0,1,132,42,5,17,0.5309706551488489,0.07851310959085822,294.539732770948,611.4467597515452
7815,0,0,0,76,38,9,17,0.9087103542406112,0.1694229245185852,310.7881252443472,620.5687467032099
7816,0,1,0,438,48,10,11,0.6061688305344433,0.4517896354664117,300.80021345964553,638.7950365938801
7817,0,0,0,440,26,5,19,0.26668567629531026,0.7934630094096065,303.4390258451716,717.8218149977711
7818,1,0,0,412,18,5,29,0.8916374130640179,0.9109178960788995,353.77827491705216,813.6396134803849
7819,0,1,1,167,21,6,21,0.9842240803409368,0.6037942769471556,358.3920402249956,678.6535299751305
7820,0,0,0,321,22,4,14,0.6013455470092595,0.32826394867151976,318.15130379385346,570.048474717864
7821,0,1,0,211,16,8,23,0.8112564436160028,0.26610612077638507,339.66254661555587,676.2133297141851
7822,0,0,1,419,15,5,23,0.21112623764202,0.9238038510084152,283.7131139446263,501.3981049717963
7823,0,0,1,182,25,7,21,0.8063855252694339,0.0688752664718777,319.66512751825553,680.9250046375298
7824,0,1,0,420,12,8,22,0.016379052540287375,0.8120638781692833,283.2430731733598,684.6891329734669
7825,0,0,0,166,21,5,17,0.9842240803409368,0.6037942769471556,287.6832085355012,538.3953758938496
7826,0,1,1,87,4,5,28,0.20132735022343695,0.74613202130422,209.17886660805036,451.14185691661726
7827,0,1,1,147,16,5,19,0.8112564436160028,0.26610612077638507,315.3143103541362,645.6535188772675
7828,0,0,0,192,2,10,19,0.19722419138997793,0.08462062571197748,256.947072194687,631.1181425072658
7829,1,0,0,11,46,5,25,0.7385737628210336,0.10853192373178899,333.107710063543,641.3049688332792
7830,0,0,0,51,40,11,23,0.5589970224536955,0.8726507888641208,251.48414671308868,612.9801011356548
7831,0,0,0,111,31,6,19,0.46977853984571993,0.7659584856592119,330.1138938554281,671.8464976756218
7832,1,1,0,253,18,4,24,0.8916374130640179,0.9109178960788995,339.5557792800996,606.3755699524368
7833,0,1,0,417,46,5,16,0.7385737628210336,0.10853192373178899,328.26821856991546,619.7201262434087
7834,0,0,1,346,41,8,26,0.24443748919293284,0.13247077818959951,297.2147012599151,648.3699579576188
7835,1,1,1,466,29,6,18,0.5533483980689198,0.980351353995502,321.83674691609065,681.4112425410458
7836,0,0,0,436,15,5,17,0.21112623764202,0.9238038510084152,237.45384262424025,500.7473157267974
7837,1,0,0,444,16,3,16,0.8112564436160028,0.26610612077638507,366.11543007133713,707.3872085484761
7838,0,0,0,313,17,8,17,0.03654719586484134,0.2661329871043563,244.5631739052904,559.6069569169864
7839,0,0,1,477,14,4,25,0.14216354000382125,0.6515949983149767,223.71082780236063,464.09702351672786
7840,0,0,0,385,45,7,17,0.8977528435643762,0.5364251248538494,273.7724973441714,676.9453294217745
7841,0,1,1,330,24,3,29,0.14149569114670157,0.8747874984983355,263.004218710202,472.40671820561136
7842,1,0,1,232,21,8,29,0.9842240803409368,0.6037942769471556,366.2810639871629,824.185085504368
7843,0,1,0,484,25,6,18,0.8063855252694339,0.0688752664718777,307.0693742379997,693.0668320423017
7844,0,1,0,324,8,2,22,0.49811370903626084,0.8910799578297883,276.00677671861047,511.8827789678868
7845,0,1,0,45,11,3,17,0.775893080746755,0.774874358670786,335.46634874318926,651.7361333850494
7846,0,0,0,41,11,5,27,0.775893080746755,0.774874358670786,268.51249269514,556.4415257042792
7847,0,0,1,359,41,1,22,0.24443748919293284,0.13247077818959951,260.5927128572269,549.0678215724748
7848,1,0,1,313,17,8,17,0.03654719586484134,0.2661329871043563,321.17491350514274,624.2633245493788
7849,0,0,0,48,10,5,21,0.25994612858630717,0.03773271921090782,296.5496960828007,547.7999576102918
7850,0,0,1,444,16,3,16,0.8112564436160028,0.26610612077638507,302.1107426364137,588.3706880037047
7851,0,0,0,499,13,5,16,0.09574478422291577,0.2606025456916541,215.80449876640142,421.34898506089223
7852,0,0,0,457,49,5,22,0.5121942616533488,0.6461082133464515,306.4338742092482,633.2323961951586
7853,0,0,0,417,46,5,16,0.7385737628210336,0.10853192373178899,309.1887798284364,708.0251676940175
7854,1,0,1,428,38,11,25,0.9087103542406112,0.1694229245185852,353.11464128967793,737.6754043359775
7855,1,0,0,254,4,3,19,0.20132735022343695,0.74613202130422,282.5347529601135,662.928669557185
7856,0,0,1,199,7,7,24,0.9787284394260496,0.14397736149840057,312.6516576510354,590.2831870938646
7857,0,1,1,282,36,9,21,0.49425172130577266,0.7565638932865113,249.44186578191895,495.0352346966383
7858,0,0,1,360,29,7,33,0.5533483980689198,0.980351353995502,246.33206789029936,532.2349140675792
7859,0,0,0,190,10,7,25,0.25994612858630717,0.03773271921090782,253.56149457677685,606.1445224700649
7860,0,0,0,13,5,4,16,0.36124442727304995,0.0388791817240417,302.10164096411535,651.748793780758
7861,0,0,0,345,19,3,33,0.48323641112074256,0.5905635331291705,259.9146084273325,574.5621820326078
7862,0,0,0,358,1,1,29,0.774368490325287,0.06913358555175364,311.59922298295544,660.0337622864051
7863,0,0,0,237,28,3,17,0.6121745223645121,0.048944066278636456,317.54870016615183,617.0176281984808
7864,0,0,0,24,35,2,27,0.6349153537303209,0.31414990592747927,347.44203967052164,684.518457038244
7865,1,0,1,125,38,5,23,0.9087103542406112,0.1694229245185852,296.64302263610335,627.5007919107155
7866,0,1,0,375,19,5,22,0.48323641112074256,0.5905635331291705,249.60201353343692,624.5326033786973
7867,0,1,0,318,34,3,21,0.5088973850943148,0.8422173084691167,337.98378436821076,660.6641489879391
7868,0,0,0,123,7,5,17,0.9787284394260496,0.14397736149840057,366.84273383056404,744.5216678360358
7869,0,1,1,412,18,5,29,0.8916374130640179,0.9109178960788995,336.35232386543134,715.5668225694528
7870,0,0,0,485,38,5,21,0.9087103542406112,0.1694229245185852,336.7758188139037,662.9741192508601
7871,0,0,1,252,21,2,17,0.9842240803409368,0.6037942769471556,301.3340241490571,631.1114487734492
7872,0,0,0,102,18,5,22,0.8916374130640179,0.9109178960788995,314.15481324588876,631.7044162242217
7873,1,0,1,12,1,3,22,0.774368490325287,0.06913358555175364,247.30868203052796,471.84353062407985
7874,0,0,1,158,19,2,24,0.48323641112074256,0.5905635331291705,298.7384719307293,549.5956634641745
7875,0,0,0,366,23,5,18,0.03834434738382697,0.6661178111098707,272.02309991692744,584.5028906251414
7876,1,0,0,255,19,5,19,0.48323641112074256,0.5905635331291705,264.057082933086,605.7200016209965
7877,0,1,0,456,15,7,24,0.21112623764202,0.9238038510084152,239.853852191647,569.512571561027
7878,1,0,0,489,18,5,26,0.8916374130640179,0.9109178960788995,316.43150161337076,715.7564473698825
7879,0,0,1,20,30,6,26,0.8535007652826607,0.9145373487845063,316.3337544484828,687.3029414388618
7880,1,0,1,10,19,2,22,0.48323641112074256,0.5905635331291705,311.50608709276804,633.6079824841252
7881,1,1,1,132,42,5,17,0.5309706551488489,0.07851310959085822,276.9137698163613,522.74989247976
7882,0,1,0,162,31,3,23,0.46977853984571993,0.7659584856592119,307.2618795571551,618.4174814891013
7883,0,0,0,497,42,5,19,0.5309706551488489,0.07851310959085822,288.1851470323651,574.3434400690048
7884,0,1,0,253,18,4,24,0.8916374130640179,0.9109178960788995,335.32210357574087,566.7869194747275
7885,0,0,0,27,35,3,22,0.6349153537303209,0.31414990592747927,283.46052744887425,650.0195095956569
7886,0,1,0,187,47,3,20,0.3773106967564672,0.7403151453472674,337.69722252613934,796.8104673506415
7887,0,0,0,90,46,9,18,0.7385737628210336,0.10853192373178899,321.0767450040083,667.8970142472563
7888,1,1,0,245,41,6,30,0.24443748919293284,0.13247077818959951,260.33787922393947,547.0488619278568
7889,0,0,1,496,41,4,22,0.24443748919293284,0.13247077818959951,268.32350822233434,532.0322465363458
7890,0,0,0,228,9,9,21,0.013315835734829307,0.08963611628860235,238.8321312668126,563.2435698124244
7891,0,0,0,23,33,2,15,0.8046367336064577,0.31251504993997514,306.417024248993,609.9675198455811
7892,1,0,0,77,7,4,25,0.9787284394260496,0.14397736149840057,343.4894266257319,724.981519236991
7893,0,0,0,282,36,9,21,0.49425172130577266,0.7565638932865113,294.5659160959623,609.8922701137157
7894,0,0,1,320,40,6,20,0.5589970224536955,0.8726507888641208,340.304353358974,693.7425580867513
7895,1,1,0,355,2,0,14,0.19722419138997793,0.08462062571197748,285.2104052628888,634.9767414456225
7896,0,0,1,493,13,6,22,0.09574478422291577,0.2606025456916541,268.46208725266945,573.1874506584464
7897,0,0,1,216,36,4,27,0.49425172130577266,0.7565638932865113,277.94523711793005,674.4238155378465
7898,1,0,0,125,38,5,23,0.9087103542406112,0.1694229245185852,320.2275766392936,721.9435902039924
7899,0,0,0,55,6,7,26,0.7426119421143085,0.6856354165356606,332.88266368548716,739.6038130493739
7900,1,0,0,295,4,3,28,0.20132735022343695,0.74613202130422,341.44923963668316,694.7562857366966
7901,0,0,0,318,34,3,21,0.5088973850943148,0.8422173084691167,276.3220519087701,635.4038424445105
7902,0,0,0,222,2,3,20,0.19722419138997793,0.08462062571197748,250.52996029178837,598.0484598587404
7903,0,0,0,177,19,5,23,0.48323641112074256,0.5905635331291705,273.14781576266705,591.3229811003305
7904,0,1,1,333,1,2,36,0.774368490325287,0.06913358555175364,303.58238422004695,592.5951913131606
7905,1,1,1,43,31,4,16,0.46977853984571993,0.7659584856592119,342.00911786268284,704.6855901517351
7906,1,1,1,209,24,1,26,0.14149569114670157,0.8747874984983355,365.14502262881405,676.7361329334767
7907,0,0,0,128,22,3,25,0.6013455470092595,0.32826394867151976,271.55262832380265,479.39977816016534
7908,0,1,0,177,19,5,23,0.48323641112074256,0.5905635331291705,309.406792150102,734.2258626151062
7909,0,0,0,107,33,4,15,0.8046367336064577,0.31251504993997514,334.17302307886456,650.8108975606804
7910,0,0,0,6,41,7,27,0.24443748919293284,0.13247077818959951,254.74438729993864,630.5310897693842
7911,1,0,0,127,28,4,22,0.6121745223645121,0.048944066278636456,331.8930074666942,660.3070385315244
7912,0,0,0,157,46,8,28,0.7385737628210336,0.10853192373178899,287.40342233172385,661.8266795966177
7913,1,1,1,59,31,6,14,0.46977853984571993,0.7659584856592119,302.2607811288298,558.0757977037448
7914,0,0,1,77,7,4,25,0.9787284394260496,0.14397736149840057,260.202434509935,501.45263227314956
7915,1,1,1,222,2,3,20,0.19722419138997793,0.08462062571197748,307.2457255009597,595.9021798404427
7916,0,0,0,398,47,4,13,0.3773106967564672,0.7403151453472674,306.768501156785,579.1091331875008
7917,0,1,0,395,50,3,23,0.9892466596793383,0.7492987331934273,287.2801265514858,593.4425839526247
7918,0,0,0,469,50,7,28,0.9892466596793383,0.7492987331934273,319.36815818906734,716.1794031943627
7919,1,0,1,63,47,5,28,0.3773106967564672,0.7403151453472674,302.5708184719522,622.3683257702866
7920,0,1,1,92,32,3,21,0.39761656103655696,0.7758463725913316,297.0071110462703,599.4183782758821
7921,0,0,1,182,25,7,21,0.8063855252694339,0.0688752664718777,297.36664320902696,607.4706845116008
7922,0,1,1,149,10,11,16,0.25994612858630717,0.03773271921090782,296.33354117669785,624.6214904023852
7923,0,0,0,4,40,6,11,0.5589970224536955,0.8726507888641208,287.8121404877369,498.97084652711305
7924,0,0,0,197,29,8,24,0.5533483980689198,0.980351353995502,259.1278444790953,565.1227181603821
7925,1,0,0,431,27,5,21,0.042702050879597664,0.5714270058088005,286.9305494409253,528.8469069529802
7926,0,0,0,35,29,8,25,0.5533483980689198,0.980351353995502,305.5755452826257,621.8039211783837
7927,0,0,0,336,40,0,12,0.5589970224536955,0.8726507888641208,240.78044084442928,508.0217977659619
7928,0,0,0,44,29,3,19,0.5533483980689198,0.980351353995502,254.31385073601683,561.0169667495071
7929,0,1,1,395,50,3,23,0.9892466596793383,0.7492987331934273,355.76667792427395,668.566901717089
7930,0,1,1,389,10,7,21,0.25994612858630717,0.03773271921090782,246.66205810013878,548.573558040628
7931,0,0,0,49,1,5,20,0.774368490325287,0.06913358555175364,310.8323012267962,625.1808202588923
7932,1,0,1,79,29,6,23,0.5533483980689198,0.980351353995502,322.1930902560435,640.2169591673262
7933,0,1,0,441,21,3,18,0.9842240803409368,0.6037942769471556,315.6562756984686,603.1063494023371
7934,0,1,0,143,36,8,9,0.49425172130577266,0.7565638932865113,344.67099800559146,614.3035840228126
7935,0,0,0,248,50,8,17,0.9892466596793383,0.7492987331934273,276.48952759439686,508.1607728098992
7936,0,0,1,77,7,4,25,0.9787284394260496,0.14397736149840057,327.19245266676705,620.6810886703429
7937,0,0,0,154,16,4,23,0.8112564436160028,0.26610612077638507,322.7729428174871,696.4257498475353
7938,0,0,0,249,42,3,20,0.5309706551488489,0.07851310959085822,239.09069399174066,514.8484965488561
7939,0,1,0,135,9,4,17,0.013315835734829307,0.08963611628860235,270.8411512391787,582.2775678561369
7940,0,0,1,438,48,10,11,0.6061688305344433,0.4517896354664117,300.6581516085611,607.5657748546204
7941,0,0,1,447,31,1,18,0.46977853984571993,0.7659584856592119,289.5616649805776,516.8325077301677
7942,1,0,0,316,9,4,22,0.013315835734829307,0.08963611628860235,290.02195745146906,601.6934979136277
7943,0,0,0,342,36,4,9,0.49425172130577266,0.7565638932865113,285.3874196499249,577.5017500233647
7944,0,0,0,393,20,2,24,0.4666645280085504,0.9181476451922208,232.79372178931118,450.6389671235437
7945,0,0,0,273,48,9,24,0.6061688305344433,0.4517896354664117,331.8600646231663,637.8206214209771
7946,0,0,1,312,50,3,22,0.9892466596793383,0.7492987331934273,290.58850548411266,532.2601882178666
7947,0,1,1,233,47,3,19,0.3773106967564672,0.7403151453472674,257.6117222451248,511.8065109007363
7948,0,0,0,66,43,4,21,0.11839594203047454,0.37822385248728096,344.1926430216444,643.5501490415062
7949,0,0,0,222,2,3,20,0.19722419138997793,0.08462062571197748,263.7582467561358,577.3781181007063
7950,0,0,0,442,50,4,19,0.9892466596793383,0.7492987331934273,297.77542943820725,589.3246424333602
7951,1,0,0,170,40,4,22,0.5589970224536955,0.8726507888641208,273.72053183738603,574.398747571107
7952,0,0,0,53,19,10,11,0.48323641112074256,0.5905635331291705,238.35587031358557,519.4245648796842
7953,0,0,1,433,23,8,29,0.03834434738382697,0.6661178111098707,260.22515159617694,579.7720557461005
7954,0,0,1,114,35,9,14,0.6349153537303209,0.31414990592747927,301.9880019543833,692.6059765460262
7955,1,0,1,70,25,7,23,0.8063855252694339,0.0688752664718777,333.5882237720494,756.9186066934728
7956,0,0,0,452,6,5,16,0.7426119421143085,0.6856354165356606,239.50511659336584,499.73083401074723
7957,0,0,1,306,46,5,21,0.7385737628210336,0.10853192373178899,328.0745736011918,714.5545982969815
7958,0,1,0,37,7,7,18,0.9787284394260496,0.14397736149840057,358.52159105834903,738.1947692768861
7959,0,0,0,216,36,4,27,0.49425172130577266,0.7565638932865113,253.60375063375068,542.7842916022772
7960,1,1,0,358,1,1,29,0.774368490325287,0.06913358555175364,334.32662120034223,675.9907745570176
7961,0,0,0,117,39,8,23,0.7841161577962339,0.6968751777894795,297.65082512570024,710.4029782552979
7962,0,1,1,437,22,1,25,0.6013455470092595,0.32826394867151976,304.69274525998816,654.5808084994588
7963,1,0,0,67,29,5,28,0.5533483980689198,0.980351353995502,285.1903631873304,613.5949178515671
7964,0,1,0,348,12,6,32,0.016379052540287375,0.8120638781692833,266.42696240729924,572.125484330012
7965,0,0,0,259,39,3,28,0.7841161577962339,0.6968751777894795,286.6870981518594,535.6652045263138
7966,0,0,0,383,14,4,27,0.14216354000382125,0.6515949983149767,286.56351365906437,630.0799960131014
7967,0,0,0,301,25,7,27,0.8063855252694339,0.0688752664718777,300.2510454571978,629.4095552281518
7968,0,0,1,238,18,3,14,0.8916374130640179,0.9109178960788995,309.1231793214004,639.8867111835285
7969,0,1,1,23,33,2,15,0.8046367336064577,0.31251504993997514,362.13340327310306,592.7465253413654
7970,0,1,0,57,24,5,24,0.14149569114670157,0.8747874984983355,231.7874855868983,505.51312860521466
7971,1,0,1,374,33,6,16,0.8046367336064577,0.31251504993997514,309.8369958290333,634.7633788352873
7972,0,0,0,278,50,4,18,0.9892466596793383,0.7492987331934273,382.5286791074528,747.1757434584998
7973,1,0,0,486,28,5,15,0.6121745223645121,0.048944066278636456,332.87738031262205,660.2220608284715
7974,0,0,1,345,19,3,33,0.48323641112074256,0.5905635331291705,348.15616454351243,731.0031432794563
7975,0,0,0,298,10,2,20,0.25994612858630717,0.03773271921090782,262.97461380450517,556.1545933215604
7976,0,0,0,411,5,4,17,0.36124442727304995,0.0388791817240417,335.7753241387195,760.0825172783104
7977,0,0,1,482,42,5,19,0.5309706551488489,0.07851310959085822,272.8942740374538,589.9353894048077
7978,0,0,1,162,31,3,23,0.46977853984571993,0.7659584856592119,275.5513918829065,543.247506824407
7979,1,1,0,381,4,6,21,0.20132735022343695,0.74613202130422,261.5978879507567,624.9617717717786
7980,1,0,0,41,11,5,27,0.775893080746755,0.774874358670786,327.70364281290324,760.3001103472122
7981,1,1,1,98,43,0,23,0.11839594203047454,0.37822385248728096,224.98452872640013,497.31673739889226
7982,0,1,0,329,6,3,18,0.7426119421143085,0.6856354165356606,344.1080860397641,646.1718775000495
7983,0,0,0,285,29,4,24,0.5533483980689198,0.980351353995502,289.8311050808127,592.9547323550754
7984,0,0,0,169,39,3,31,0.7841161577962339,0.6968751777894795,306.9930157558718,645.5564430529688
7985,1,0,0,241,49,4,22,0.5121942616533488,0.6461082133464515,339.26034765798914,734.5689279647296
7986,0,0,0,190,10,7,25,0.25994612858630717,0.03773271921090782,230.51750864260288,528.7266774873859
7987,0,1,0,444,16,3,16,0.8112564436160028,0.26610612077638507,298.70830403671073,447.7944864456871
7988,1,0,0,410,7,2,28,0.9787284394260496,0.14397736149840057,349.1724621608584,762.6328016564961
7989,0,0,0,176,17,10,21,0.03654719586484134,0.2661329871043563,251.36803483339835,578.8771044177015
7990,0,0,1,455,50,3,19,0.9892466596793383,0.7492987331934273,323.51419351416473,744.1279098143592
7991,0,0,1,174,37,8,22,0.28013089881278574,0.967524380190298,328.70668922473106,755.9529148725792
7992,0,0,1,450,30,4,23,0.8535007652826607,0.9145373487845063,254.0368138342859,541.857040680583
7993,1,0,0,480,47,2,22,0.3773106967564672,0.7403151453472674,314.9155669038455,713.2375609915432
7994,0,0,0,21,32,6,22,0.39761656103655696,0.7758463725913316,214.94275402710267,508.842813346591
7995,0,0,0,178,47,4,18,0.3773106967564672,0.7403151453472674,299.4707224755508,626.5003489400759
7996,0,0,1,275,1,5,12,0.774368490325287,0.06913358555175364,293.8929453402151,594.5798750420201
7997,1,0,0,263,39,5,14,0.7841161577962339,0.6968751777894795,383.9032133326305,761.2223393474086
7998,0,0,1,175,48,7,16,0.6061688305344433,0.4517896354664117,285.7965032949679,555.7861420363156
7999,0,0,1,433,23,8,29,0.03834434738382697,0.6661178111098707,233.48713842879147,516.0438784197072
8000,0,0,1,421,12,5,20,0.016379052540287375,0.8120638781692833,265.29705701154006,576.5657284379647
8001,0,1,0,1,25,1,21,0.8063855252694339,0.0688752664718777,336.8717634776289,692.5027883541991
8002,0,0,0,201,35,2,21,0.6349153537303209,0.31414990592747927,264.8000116058491,532.3476662283169
8003,0,0,1,259,39,3,28,0.7841161577962339,0.6968751777894795,290.0732683402652,578.402441390322
8004,1,1,1,381,4,6,21,0.20132735022343695,0.74613202130422,351.904347078519,748.3087426572549
8005,0,0,1,156,6,4,19,0.7426119421143085,0.6856354165356606,302.88050479750046,640.3981133991322
8006,0,0,0,73,22,3,22,0.6013455470092595,0.32826394867151976,277.95868374666003,631.393858431911
8007,0,0,0,416,30,10,14,0.8535007652826607,0.9145373487845063,250.28563717481146,626.2632602593915
8008,0,0,1,82,27,3,27,0.042702050879597664,0.5714270058088005,213.14092527531835,550.0828450844024
8009,0,1,0,424,35,3,19,0.6349153537303209,0.31414990592747927,342.7080140240196,750.8001091831749
8010,0,0,1,259,39,3,28,0.7841161577962339,0.6968751777894795,285.24777804969216,560.851951970664
8011,0,0,0,291,39,6,15,0.7841161577962339,0.6968751777894795,278.0684291109914,574.7435366703089
8012,0,0,0,486,28,5,15,0.6121745223645121,0.048944066278636456,287.7572247462116,625.6183855171257
8013,1,0,0,393,20,2,24,0.4666645280085504,0.9181476451922208,313.1355894319623,615.4713304602518
8014,0,0,0,202,44,6,16,0.9833834334276617,0.5796247583348304,384.618522123674,692.7099512475168
8015,0,1,1,374,33,6,16,0.8046367336064577,0.31251504993997514,301.91571507294344,620.5138916004195
8016,0,0,0,182,25,7,21,0.8063855252694339,0.0688752664718777,348.79580363224164,697.2188316903931
8017,0,0,0,159,25,1,14,0.8063855252694339,0.0688752664718777,339.16694814006036,605.1780493134752
8018,1,1,0,74,43,6,13,0.11839594203047454,0.37822385248728096,357.66837295592467,722.46103925451
8019,0,0,0,388,50,5,24,0.9892466596793383,0.7492987331934273,323.7762782749966,590.8797259411731
8020,1,0,0,274,40,3,20,0.5589970224536955,0.8726507888641208,284.96216240915624,634.7774775123072
8021,0,0,1,407,15,6,19,0.21112623764202,0.9238038510084152,257.51188130053725,512.5197492783312
8022,1,0,0,308,30,6,25,0.8535007652826607,0.9145373487845063,362.07179024731295,783.818238544467
8023,0,0,1,354,38,3,27,0.9087103542406112,0.1694229245185852,305.24281221633805,652.5830389615097
8024,0,0,0,356,47,10,25,0.3773106967564672,0.7403151453472674,230.5047695053123,485.6775352259534
8025,0,1,0,151,24,6,17,0.14149569114670157,0.8747874984983355,319.5260511745828,685.1604579966547
8026,0,1,0,194,40,3,17,0.5589970224536955,0.8726507888641208,271.0145193177076,600.7527426705789
8027,1,0,0,363,35,5,21,0.6349153537303209,0.31414990592747927,302.816930364666,527.8394482094034
8028,1,0,1,322,31,4,21,0.46977853984571993,0.7659584856592119,291.3900592533337,487.5310386139715
8029,1,1,0,185,27,6,20,0.042702050879597664,0.5714270058088005,245.01149282817613,536.5423626392447
8030,0,0,1,361,8,4,20,0.49811370903626084,0.8910799578297883,227.44496188194177,455.7386376486007
8031,1,0,0,219,36,5,23,0.49425172130577266,0.7565638932865113,275.2539097900575,560.5242561233292
8032,0,1,0,58,48,6,22,0.6061688305344433,0.4517896354664117,369.7342356562632,666.0920985385998
8033,0,0,1,46,37,7,20,0.28013089881278574,0.967524380190298,250.97888406257994,573.9700237315832
8034,0,0,1,128,22,3,25,0.6013455470092595,0.32826394867151976,319.4043696165841,679.669162125771
8035,0,0,1,5,49,2,15,0.5121942616533488,0.6461082133464515,288.8499695123545,517.454464802633
8036,0,0,0,269,15,10,18,0.21112623764202,0.9238038510084152,254.83131295689083,569.5988164415047
8037,0,0,0,10,19,2,22,0.48323641112074256,0.5905635331291705,328.8140606764332,736.7205059604732
8038,0,1,1,129,23,1,19,0.03834434738382697,0.6661178111098707,248.74716111993573,581.8913442516096
8039,0,0,0,8,25,5,23,0.8063855252694339,0.0688752664718777,370.45364511185045,757.403436775012
8040,0,0,0,2,8,3,15,0.49811370903626084,0.8910799578297883,244.70504373455546,494.2634837739865
8041,1,0,0,351,2,5,21,0.19722419138997793,0.08462062571197748,297.9389820081356,686.4642138039468
8042,0,0,1,378,16,9,18,0.8112564436160028,0.26610612077638507,273.3903335966267,584.1573958328751
8043,0,0,0,129,23,1,19,0.03834434738382697,0.6661178111098707,267.6885845502955,621.5012991213803
8044,0,0,0,85,19,3,27,0.48323641112074256,0.5905635331291705,304.18214320260824,661.5763125872784
8045,0,1,0,337,6,7,22,0.7426119421143085,0.6856354165356606,321.26942440490427,585.4636854092125
8046,1,1,0,298,10,2,20,0.25994612858630717,0.03773271921090782,305.3874598265403,511.99169630070975
8047,1,1,0,169,39,3,31,0.7841161577962339,0.6968751777894795,286.0561313589982,568.6269693485842
8048,1,0,0,460,32,4,23,0.39761656103655696,0.7758463725913316,257.3615743866749,486.8611613790218
8049,0,0,0,359,41,1,22,0.24443748919293284,0.13247077818959951,251.79249525779736,492.8271252938617
8050,0,0,1,381,4,6,21,0.20132735022343695,0.74613202130422,328.9595648534221,620.1091008819254
8051,0,1,1,287,15,3,22,0.21112623764202,0.9238038510084152,270.1332895756962,530.8818769775613
8052,0,0,0,49,1,5,20,0.774368490325287,0.06913358555175364,271.91078312490515,601.1901488277097
8053,1,1,0,199,7,7,24,0.9787284394260496,0.14397736149840057,342.7775369024986,744.5558623871291
8054,0,0,0,239,46,4,15,0.7385737628210336,0.10853192373178899,354.56604908406206,678.5451962731369
8055,0,1,0,213,41,2,27,0.24443748919293284,0.13247077818959951,265.03083274050203,493.28708068051634
8056,1,1,0,125,38,5,23,0.9087103542406112,0.1694229245185852,357.2892528563195,705.1419265099844
8057,0,0,0,327,13,5,18,0.09574478422291577,0.2606025456916541,247.5521817226889,557.3549789255625
8058,0,0,0,147,16,5,19,0.8112564436160028,0.26610612077638507,284.1479663196186,535.6473596287848
8059,1,0,0,198,13,4,20,0.09574478422291577,0.2606025456916541,266.02128204672624,616.0047160924265
8060,0,0,0,459,48,4,11,0.6061688305344433,0.4517896354664117,332.50931137875284,732.7904584967714
8061,1,0,0,299,8,4,18,0.49811370903626084,0.8910799578297883,281.9251280035286,608.6170710590297
8062,0,1,0,364,49,6,18,0.5121942616533488,0.6461082133464515,246.06413176581896,490.58302742590934
8063,0,0,0,120,1,5,17,0.774368490325287,0.06913358555175364,253.9431707726724,574.9195734927931
8064,0,0,1,490,34,7,20,0.5088973850943148,0.8422173084691167,367.1339937717512,747.8004020064301
8065,0,0,0,464,41,4,26,0.24443748919293284,0.13247077818959951,237.75552322916786,512.1630766636682
8066,0,1,1,104,9,3,21,0.013315835734829307,0.08963611628860235,267.16639548579843,529.4412296565415
8067,0,0,0,285,29,4,24,0.5533483980689198,0.980351353995502,282.6368930483056,665.394223595219
8068,0,0,1,429,29,7,24,0.5533483980689198,0.980351353995502,312.3854100509981,593.2190198208465
8069,0,0,0,306,46,5,21,0.7385737628210336,0.10853192373178899,294.05826091683036,658.3134261437581
8070,0,1,1,313,17,8,17,0.03654719586484134,0.2661329871043563,226.42934168260845,510.09881725052117
8071,1,0,1,92,32,3,21,0.39761656103655696,0.7758463725913316,308.7716032625266,611.8376426599282
8072,0,0,0,311,9,3,24,0.013315835734829307,0.08963611628860235,240.88591445066908,507.0699749806022
8073,0,1,0,277,48,5,24,0.6061688305344433,0.4517896354664117,315.34379367627224,665.5047254583162
8074,0,0,0,381,4,6,21,0.20132735022343695,0.74613202130422,256.2861199903748,588.7221599825845
8075,1,1,0,245,41,6,30,0.24443748919293284,0.13247077818959951,324.657315478815,783.4832021772056
8076,0,0,0,223,39,5,17,0.7841161577962339,0.6968751777894795,314.8985524349575,687.9382201964728
8077,0,0,0,280,42,4,15,0.5309706551488489,0.07851310959085822,336.74508879695253,711.513806671618
8078,0,0,1,356,47,10,25,0.3773106967564672,0.7403151453472674,255.2233809164786,502.5803659868237
8079,0,0,0,316,9,4,22,0.013315835734829307,0.08963611628860235,265.30854476449275,616.2132651916222
8080,0,0,0,276,24,6,16,0.14149569114670157,0.8747874984983355,273.5849923475403,623.4322000344276
8081,0,0,0,203,50,3,17,0.9892466596793383,0.7492987331934273,307.39992301529384,638.3621771637445
8082,0,0,1,339,33,4,20,0.8046367336064577,0.31251504993997514,305.40203582372163,621.3232340435293
8083,0,0,0,166,21,5,17,0.9842240803409368,0.6037942769471556,315.82269037453386,605.3994432858774
8084,1,0,0,266,48,8,13,0.6061688305344433,0.4517896354664117,255.93471704103956,550.4926675088112
8085,0,0,0,190,10,7,25,0.25994612858630717,0.03773271921090782,245.2646282135575,496.9699307642996
8086,0,1,0,300,20,5,13,0.4666645280085504,0.9181476451922208,311.94163060604683,674.8582148329663
8087,1,0,1,65,43,10,24,0.11839594203047454,0.37822385248728096,267.32517382205174,594.6933556338792
8088,0,1,0,280,42,4,15,0.5309706551488489,0.07851310959085822,291.40339708829083,485.47090114582994
8089,0,1,0,213,41,2,27,0.24443748919293284,0.13247077818959951,312.1719422736342,514.9545214877801
8090,1,0,1,295,4,3,28,0.20132735022343695,0.74613202130422,289.65785682537467,541.2906803116781
8091,0,0,1,83,34,5,24,0.5088973850943148,0.8422173084691167,277.0895199865482,627.0304909362269
8092,0,1,0,107,33,4,15,0.8046367336064577,0.31251504993997514,273.69081100995896,609.2638467628093
8093,0,0,0,429,29,7,24,0.5533483980689198,0.980351353995502,216.00371742329907,503.03541466861
8094,0,0,1,182,25,7,21,0.8063855252694339,0.0688752664718777,356.8819537972712,780.5956175658349
8095,0,0,0,385,45,7,17,0.8977528435643762,0.5364251248538494,315.86345620491784,529.1132151289859
8096,0,1,0,375,19,5,22,0.48323641112074256,0.5905635331291705,308.82501019404697,694.3824655449989
8097,0,1,0,399,24,2,14,0.14149569114670157,0.8747874984983355,281.0645919448928,548.5117848476903
8098,0,1,0,306,46,5,21,0.7385737628210336,0.10853192373178899,287.32250675477155,593.1905400023654
8099,0,1,0,92,32,3,21,0.39761656103655696,0.7758463725913316,310.7761290816293,602.538076623241
8100,0,0,1,319,50,4,21,0.9892466596793383,0.7492987331934273,257.91840918554516,567.6170617169836
8101,0,0,0,251,26,3,20,0.26668567629531026,0.7934630094096065,264.09687247072,508.1677512957591
8102,0,0,1,2,8,3,15,0.49811370903626084,0.8910799578297883,288.9587993411692,569.7628592175528
8103,0,0,0,409,48,9,16,0.6061688305344433,0.4517896354664117,273.7904344805261,515.209278271705
8104,0,0,1,240,17,8,20,0.03654719586484134,0.2661329871043563,239.53556028049516,484.81830453147984
8105,1,0,1,105,2,7,12,0.19722419138997793,0.08462062571197748,269.7398497711818,501.5414111462742
8106,0,0,0,366,23,5,18,0.03834434738382697,0.6661178111098707,287.9925644877373,589.749866713011
8107,1,0,0,271,38,3,20,0.9087103542406112,0.1694229245185852,307.37754108065207,648.4934966501481
8108,1,0,0,136,23,6,20,0.03834434738382697,0.6661178111098707,278.01493123818176,547.1114303474563
8109,0,1,0,225,9,7,22,0.013315835734829307,0.08963611628860235,271.6560493680125,606.8876990115382
8110,1,0,1,298,10,2,20,0.25994612858630717,0.03773271921090782,309.33826979071785,651.9108507046193
8111,0,1,0,253,18,4,24,0.8916374130640179,0.9109178960788995,327.7532404548783,654.9234376540642
8112,1,0,0,188,41,1,18,0.24443748919293284,0.13247077818959951,281.4064272753017,514.2819286665556
8113,0,0,0,449,33,4,24,0.8046367336064577,0.31251504993997514,271.9600555714359,545.4733301719176
8114,0,0,0,4,40,6,11,0.5589970224536955,0.8726507888641208,277.4503167960851,520.6196177166765
8115,0,1,0,468,48,6,14,0.6061688305344433,0.4517896354664117,283.4217367523937,604.2942478084526
8116,0,0,0,303,38,5,18,0.9087103542406112,0.1694229245185852,307.4079100403063,685.7556728138774
8117,0,0,0,100,39,5,21,0.7841161577962339,0.6968751777894795,301.457906567236,591.7265575137108
8118,0,0,0,126,11,10,20,0.775893080746755,0.774874358670786,308.2678013730458,601.9353170521509
8119,0,0,1,200,35,6,19,0.6349153537303209,0.31414990592747927,323.90353269177166,706.2167373031139
8120,1,0,0,113,29,5,24,0.5533483980689198,0.980351353995502,342.4344328480046,659.2683603065716
8121,0,1,1,393,20,2,24,0.4666645280085504,0.9181476451922208,352.51220901999227,676.6925567855311
8122,0,0,0,388,50,5,24,0.9892466596793383,0.7492987331934273,281.6767408366637,634.2459819386479
8123,0,0,0,184,28,3,25,0.6121745223645121,0.048944066278636456,299.17050901803736,690.5597090601572
8124,0,1,0,494,41,3,24,0.24443748919293284,0.13247077818959951,279.2398796785936,594.7915075319941
8125,0,0,1,494,41,3,24,0.24443748919293284,0.13247077818959951,293.58102783467035,633.8373372482665
8126,1,0,0,33,9,8,21,0.013315835734829307,0.08963611628860235,276.66937080863306,689.393925327483
8127,1,0,0,287,15,3,22,0.21112623764202,0.9238038510084152,233.54653199344176,470.9177693189384
8128,0,1,0,58,48,6,22,0.6061688305344433,0.4517896354664117,274.37771774221795,536.3050868926821
8129,1,0,0,273,48,9,24,0.6061688305344433,0.4517896354664117,322.43223394925667,760.9650843539795
8130,0,1,0,93,29,2,12,0.5533483980689198,0.980351353995502,280.0780737359632,588.5564504672976
8131,0,0,0,235,1,5,19,0.774368490325287,0.06913358555175364,310.1164312309751,659.3760019944767
8132,0,0,0,404,11,4,17,0.775893080746755,0.774874358670786,309.4138467110099,714.013834110759
8133,0,1,0,54,41,3,19,0.24443748919293284,0.13247077818959951,299.7129178600098,482.0923363988498
8134,1,0,1,42,48,5,20,0.6061688305344433,0.4517896354664117,333.6297499646341,665.5777585693869
8135,0,0,0,113,29,5,24,0.5533483980689198,0.980351353995502,299.30797829725185,582.6153010245597
8136,1,1,0,194,40,3,17,0.5589970224536955,0.8726507888641208,308.7593987236641,621.3162448372843
8137,0,1,1,335,47,7,16,0.3773106967564672,0.7403151453472674,234.54390851561539,469.05964391890615
8138,0,0,1,437,22,1,25,0.6013455470092595,0.32826394867151976,319.9529710250891,715.934691954522
8139,0,0,1,310,29,6,16,0.5533483980689198,0.980351353995502,328.85724632709076,748.2551822071275
8140,0,1,1,186,36,3,15,0.49425172130577266,0.7565638932865113,285.4374948677079,559.9131425588039
8141,1,0,0,142,23,7,15,0.03834434738382697,0.6661178111098707,270.93861123469264,580.0359546169293
8142,0,0,1,177,19,5,23,0.48323641112074256,0.5905635331291705,271.0654831393278,637.5838532126039
8143,1,0,1,287,15,3,22,0.21112623764202,0.9238038510084152,329.88447239350813,681.2558248247154
8144,0,0,0,256,10,9,27,0.25994612858630717,0.03773271921090782,291.04905411710575,666.8762831214465
8145,0,1,1,34,14,5,15,0.14216354000382125,0.6515949983149767,282.18042549727056,522.419676801393
8146,1,1,1,161,41,3,18,0.24443748919293284,0.13247077818959951,311.4775619609044,578.513000532456
8147,0,0,1,441,21,3,18,0.9842240803409368,0.6037942769471556,286.85248268989443,593.0286364289807
8148,0,0,0,361,8,4,20,0.49811370903626084,0.8910799578297883,217.8120467071612,534.6043593731908
8149,0,0,0,489,18,5,26,0.8916374130640179,0.9109178960788995,330.0609905335285,591.432231607557
8150,0,0,0,192,2,10,19,0.19722419138997793,0.08462062571197748,310.5993812701968,638.2891875465331
8151,0,1,0,463,47,8,21,0.3773106967564672,0.7403151453472674,229.8211701202241,535.7193562958788
8152,1,1,1,355,2,0,14,0.19722419138997793,0.08462062571197748,294.4535301746168,523.6201715059531
8153,1,0,0,19,38,6,21,0.9087103542406112,0.1694229245185852,337.3497936930805,609.7791124298232
8154,0,0,1,175,48,7,16,0.6061688305344433,0.4517896354664117,273.2495109789255,574.580151031672
8155,1,1,0,149,10,11,16,0.25994612858630717,0.03773271921090782,319.2240927697848,617.8609721728312
8156,0,1,0,113,29,5,24,0.5533483980689198,0.980351353995502,308.36128500520994,658.0340760490511
8157,0,0,0,141,23,3,13,0.03834434738382697,0.6661178111098707,191.76939945596718,403.1421727502216
8158,1,0,0,106,33,4,18,0.8046367336064577,0.31251504993997514,370.89644556893944,742.8854509712728
8159,0,0,0,426,42,5,11,0.5309706551488489,0.07851310959085822,270.0386633321916,555.4642203049493
8160,0,1,1,46,37,7,20,0.28013089881278574,0.967524380190298,243.41806076935865,518.5029883316147
8161,1,0,1,271,38,3,20,0.9087103542406112,0.1694229245185852,344.2159263203903,625.8313569523323
8162,0,0,0,456,15,7,24,0.21112623764202,0.9238038510084152,292.9694385117078,625.6143369455083
8163,1,0,0,109,27,2,33,0.042702050879597664,0.5714270058088005,309.3670632064914,664.0949235370078
8164,0,0,0,299,8,4,18,0.49811370903626084,0.8910799578297883,281.6255488151126,544.7617254619429
8165,0,1,0,32,44,2,22,0.9833834334276617,0.5796247583348304,379.20267149118047,768.095778131631
8166,0,1,0,449,33,4,24,0.8046367336064577,0.31251504993997514,288.42890454854745,571.2024718562362
8167,0,0,0,115,26,6,26,0.26668567629531026,0.7934630094096065,286.01588749086983,507.04262568457574
8168,0,0,0,333,1,2,36,0.774368490325287,0.06913358555175364,297.59292915902176,597.5614278512313
8169,0,0,1,291,39,6,15,0.7841161577962339,0.6968751777894795,251.33633675041912,618.9955750860141
8170,0,1,0,363,35,5,21,0.6349153537303209,0.31414990592747927,302.88181463423183,610.832817723878
8171,1,0,1,86,22,4,19,0.6013455470092595,0.32826394867151976,305.27757351546626,609.4625447425063
8172,0,0,0,184,28,3,25,0.6121745223645121,0.048944066278636456,344.4728480739341,674.9386144969085
8173,0,0,0,325,31,2,17,0.46977853984571993,0.7659584856592119,256.96112725493595,477.157035560199
8174,0,0,0,229,27,6,14,0.042702050879597664,0.5714270058088005,221.96131768784315,481.71227475316516
8175,0,1,0,447,31,1,18,0.46977853984571993,0.7659584856592119,330.8581665578432,640.8113054320182
8176,0,1,0,174,37,8,22,0.28013089881278574,0.967524380190298,297.04163223738067,656.6935407149862
8177,0,0,1,203,50,3,17,0.9892466596793383,0.7492987331934273,309.6379170041297,662.4044773202195
8178,0,0,0,199,7,7,24,0.9787284394260496,0.14397736149840057,358.4515516586728,695.9363800090401
8179,0,0,0,228,9,9,21,0.013315835734829307,0.08963611628860235,204.82332098256575,462.9770409949275
8180,1,0,0,272,44,5,19,0.9833834334276617,0.5796247583348304,304.4306003932438,611.9255218195409
8181,0,0,0,390,6,6,25,0.7426119421143085,0.6856354165356606,305.3949454744703,605.459128417501
8182,0,0,1,469,50,7,28,0.9892466596793383,0.7492987331934273,254.07517717421754,566.0547400615658
8183,0,0,1,409,48,9,16,0.6061688305344433,0.4517896354664117,260.1920626560728,533.197162913903
8184,0,1,1,466,29,6,18,0.5533483980689198,0.980351353995502,288.848113694635,642.899345186006
8185,0,0,0,465,3,5,16,0.978013844229281,0.1299455715343356,318.29486592300793,588.721238312949
8186,1,0,0,155,33,3,20,0.8046367336064577,0.31251504993997514,320.6257268073306,698.9728871167962
8187,0,0,1,119,29,3,20,0.5533483980689198,0.980351353995502,312.3082585063497,673.9919767982419
8188,0,0,0,108,30,4,23,0.8535007652826607,0.9145373487845063,269.71786568370715,578.4057938106124
8189,0,0,0,268,18,7,24,0.8916374130640179,0.9109178960788995,316.13929744962576,664.5275798277235
8190,1,0,0,411,5,4,17,0.36124442727304995,0.0388791817240417,322.2983207760544,631.1530965211948
8191,1,0,0,191,34,6,11,0.5088973850943148,0.8422173084691167,310.9134474141257,737.6606908254631
8192,0,0,1,26,38,2,23,0.9087103542406112,0.1694229245185852,327.5471245694239,575.6888941064769
8193,1,0,0,3,8,4,20,0.49811370903626084,0.8910799578297883,289.66795348293493,546.5154581906305
8194,0,0,0,460,32,4,23,0.39761656103655696,0.7758463725913316,304.9787209772296,587.0771756820888
8195,0,1,0,355,2,0,14,0.19722419138997793,0.08462062571197748,278.7115640888809,641.7132328017767
8196,0,0,0,117,39,8,23,0.7841161577962339,0.6968751777894795,309.3624035415425,632.4900167507642
8197,0,0,1,189,1,9,26,0.774368490325287,0.06913358555175364,248.85794613962912,581.6600976521153
8198,0,1,1,76,38,9,17,0.9087103542406112,0.1694229245185852,301.514738241465,614.4909898737324
8199,1,1,1,477,14,4,25,0.14216354000382125,0.6515949983149767,265.7757523243641,507.5891562092128
8200,0,0,0,490,34,7,20,0.5088973850943148,0.8422173084691167,301.57099509809865,647.3413750124206
8201,0,1,0,296,31,10,14,0.46977853984571993,0.7659584856592119,291.8552557156584,534.7081010523665
8202,0,0,0,146,8,6,22,0.49811370903626084,0.8910799578297883,304.3457999294191,525.1088552844539
8203,1,1,1,405,49,5,20,0.5121942616533488,0.6461082133464515,330.64587840748516,735.6078117735464
8204,0,0,0,290,39,0,22,0.7841161577962339,0.6968751777894795,310.8073827503248,587.0087170102341
8205,0,0,1,102,18,5,22,0.8916374130640179,0.9109178960788995,294.2202511135972,615.4549640703448
8206,0,1,1,143,36,8,9,0.49425172130577266,0.7565638932865113,265.72005494726494,602.9661150354331
8207,0,0,0,76,38,9,17,0.9087103542406112,0.1694229245185852,309.012344519428,650.3953765849383
8208,0,0,0,496,41,4,22,0.24443748919293284,0.13247077818959951,240.73259354122277,510.7394927713634
8209,1,1,1,218,49,8,27,0.5121942616533488,0.6461082133464515,318.7895312229462,713.7719611333829
8210,1,1,0,492,40,4,16,0.5589970224536955,0.8726507888641208,321.210128453529,686.7712167416798
8211,0,1,0,386,10,8,30,0.25994612858630717,0.03773271921090782,253.8027217855278,596.1542956465449
8212,0,1,0,411,5,4,17,0.36124442727304995,0.0388791817240417,299.9736803747915,573.8293430774164
8213,0,0,0,337,6,7,22,0.7426119421143085,0.6856354165356606,270.64513480060384,602.5267562638189
8214,0,1,0,9,19,5,21,0.48323641112074256,0.5905635331291705,204.3168050674645,318.766044955997
8215,0,0,0,230,22,3,18,0.6013455470092595,0.32826394867151976,275.78748863823125,584.0541824102233
8216,0,0,0,310,29,6,16,0.5533483980689198,0.980351353995502,280.131957158102,615.674343390052
8217,0,0,1,57,24,5,24,0.14149569114670157,0.8747874984983355,277.5869674141318,517.5077783563552
8218,0,1,0,491,39,7,21,0.7841161577962339,0.6968751777894795,294.3560120157179,700.7958601134388
8219,0,0,0,272,44,5,19,0.9833834334276617,0.5796247583348304,311.63000145743615,511.09390274683255
8220,0,1,0,120,1,5,17,0.774368490325287,0.06913358555175364,310.74801219382846,601.165286030239
8221,1,0,1,343,38,2,20,0.9087103542406112,0.1694229245185852,278.64736783372484,563.7147116824104
8222,1,0,1,232,21,8,29,0.9842240803409368,0.6037942769471556,308.7799352575115,615.7342987240629
8223,0,0,0,333,1,2,36,0.774368490325287,0.06913358555175364,321.94761250329077,657.7605160115371
8224,1,0,1,363,35,5,21,0.6349153537303209,0.31414990592747927,313.35588697247636,562.9880212343849
8225,0,1,1,382,21,4,28,0.9842240803409368,0.6037942769471556,335.0289386813938,650.8724175147078
8226,0,0,0,263,39,5,14,0.7841161577962339,0.6968751777894795,303.3524395347548,647.5022870029045
8227,1,0,0,329,6,3,18,0.7426119421143085,0.6856354165356606,311.85384304610886,588.607652088153
8228,0,0,0,168,39,6,24,0.7841161577962339,0.6968751777894795,308.79642504952915,631.1269864142092
8229,0,0,1,47,33,7,27,0.8046367336064577,0.31251504993997514,329.2101768051705,681.3071234291568
8230,0,0,0,250,28,7,21,0.6121745223645121,0.048944066278636456,346.0264943071823,685.0409037728317
8231,0,0,0,195,38,7,15,0.9087103542406112,0.1694229245185852,263.53024258289594,555.5761994723721
8232,0,0,1,248,50,8,17,0.9892466596793383,0.7492987331934273,359.561491438824,708.1764055033541
8233,0,0,1,404,11,4,17,0.775893080746755,0.774874358670786,291.9283291493673,639.8602759371405
8234,1,0,0,192,2,10,19,0.19722419138997793,0.08462062571197748,268.8075486941797,544.639676801061
8235,0,0,0,455,50,3,19,0.9892466596793383,0.7492987331934273,396.8019624084338,741.1848016909271
8236,0,1,0,477,14,4,25,0.14216354000382125,0.6515949983149767,330.36687300418873,663.0344696526889
8237,1,0,1,481,3,7,21,0.978013844229281,0.1299455715343356,307.12226390840374,679.6098666741735
8238,0,1,0,197,29,8,24,0.5533483980689198,0.980351353995502,264.2155676501355,523.9874877698091
8239,1,1,1,202,44,6,16,0.9833834334276617,0.5796247583348304,361.32764612442037,673.1469561975578
8240,0,0,1,171,28,4,14,0.6121745223645121,0.048944066278636456,311.8954989101867,626.2295608416526
8241,0,0,1,311,9,3,24,0.013315835734829307,0.08963611628860235,219.30096988735903,527.3146126297186
8242,0,1,0,405,49,5,20,0.5121942616533488,0.6461082133464515,304.74251320394325,614.7129780378364
8243,0,0,0,78,6,6,20,0.7426119421143085,0.6856354165356606,293.2860429020105,647.0133658616923
8244,0,1,0,126,11,10,20,0.775893080746755,0.774874358670786,295.6789473641113,635.5586745876598
8245,0,1,0,156,6,4,19,0.7426119421143085,0.6856354165356606,336.28554393850345,662.1219187446216
8246,0,1,0,51,40,11,23,0.5589970224536955,0.8726507888641208,268.8000999365435,586.5990214039589
8247,0,0,0,232,21,8,29,0.9842240803409368,0.6037942769471556,325.9362461883808,714.7005310410372
8248,1,0,0,479,31,4,20,0.46977853984571993,0.7659584856592119,286.188598084237,549.0126174631338
8249,1,0,0,57,24,5,24,0.14149569114670157,0.8747874984983355,227.96049166740758,494.1100911719064
8250,0,0,0,59,31,6,14,0.46977853984571993,0.7659584856592119,322.9400804116672,703.4136198726825
8251,0,0,0,76,38,9,17,0.9087103542406112,0.1694229245185852,249.97344274336638,576.6998516754421
8252,0,1,1,165,13,5,14,0.09574478422291577,0.2606025456916541,263.762092353514,518.4193209315528
8253,0,0,1,158,19,2,24,0.48323641112074256,0.5905635331291705,277.1753750650724,571.5803250077765
8254,0,0,1,371,44,3,15,0.9833834334276617,0.5796247583348304,269.8738480399615,597.7135035514481
8255,0,0,0,311,9,3,24,0.013315835734829307,0.08963611628860235,252.93263147721723,565.5792800786417
8256,0,0,0,261,35,5,19,0.6349153537303209,0.31414990592747927,279.387541445915,725.0173086421563
8257,0,0,1,317,10,7,22,0.25994612858630717,0.03773271921090782,241.51887139791694,531.2777343369935
8258,0,0,0,99,42,5,22,0.5309706551488489,0.07851310959085822,265.2487316869056,671.4078328408657
8259,0,0,0,80,19,3,18,0.48323641112074256,0.5905635331291705,271.96671789969105,503.1517027012989
8260,0,0,0,28,29,3,18,0.5533483980689198,0.980351353995502,303.53870171824974,616.2088314724161
8261,0,0,1,54,41,3,19,0.24443748919293284,0.13247077818959951,289.7509959774086,550.0833400701536
8262,0,1,0,343,38,2,20,0.9087103542406112,0.1694229245185852,342.0353189612306,656.1394862864428
8263,0,0,0,213,41,2,27,0.24443748919293284,0.13247077818959951,330.277532586934,701.5295854709206
8264,0,0,1,353,8,6,23,0.49811370903626084,0.8910799578297883,288.8716499033683,515.409085877578
8265,0,0,0,248,50,8,17,0.9892466596793383,0.7492987331934273,295.9945110551854,632.2861275166485
8266,1,0,1,282,36,9,21,0.49425172130577266,0.7565638932865113,295.77523393123914,665.9766017167708
8267,0,1,0,495,44,0,14,0.9833834334276617,0.5796247583348304,281.1245173494585,582.1631391539638
8268,0,1,1,368,14,2,14,0.14216354000382125,0.6515949983149767,281.3882590062486,577.4176757834072
8269,1,0,0,116,48,3,20,0.6061688305344433,0.4517896354664117,336.3493468472987,654.6903346759443
8270,0,0,0,319,50,4,21,0.9892466596793383,0.7492987331934273,327.174646967836,629.6919249480896
8271,1,0,0,427,34,4,23,0.5088973850943148,0.8422173084691167,279.4642758997002,512.6168977319589
8272,0,0,1,2,8,3,15,0.49811370903626084,0.8910799578297883,239.87317072274973,473.32538091294674
8273,1,0,1,214,15,4,20,0.21112623764202,0.9238038510084152,209.10228593318453,474.1840963312543
8274,1,0,0,481,3,7,21,0.978013844229281,0.1299455715343356,350.8084747560055,706.6208238598314
8275,0,1,0,257,4,7,24,0.20132735022343695,0.74613202130422,318.69125380591083,661.6074558888882
8276,0,0,0,19,38,6,21,0.9087103542406112,0.1694229245185852,309.40976296374254,675.4522297790069
8277,0,1,0,151,24,6,17,0.14149569114670157,0.8747874984983355,257.78421873925646,516.2991428207323
8278,0,0,0,106,33,4,18,0.8046367336064577,0.31251504993997514,282.6060562651917,609.7913085393635
8279,0,0,0,372,13,4,16,0.09574478422291577,0.2606025456916541,284.39367099166105,583.0003485422457
8280,0,1,0,266,48,8,13,0.6061688305344433,0.4517896354664117,298.6444698216509,658.3589174167711
8281,0,1,0,236,38,4,18,0.9087103542406112,0.1694229245185852,324.17703370074906,678.396826141581
8282,0,0,0,231,38,5,14,0.9087103542406112,0.1694229245185852,320.6136436592422,607.5208502276042
8283,1,0,0,76,38,9,17,0.9087103542406112,0.1694229245185852,366.16050004040153,681.6413691567217
8284,0,0,0,387,43,12,24,0.11839594203047454,0.37822385248728096,221.55228242048162,506.53848542856423
8285,0,1,0,68,16,2,18,0.8112564436160028,0.26610612077638507,290.8093926667597,604.6314102512652
8286,1,0,1,390,6,6,25,0.7426119421143085,0.6856354165356606,353.2295965581569,693.2838555961445
8287,0,0,1,84,31,4,20,0.46977853984571993,0.7659584856592119,265.54279923189097,514.3487913263485
8288,1,0,0,131,28,5,19,0.6121745223645121,0.048944066278636456,406.5705540021976,761.9204742208901
8289,1,0,1,245,41,6,30,0.24443748919293284,0.13247077818959951,286.6298397799072,572.954882042853
8290,0,1,1,304,50,4,18,0.9892466596793383,0.7492987331934273,331.21420279870335,538.8304262352675
8291,1,0,1,287,15,3,22,0.21112623764202,0.9238038510084152,311.67835198135725,623.0035217102131
8292,0,0,1,66,43,4,21,0.11839594203047454,0.37822385248728096,297.0208123158636,564.3515931666885
8293,0,1,1,11,46,5,25,0.7385737628210336,0.10853192373178899,357.2957588981921,735.0338440304274
8294,0,0,1,21,32,6,22,0.39761656103655696,0.7758463725913316,281.3626913242421,629.2893401567582
8295,0,1,1,66,43,4,21,0.11839594203047454,0.37822385248728096,271.0878711746171,577.5635389102059
8296,0,0,0,365,48,4,19,0.6061688305344433,0.4517896354664117,269.2815154356839,594.6580882630558
8297,0,0,0,237,28,3,17,0.6121745223645121,0.048944066278636456,234.1881500197655,503.7741779704344
8298,0,1,0,98,43,0,23,0.11839594203047454,0.37822385248728096,308.74126601177574,599.6401559159642
8299,0,0,0,420,12,8,22,0.016379052540287375,0.8120638781692833,291.9778976686032,590.2297937246927
8300,0,0,0,444,16,3,16,0.8112564436160028,0.26610612077638507,335.9109213616309,718.063362007513
8301,0,0,0,205,26,5,20,0.26668567629531026,0.7934630094096065,253.31093809800484,434.13019977755215
8302,0,1,0,41,11,5,27,0.775893080746755,0.774874358670786,283.10895564524697,540.6854497783495
8303,0,0,0,259,39,3,28,0.7841161577962339,0.6968751777894795,304.9915867605883,561.6796573455232
8304,1,1,0,469,50,7,28,0.9892466596793383,0.7492987331934273,330.95322722470183,710.8941621147163
8305,0,0,0,463,47,8,21,0.3773106967564672,0.7403151453472674,297.62584580604164,616.1123914124767
8306,1,1,0,199,7,7,24,0.9787284394260496,0.14397736149840057,335.48137414284014,696.2441789836082
8307,1,0,0,60,35,5,21,0.6349153537303209,0.31414990592747927,315.6128129323879,650.1187688195057
8308,0,0,1,51,40,11,23,0.5589970224536955,0.8726507888641208,272.2926455940351,583.2294131102135
8309,1,0,1,32,44,2,22,0.9833834334276617,0.5796247583348304,336.10573246294126,679.5078298410531
8310,0,0,0,104,9,3,21,0.013315835734829307,0.08963611628860235,251.31448618806238,603.5889754045508
8311,1,0,1,265,27,5,24,0.042702050879597664,0.5714270058088005,309.11013128852045,623.9302601559727
8312,1,0,0,247,48,5,18,0.6061688305344433,0.4517896354664117,270.68046870623965,596.505474192802
8313,0,0,0,476,23,1,15,0.03834434738382697,0.6661178111098707,227.6090987411467,450.3462308170904
8314,0,0,0,176,17,10,21,0.03654719586484134,0.2661329871043563,291.54860455096946,600.9589337606945
8315,0,0,0,277,48,5,24,0.6061688305344433,0.4517896354664117,279.1383567728955,606.3016833668152
8316,0,0,0,345,19,3,33,0.48323641112074256,0.5905635331291705,300.54675987016924,569.9894550830954
8317,0,1,0,112,19,5,30,0.48323641112074256,0.5905635331291705,286.5150653780175,598.160198414447
8318,0,0,0,327,13,5,18,0.09574478422291577,0.2606025456916541,238.43232759590728,586.7452369324186
8319,1,0,0,40,48,7,21,0.6061688305344433,0.4517896354664117,376.11061140469604,675.5810938301712
8320,0,0,0,339,33,4,20,0.8046367336064577,0.31251504993997514,264.50682583214257,517.8073015569992
8321,0,0,0,134,40,8,18,0.5589970224536955,0.8726507888641208,310.5147333428217,663.4739194625542
8322,1,0,0,65,43,10,24,0.11839594203047454,0.37822385248728096,266.61782728533126,622.0165980260731
8323,0,0,0,6,41,7,27,0.24443748919293284,0.13247077818959951,242.61335098934933,598.3869482398294
8324,0,1,1,101,7,5,15,0.9787284394260496,0.14397736149840057,322.44681398235514,604.7272078841448
8325,0,0,1,140,38,3,18,0.9087103542406112,0.1694229245185852,281.5835896079747,589.662858247573
8326,0,0,0,322,31,4,21,0.46977853984571993,0.7659584856592119,238.47324828149002,571.2085512752751
8327,0,0,0,439,17,6,23,0.03654719586484134,0.2661329871043563,217.47440090582245,545.3306037054087
8328,1,0,0,288,13,2,11,0.09574478422291577,0.2606025456916541,303.53355749901317,589.2867144592167
8329,1,0,0,424,35,3,19,0.6349153537303209,0.31414990592747927,270.64466238030127,515.5576070448146
8330,0,0,0,96,6,4,15,0.7426119421143085,0.6856354165356606,330.68570124092764,589.6607691754061
8331,1,0,0,218,49,8,27,0.5121942616533488,0.6461082133464515,266.5461911205692,520.7083349407685
8332,0,1,1,258,23,3,21,0.03834434738382697,0.6661178111098707,259.36461613401116,512.6799095408546
8333,0,1,0,479,31,4,20,0.46977853984571993,0.7659584856592119,230.49115144067147,386.3856591863845
8334,0,0,0,391,14,4,24,0.14216354000382125,0.6515949983149767,272.4026239824856,556.1656034888233
8335,0,0,1,131,28,5,19,0.6121745223645121,0.048944066278636456,277.0972643529332,617.0400151468752
8336,1,0,1,333,1,2,36,0.774368490325287,0.06913358555175364,324.9319285964976,690.7132285089501
8337,1,0,0,416,30,10,14,0.8535007652826607,0.9145373487845063,336.19328814359784,762.9104564209676
8338,0,1,0,41,11,5,27,0.775893080746755,0.774874358670786,338.53974571024554,711.2613715349996
8339,0,1,0,368,14,2,14,0.14216354000382125,0.6515949983149767,232.5158619216496,465.0663671925897
8340,0,0,0,305,28,5,17,0.6121745223645121,0.048944066278636456,282.00201460730045,640.4431267769053
8341,0,0,0,93,29,2,12,0.5533483980689198,0.980351353995502,316.61551818690526,556.5018304268506
8342,0,0,0,207,24,6,18,0.14149569114670157,0.8747874984983355,229.88152370111368,484.081206029779
8343,0,1,0,360,29,7,33,0.5533483980689198,0.980351353995502,284.2189644877797,511.9570702549132
8344,0,0,1,378,16,9,18,0.8112564436160028,0.26610612077638507,305.9576765713669,721.9916124352633
8345,1,0,0,157,46,8,28,0.7385737628210336,0.10853192373178899,353.5717516785061,734.5923719279959
8346,0,0,1,287,15,3,22,0.21112623764202,0.9238038510084152,286.65722432959865,583.8905423425485
8347,0,0,0,441,21,3,18,0.9842240803409368,0.6037942769471556,295.06764913147373,629.2003995039765
8348,1,0,0,218,49,8,27,0.5121942616533488,0.6461082133464515,344.437367779828,742.148555145074
8349,0,0,0,25,20,7,18,0.4666645280085504,0.9181476451922208,271.59723839674905,568.5240503455218
8350,0,0,0,71,45,6,18,0.8977528435643762,0.5364251248538494,312.20573863377615,713.5548906571431
8351,0,0,0,267,45,6,15,0.8977528435643762,0.5364251248538494,303.07090029805136,659.9077571070678
8352,0,0,0,145,14,2,23,0.14216354000382125,0.6515949983149767,271.2118957512505,528.463484766926
8353,1,0,1,439,17,6,23,0.03654719586484134,0.2661329871043563,303.23862485849224,629.2075296877772
8354,0,0,1,374,33,6,16,0.8046367336064577,0.31251504993997514,299.05527524028054,650.6420373867534
8355,1,0,1,2,8,3,15,0.49811370903626084,0.8910799578297883,278.2107436996173,569.1822067937243
8356,0,0,1,299,8,4,18,0.49811370903626084,0.8910799578297883,228.22130536741423,452.5121427074079
8357,0,0,0,220,38,5,15,0.9087103542406112,0.1694229245185852,330.2905060026313,653.8448072679537
8358,0,0,0,87,4,5,28,0.20132735022343695,0.74613202130422,326.38886367071376,649.565474501837
8359,1,1,0,423,49,5,22,0.5121942616533488,0.6461082133464515,312.3618735120166,664.6878690137619
8360,1,0,1,126,11,10,20,0.775893080746755,0.774874358670786,263.01308627031455,560.3991004771806
8361,0,0,0,121,30,7,24,0.8535007652826607,0.9145373487845063,345.5482155965777,587.5086385150801
8362,0,0,0,127,28,4,22,0.6121745223645121,0.048944066278636456,251.94965478435446,614.6728740482666
8363,0,0,1,313,17,8,17,0.03654719586484134,0.2661329871043563,285.23252995916795,640.5013578314159
8364,0,0,0,281,37,4,27,0.28013089881278574,0.967524380190298,207.70577933638097,374.67895710580785
8365,0,1,0,27,35,3,22,0.6349153537303209,0.31414990592747927,252.9194119407711,457.1066859435178
8366,0,0,0,63,47,5,28,0.3773106967564672,0.7403151453472674,273.54938110709594,566.8437712966885
8367,0,0,1,426,42,5,11,0.5309706551488489,0.07851310959085822,330.9081833969618,666.4740534495459
8368,0,0,1,274,40,3,20,0.5589970224536955,0.8726507888641208,231.07343738717276,547.759707241708
8369,0,0,0,182,25,7,21,0.8063855252694339,0.0688752664718777,333.1233930631337,663.9642358225751
8370,0,0,0,364,49,6,18,0.5121942616533488,0.6461082133464515,279.9095716754414,686.9030960136602
8371,0,1,0,417,46,5,16,0.7385737628210336,0.10853192373178899,347.0279802205267,691.5442822278452
8372,0,0,1,430,31,2,20,0.46977853984571993,0.7659584856592119,261.9255080552223,545.196202182236
8373,0,0,1,330,24,3,29,0.14149569114670157,0.8747874984983355,235.24551572088274,450.7064734386736
8374,0,0,0,123,7,5,17,0.9787284394260496,0.14397736149840057,308.11598324672326,589.9337096359006
8375,0,0,0,283,49,3,20,0.5121942616533488,0.6461082133464515,303.45313815397213,579.4867856701248
8376,0,0,0,493,13,6,22,0.09574478422291577,0.2606025456916541,263.70668971995735,512.9796047490802
8377,0,1,1,319,50,4,21,0.9892466596793383,0.7492987331934273,327.5844075393068,662.6515875792255
8378,0,1,0,246,19,6,19,0.48323641112074256,0.5905635331291705,291.34676943864184,508.825690169565
8379,0,1,0,196,42,6,18,0.5309706551488489,0.07851310959085822,285.13771590082666,615.7718468373648
8380,0,1,1,360,29,7,33,0.5533483980689198,0.980351353995502,270.93128736256523,588.1146563797994
8381,0,0,1,165,13,5,14,0.09574478422291577,0.2606025456916541,240.20644480026402,494.35737087648613
8382,1,0,0,240,17,8,20,0.03654719586484134,0.2661329871043563,255.68737932670257,596.140898101851
8383,1,1,0,115,26,6,26,0.26668567629531026,0.7934630094096065,332.79341498333156,716.0897946647901
8384,0,0,0,218,49,8,27,0.5121942616533488,0.6461082133464515,326.96765166750913,650.7456773401316
8385,0,0,1,232,21,8,29,0.9842240803409368,0.6037942769471556,402.61463659409753,881.1087690914487
8386,0,0,1,365,48,4,19,0.6061688305344433,0.4517896354664117,315.5487278980085,694.5058901741874
8387,0,0,1,335,47,7,16,0.3773106967564672,0.7403151453472674,245.78593666813745,465.99584176700034
8388,0,0,0,201,35,2,21,0.6349153537303209,0.31414990592747927,343.1792814574541,691.5790573764496
8389,1,0,0,53,19,10,11,0.48323641112074256,0.5905635331291705,328.29786591538925,693.0107509667878
8390,1,0,0,360,29,7,33,0.5533483980689198,0.980351353995502,344.52281125170964,652.2822811998509
8391,1,0,1,102,18,5,22,0.8916374130640179,0.9109178960788995,346.9841203889809,656.8944110331315
8392,0,0,1,67,29,5,28,0.5533483980689198,0.980351353995502,290.9803659815831,546.1324442805128
8393,1,1,0,481,3,7,21,0.978013844229281,0.1299455715343356,327.9689181986637,578.1859638857043
8394,0,1,0,358,1,1,29,0.774368490325287,0.06913358555175364,310.3090435435959,574.7796234721181
8395,0,0,1,186,36,3,15,0.49425172130577266,0.7565638932865113,272.8903304090611,569.3246221103637
8396,0,1,0,166,21,5,17,0.9842240803409368,0.6037942769471556,288.36918259000356,652.913315471664
8397,0,0,0,158,19,2,24,0.48323641112074256,0.5905635331291705,257.65189633681825,561.5640495166033
8398,0,1,0,313,17,8,17,0.03654719586484134,0.2661329871043563,235.24787558593553,559.7194721248886
8399,1,0,0,378,16,9,18,0.8112564436160028,0.26610612077638507,398.6809366046538,842.3402459335518
8400,0,0,0,46,37,7,20,0.28013089881278574,0.967524380190298,252.38382121131482,482.15837291072523
8401,0,1,0,184,28,3,25,0.6121745223645121,0.048944066278636456,311.6951598607144,622.1040375093685
8402,1,0,1,241,49,4,22,0.5121942616533488,0.6461082133464515,281.46779925732153,539.848877327918
8403,0,0,1,276,24,6,16,0.14149569114670157,0.8747874984983355,270.2061460983773,524.1516362056346
8404,1,0,0,205,26,5,20,0.26668567629531026,0.7934630094096065,269.98316736598645,541.5182542288103
8405,1,0,1,51,40,11,23,0.5589970224536955,0.8726507888641208,341.72338472560926,682.3302651715775
8406,0,0,0,137,50,2,14,0.9892466596793383,0.7492987331934273,306.1848346676113,615.7000920315745
8407,0,0,1,233,47,3,19,0.3773106967564672,0.7403151453472674,296.30229603458145,558.9656454345125
8408,1,0,1,212,38,5,23,0.9087103542406112,0.1694229245185852,334.0816899988994,676.7354602168774
8409,1,1,1,54,41,3,19,0.24443748919293284,0.13247077818959951,280.3593285311503,592.3528800550959
8410,1,0,0,111,31,6,19,0.46977853984571993,0.7659584856592119,270.05479782897896,571.5653920237228
8411,0,0,0,139,3,4,20,0.978013844229281,0.1299455715343356,377.87376340947833,773.7113254324818
8412,0,0,0,34,14,5,15,0.14216354000382125,0.6515949983149767,268.8849928051926,479.27172261595547
8413,0,1,0,101,7,5,15,0.9787284394260496,0.14397736149840057,324.49717068963355,579.5251308293182
8414,0,0,1,446,29,5,22,0.5533483980689198,0.980351353995502,263.5635195395959,519.8736802065387
8415,1,1,1,348,12,6,32,0.016379052540287375,0.8120638781692833,255.61155179530982,509.31044472995194
8416,0,0,0,107,33,4,15,0.8046367336064577,0.31251504993997514,271.01563133975003,717.6097681031863
8417,0,0,0,169,39,3,31,0.7841161577962339,0.6968751777894795,294.75039122503637,655.5925560715905
8418,0,0,0,209,24,1,26,0.14149569114670157,0.8747874984983355,220.70429722695988,411.03161357445964
8419,1,1,0,26,38,2,23,0.9087103542406112,0.1694229245185852,296.0221880300375,606.9567368878191
8420,1,0,0,122,44,5,21,0.9833834334276617,0.5796247583348304,349.37182451253324,650.1572077694582
8421,0,0,1,101,7,5,15,0.9787284394260496,0.14397736149840057,299.7305565710814,612.1444632932431
8422,1,0,0,111,31,6,19,0.46977853984571993,0.7659584856592119,271.591080813819,544.4516542846994
8423,1,0,1,367,45,6,16,0.8977528435643762,0.5364251248538494,353.1703871659111,773.7142413349696
8424,0,0,0,490,34,7,20,0.5088973850943148,0.8422173084691167,220.77382908925304,464.3177162749393
8425,0,0,1,244,34,9,25,0.5088973850943148,0.8422173084691167,276.2075220893319,635.6357916262937
8426,0,0,0,82,27,3,27,0.042702050879597664,0.5714270058088005,245.59707782422734,527.5930711697808
8427,0,0,0,83,34,5,24,0.5088973850943148,0.8422173084691167,301.93039807709323,623.5040998156094
8428,1,0,1,352,26,9,23,0.26668567629531026,0.7934630094096065,320.0834778417996,654.7336377906507
8429,0,0,0,158,19,2,24,0.48323641112074256,0.5905635331291705,261.27398244415525,605.6527560365001
8430,0,1,0,85,19,3,27,0.48323641112074256,0.5905635331291705,286.80637047032576,621.411080037397
8431,0,0,0,407,15,6,19,0.21112623764202,0.9238038510084152,213.61860859905295,404.41534239369486
8432,1,1,1,362,27,5,23,0.042702050879597664,0.5714270058088005,356.29700929447,659.4266285277539
8433,0,1,0,313,17,8,17,0.03654719586484134,0.2661329871043563,218.61378331806077,453.50120831602555
8434,0,0,1,360,29,7,33,0.5533483980689198,0.980351353995502,219.04049536979184,536.0136652333646
8435,0,0,0,83,34,5,24,0.5088973850943148,0.8422173084691167,270.73545890335566,563.7466972496364
8436,0,1,0,470,39,5,22,0.7841161577962339,0.6968751777894795,318.5795322924217,717.0524596690528
8437,0,0,0,270,29,7,22,0.5533483980689198,0.980351353995502,269.58489659238785,552.5481047540699
8438,0,1,0,361,8,4,20,0.49811370903626084,0.8910799578297883,265.7873835234813,594.6967834577199
8439,0,1,1,114,35,9,14,0.6349153537303209,0.31414990592747927,301.7874175369801,588.5098593657242
8440,1,0,0,54,41,3,19,0.24443748919293284,0.13247077818959951,313.9499308511604,659.6217574514656
8441,1,1,1,363,35,5,21,0.6349153537303209,0.31414990592747927,349.9551223127158,709.0999747269461
8442,0,0,1,36,41,6,20,0.24443748919293284,0.13247077818959951,265.7252359431469,458.1272597225747
8443,0,0,0,274,40,3,20,0.5589970224536955,0.8726507888641208,289.52148571629255,602.0702794609203
8444,0,0,1,55,6,7,26,0.7426119421143085,0.6856354165356606,300.85118392192953,736.6922661865974
8445,1,0,0,194,40,3,17,0.5589970224536955,0.8726507888641208,312.21959406009034,639.1887216644586
8446,0,0,1,324,8,2,22,0.49811370903626084,0.8910799578297883,245.89824119971416,452.8467149024237
8447,1,1,0,71,45,6,18,0.8977528435643762,0.5364251248538494,328.6572606143957,694.6092520314767
8448,0,0,1,436,15,5,17,0.21112623764202,0.9238038510084152,278.7081739021675,573.9975737679092
8449,0,0,1,79,29,6,23,0.5533483980689198,0.980351353995502,272.91830248394774,561.3625177602921
8450,0,0,0,274,40,3,20,0.5589970224536955,0.8726507888641208,283.82133746756466,591.9991335531275
8451,0,1,1,405,49,5,20,0.5121942616533488,0.6461082133464515,248.2710468774098,584.117835117334
8452,0,1,1,254,4,3,19,0.20132735022343695,0.74613202130422,272.2866736818034,507.86248423351975
8453,1,0,1,498,31,5,13,0.46977853984571993,0.7659584856592119,260.579998241064,636.8917669666115
8454,0,0,0,211,16,8,23,0.8112564436160028,0.26610612077638507,277.0193300874296,592.7911104699378
8455,1,0,0,105,2,7,12,0.19722419138997793,0.08462062571197748,307.07351060958746,609.4192750745015
8456,0,1,0,122,44,5,21,0.9833834334276617,0.5796247583348304,360.41254877529025,704.050712042732
8457,0,0,0,432,12,6,22,0.016379052540287375,0.8120638781692833,278.38927478387984,569.5434662849561
8458,0,0,1,361,8,4,20,0.49811370903626084,0.8910799578297883,249.18955129520933,541.3836289354668
8459,0,1,0,356,47,10,25,0.3773106967564672,0.7403151453472674,346.7482105727519,676.3386978174617
8460,0,0,1,407,15,6,19,0.21112623764202,0.9238038510084152,274.7799058717264,553.6833627890713
8461,1,1,1,27,35,3,22,0.6349153537303209,0.31414990592747927,350.47811160090794,766.0301229605324
8462,0,0,0,311,9,3,24,0.013315835734829307,0.08963611628860235,268.19959814719414,507.46287198462664
8463,0,1,0,40,48,7,21,0.6061688305344433,0.4517896354664117,284.1737256705484,551.1419947840893
8464,0,1,0,91,32,3,18,0.39761656103655696,0.7758463725913316,305.73922506221254,574.4383044700917
8465,0,0,0,427,34,4,23,0.5088973850943148,0.8422173084691167,281.4675892852436,576.5469668309804
8466,0,0,0,436,15,5,17,0.21112623764202,0.9238038510084152,284.27503274120545,615.029655652562
8467,0,0,1,113,29,5,24,0.5533483980689198,0.980351353995502,291.3599277536682,514.7693491374067
8468,0,0,1,312,50,3,22,0.9892466596793383,0.7492987331934273,321.9845349338236,623.4863298916666
8469,0,0,0,398,47,4,13,0.3773106967564672,0.7403151453472674,276.6840614272304,625.9808293121007
8470,1,0,1,182,25,7,21,0.8063855252694339,0.0688752664718777,335.42129358450484,680.1334880502575
8471,0,0,0,39,26,5,12,0.26668567629531026,0.7934630094096065,304.03611211700365,511.8354623853266
8472,0,0,0,340,14,2,21,0.14216354000382125,0.6515949983149767,274.8748571055335,569.0071451884156
8473,0,0,0,440,26,5,19,0.26668567629531026,0.7934630094096065,260.732658003784,544.042486262671
8474,0,0,0,13,5,4,16,0.36124442727304995,0.0388791817240417,283.77558965945104,569.0502726860166
8475,0,1,0,63,47,5,28,0.3773106967564672,0.7403151453472674,305.8385740545968,649.6307414867504
8476,0,0,1,341,34,3,16,0.5088973850943148,0.8422173084691167,250.74724635544771,555.4337351966269
8477,0,0,0,83,34,5,24,0.5088973850943148,0.8422173084691167,265.6930775976012,574.4224142467118
8478,0,0,0,232,21,8,29,0.9842240803409368,0.6037942769471556,295.9977080170302,646.3855227789041
8479,1,0,0,368,14,2,14,0.14216354000382125,0.6515949983149767,269.7341009118682,640.096496454252
8480,0,1,0,182,25,7,21,0.8063855252694339,0.0688752664718777,381.9559770952229,678.1284660260199
8481,1,0,1,365,48,4,19,0.6061688305344433,0.4517896354664117,353.9462800526064,706.4634061506929
8482,0,0,0,219,36,5,23,0.49425172130577266,0.7565638932865113,306.0170849242859,514.3478495032857
8483,1,0,0,183,29,6,19,0.5533483980689198,0.980351353995502,328.4968889133123,673.0993821272782
8484,1,0,0,30,47,1,23,0.3773106967564672,0.7403151453472674,251.86417604413035,480.3983727712016
8485,0,0,0,78,6,6,20,0.7426119421143085,0.6856354165356606,305.58496331039606,639.0858471375773
8486,0,0,1,256,10,9,27,0.25994612858630717,0.03773271921090782,290.49887863868787,567.4415426182431
8487,0,0,0,193,2,3,20,0.19722419138997793,0.08462062571197748,224.3273073853632,545.2693180802424
8488,0,0,1,118,31,6,19,0.46977853984571993,0.7659584856592119,252.73572858180987,548.4439522775717
8489,0,1,0,187,47,3,20,0.3773106967564672,0.7403151453472674,264.4603424721818,553.3481070799246
8490,0,0,0,147,16,5,19,0.8112564436160028,0.26610612077638507,306.9041115729789,579.6674149838101
8491,0,0,1,478,14,3,20,0.14216354000382125,0.6515949983149767,255.73013898345894,600.720208802792
8492,0,0,0,197,29,8,24,0.5533483980689198,0.980351353995502,257.65628102667097,649.9446266993817
8493,1,0,0,168,39,6,24,0.7841161577962339,0.6968751777894795,317.51048908786595,738.6523976976962
8494,0,0,0,249,42,3,20,0.5309706551488489,0.07851310959085822,263.83917598666733,584.2823360687732
8495,1,0,1,125,38,5,23,0.9087103542406112,0.1694229245185852,324.2493726171324,706.0941818913814
8496,1,0,0,144,19,5,21,0.48323641112074256,0.5905635331291705,329.9721481245176,631.6258870289465
8497,0,0,0,372,13,4,16,0.09574478422291577,0.2606025456916541,291.7485550368839,518.0439364144937
8498,1,1,0,232,21,8,29,0.9842240803409368,0.6037942769471556,378.00433579008677,778.7317817876606
8499,0,1,0,253,18,4,24,0.8916374130640179,0.9109178960788995,344.19795892400714,681.0650267194729
8500,0,0,1,448,30,4,15,0.8535007652826607,0.9145373487845063,299.0000061666905,627.3408654738533
8501,0,0,0,277,48,5,24,0.6061688305344433,0.4517896354664117,318.66854905991715,621.6174392075551
8502,0,1,0,32,44,2,22,0.9833834334276617,0.5796247583348304,323.0786314189011,648.1763543582235
8503,0,0,0,221,37,7,22,0.28013089881278574,0.967524380190298,215.5699954515198,510.09922636316037
8504,0,0,0,205,26,5,20,0.26668567629531026,0.7934630094096065,256.7520878357599,459.35808886159884
8505,1,0,1,340,14,2,21,0.14216354000382125,0.6515949983149767,253.06861922352232,488.7931341706146
8506,0,0,0,384,7,4,21,0.9787284394260496,0.14397736149840057,305.6850075513993,651.1454115806032
8507,1,0,0,153,10,6,20,0.25994612858630717,0.03773271921090782,292.52491040788584,608.0090962585707
8508,0,0,0,118,31,6,19,0.46977853984571993,0.7659584856592119,305.3901187799275,668.3991693695907
8509,1,0,1,60,35,5,21,0.6349153537303209,0.31414990592747927,374.1643766373308,767.4914957796768
8510,0,0,0,239,46,4,15,0.7385737628210336,0.10853192373178899,258.46518976919725,534.4698443527511
8511,0,1,0,436,15,5,17,0.21112623764202,0.9238038510084152,238.5461082347996,464.5937769191795
8512,0,0,0,385,45,7,17,0.8977528435643762,0.5364251248538494,338.32229637481146,640.80886789991
8513,0,1,1,346,41,8,26,0.24443748919293284,0.13247077818959951,256.7374383684785,483.2633510760637
8514,0,0,0,99,42,5,22,0.5309706551488489,0.07851310959085822,264.38783062033724,542.573799805576
8515,0,0,1,357,49,8,14,0.5121942616533488,0.6461082133464515,264.5553381927767,590.053761605073
8516,0,0,1,448,30,4,15,0.8535007652826607,0.9145373487845063,278.4226138218768,615.0140067741496
8517,0,0,0,263,39,5,14,0.7841161577962339,0.6968751777894795,284.65321923644655,618.721482793079
8518,0,0,0,119,29,3,20,0.5533483980689198,0.980351353995502,262.6850787527083,593.3698728756499
8519,1,1,0,431,27,5,21,0.042702050879597664,0.5714270058088005,248.8241093378671,445.4049600372851
8520,1,1,0,469,50,7,28,0.9892466596793383,0.7492987331934273,306.80292326084754,569.6840401755107
8521,1,0,0,164,3,5,26,0.978013844229281,0.1299455715343356,320.10265967063117,652.9789637814773
8522,1,0,0,16,26,3,16,0.26668567629531026,0.7934630094096065,300.2760248657924,634.8409437994559
8523,1,0,1,223,39,5,17,0.7841161577962339,0.6968751777894795,369.62509527314705,807.9239936693284
8524,0,0,1,113,29,5,24,0.5533483980689198,0.980351353995502,282.1088736617183,536.9220294754358
8525,1,1,0,15,37,6,21,0.28013089881278574,0.967524380190298,354.473021690019,709.6654047427842
8526,0,0,1,144,19,5,21,0.48323641112074256,0.5905635331291705,232.45423335371996,479.2697738818701
8527,1,0,1,253,18,4,24,0.8916374130640179,0.9109178960788995,339.6927492244351,653.8451517868452
8528,1,0,1,95,28,3,17,0.6121745223645121,0.048944066278636456,354.4048775447723,648.6362031227275
8529,1,0,0,352,26,9,23,0.26668567629531026,0.7934630094096065,264.0503591830919,551.7686264839756
8530,0,1,1,35,29,8,25,0.5533483980689198,0.980351353995502,297.3042754987363,618.6779830753735
8531,0,0,0,415,34,6,13,0.5088973850943148,0.8422173084691167,250.15543011654285,495.78732159067584
8532,0,1,1,18,48,5,30,0.6061688305344433,0.4517896354664117,334.1788660619299,661.6588128167294
8533,0,0,0,101,7,5,15,0.9787284394260496,0.14397736149840057,290.8449536883149,660.862696171955
8534,0,0,0,85,19,3,27,0.48323641112074256,0.5905635331291705,301.4552102943402,626.0846050140143
8535,0,0,0,72,47,7,22,0.3773106967564672,0.7403151453472674,298.4742498251053,623.7659519951258
8536,0,0,1,386,10,8,30,0.25994612858630717,0.03773271921090782,319.22227463029947,590.2541545524186
8537,0,0,0,81,43,4,20,0.11839594203047454,0.37822385248728096,234.91457626169208,431.9937349186695
8538,0,1,1,319,50,4,21,0.9892466596793383,0.7492987331934273,245.60577103706683,522.5241628578215
8539,0,1,1,190,10,7,25,0.25994612858630717,0.03773271921090782,288.5433267897295,610.2566610731319
8540,0,0,0,218,49,8,27,0.5121942616533488,0.6461082133464515,234.1034489648197,539.0421560708261
8541,0,1,0,286,41,6,18,0.24443748919293284,0.13247077818959951,292.99012365854685,544.4447086652522
8542,0,0,1,291,39,6,15,0.7841161577962339,0.6968751777894795,280.51611419426825,574.6144730719833
8543,0,0,1,492,40,4,16,0.5589970224536955,0.8726507888641208,283.44409181516636,614.3067179844818
8544,1,0,1,306,46,5,21,0.7385737628210336,0.10853192373178899,341.6991983259839,627.4450112330214
8545,0,0,0,225,9,7,22,0.013315835734829307,0.08963611628860235,245.82177336903206,476.2448412863131
8546,0,0,0,252,21,2,17,0.9842240803409368,0.6037942769471556,295.6111164922387,574.3436797493663
8547,0,0,1,497,42,5,19,0.5309706551488489,0.07851310959085822,274.7358597301744,554.2876062522755
8548,0,1,0,315,3,6,23,0.978013844229281,0.1299455715343356,354.46007040988326,709.2064982806631
8549,0,0,0,191,34,6,11,0.5088973850943148,0.8422173084691167,171.60286992694986,419.0900930098607
8550,0,1,1,72,47,7,22,0.3773106967564672,0.7403151453472674,311.92270348125265,588.4554237860024
8551,0,1,1,148,48,3,17,0.6061688305344433,0.4517896354664117,279.25812311560117,486.42729581792423
8552,0,0,0,26,38,2,23,0.9087103542406112,0.1694229245185852,291.7136454723322,572.9753488162148
8553,1,0,0,130,11,8,16,0.775893080746755,0.774874358670786,319.80454292831837,660.1138602850726
8554,0,0,0,309,14,2,25,0.14216354000382125,0.6515949983149767,258.42271225624125,457.50617446615615
8555,0,0,0,473,9,5,11,0.013315835734829307,0.08963611628860235,283.9769625248383,603.5823840929702
8556,0,0,1,98,43,0,23,0.11839594203047454,0.37822385248728096,261.4499218976094,573.3038709643507
8557,0,0,0,73,22,3,22,0.6013455470092595,0.32826394867151976,288.30239737373535,597.3217384596554
8558,0,1,0,383,14,4,27,0.14216354000382125,0.6515949983149767,292.54923914928486,582.6649217035778
8559,0,0,0,257,4,7,24,0.20132735022343695,0.74613202130422,234.7794129295333,567.964825514342
8560,0,0,0,48,10,5,21,0.25994612858630717,0.03773271921090782,274.9927543752514,545.809043189332
8561,0,1,0,357,49,8,14,0.5121942616533488,0.6461082133464515,288.952036745521,553.5361153813732
8562,0,0,1,370,27,6,21,0.042702050879597664,0.5714270058088005,223.79759433573645,484.60190744170217
8563,0,0,1,214,15,4,20,0.21112623764202,0.9238038510084152,300.7593172093091,657.0065021231301
8564,1,0,0,443,22,5,21,0.6013455470092595,0.32826394867151976,319.3741198065221,659.908250186259
8565,0,1,1,241,49,4,22,0.5121942616533488,0.6461082133464515,254.30276158993576,499.1829197596009
8566,0,0,1,230,22,3,18,0.6013455470092595,0.32826394867151976,339.3201129585744,606.749981954845
8567,1,0,0,135,9,4,17,0.013315835734829307,0.08963611628860235,282.8063228542482,652.8010577567036
8568,0,1,1,145,14,2,23,0.14216354000382125,0.6515949983149767,247.50127687812204,471.5677761663956
8569,0,0,0,47,33,7,27,0.8046367336064577,0.31251504993997514,346.2687268207339,702.8752281266587
8570,0,0,0,83,34,5,24,0.5088973850943148,0.8422173084691167,244.62378010162587,556.1272171760222
8571,0,0,0,43,31,4,16,0.46977853984571993,0.7659584856592119,304.3564303840075,618.6590373820239
8572,1,1,1,317,10,7,22,0.25994612858630717,0.03773271921090782,298.6671821419208,570.0495048867846
8573,0,0,0,203,50,3,17,0.9892466596793383,0.7492987331934273,359.67863098752264,622.9438770878936
8574,0,1,1,106,33,4,18,0.8046367336064577,0.31251504993997514,347.49340566660646,735.7247828210028
8575,0,0,1,455,50,3,19,0.9892466596793383,0.7492987331934273,326.4059479904431,561.4256318814083
8576,0,1,0,326,14,5,25,0.14216354000382125,0.6515949983149767,281.9927774892459,495.5175062660569
8577,0,0,1,244,34,9,25,0.5088973850943148,0.8422173084691167,311.0371846155295,657.4232244084197
8578,0,0,0,411,5,4,17,0.36124442727304995,0.0388791817240417,306.2816662009573,578.1659504381987
8579,0,0,1,455,50,3,19,0.9892466596793383,0.7492987331934273,344.3852987541079,747.7997258405192
8580,0,1,0,450,30,4,23,0.8535007652826607,0.9145373487845063,289.43819848673786,589.530469541048
8581,0,0,1,325,31,2,17,0.46977853984571993,0.7659584856592119,274.14511746690175,505.6548052152446
8582,0,0,1,349,28,3,19,0.6121745223645121,0.048944066278636456,267.4400489972053,482.3990067751029
8583,0,0,1,216,36,4,27,0.49425172130577266,0.7565638932865113,322.85265198423247,599.1038064854993
8584,1,0,0,386,10,8,30,0.25994612858630717,0.03773271921090782,249.10136565583963,462.7166232677009
8585,0,0,1,312,50,3,22,0.9892466596793383,0.7492987331934273,342.5778128526567,679.4543224507304
8586,0,0,0,181,37,7,22,0.28013089881278574,0.967524380190298,281.56650729250657,646.5192773202151
8587,0,0,1,78,6,6,20,0.7426119421143085,0.6856354165356606,302.99036683176803,680.6878520266947
8588,0,0,1,54,41,3,19,0.24443748919293284,0.13247077818959951,273.7435594784918,547.6410038607477
8589,1,0,0,79,29,6,23,0.5533483980689198,0.980351353995502,338.1023696985303,719.4701006223214
8590,0,0,0,24,35,2,27,0.6349153537303209,0.31414990592747927,314.00652304782284,618.5307800313179
8591,0,0,0,188,41,1,18,0.24443748919293284,0.13247077818959951,303.83898527611086,605.5841482628921
8592,1,0,0,94,32,2,21,0.39761656103655696,0.7758463725913316,324.71126517729925,595.5695031254667
8593,0,0,0,196,42,6,18,0.5309706551488489,0.07851310959085822,297.045383938603,623.9992133204688
8594,0,0,1,31,17,5,16,0.03654719586484134,0.2661329871043563,221.71190863639055,405.127402006479
8595,0,0,1,115,26,6,26,0.26668567629531026,0.7934630094096065,330.96046247992024,688.2023746660187
8596,0,0,0,321,22,4,14,0.6013455470092595,0.32826394867151976,254.6310715479239,542.8408414296978
8597,0,0,0,256,10,9,27,0.25994612858630717,0.03773271921090782,280.55980493522145,612.8727993224154
8598,1,0,1,222,2,3,20,0.19722419138997793,0.08462062571197748,270.6454221375717,665.2990373111248
8599,0,0,1,386,10,8,30,0.25994612858630717,0.03773271921090782,239.6018571017464,528.0990705444783
8600,0,0,0,112,19,5,30,0.48323641112074256,0.5905635331291705,257.72163161777667,525.4061664453196
8601,0,0,0,434,4,5,20,0.20132735022343695,0.74613202130422,289.77007913841476,595.9274406806426
8602,0,0,0,232,21,8,29,0.9842240803409368,0.6037942769471556,356.0392547939859,654.1792804013562
8603,1,0,0,466,29,6,18,0.5533483980689198,0.980351353995502,343.85745745936646,738.9108500194833
8604,0,0,0,241,49,4,22,0.5121942616533488,0.6461082133464515,275.61644640009104,544.7709961211533
8605,0,1,0,495,44,0,14,0.9833834334276617,0.5796247583348304,350.9806627407643,714.1283718007656
8606,0,0,1,55,6,7,26,0.7426119421143085,0.6856354165356606,294.02296841795356,686.0353181857454
8607,0,0,0,148,48,3,17,0.6061688305344433,0.4517896354664117,295.5200284362068,586.213008030324
8608,1,0,0,81,43,4,20,0.11839594203047454,0.37822385248728096,290.2079114307091,599.3070246807171
8609,0,0,0,83,34,5,24,0.5088973850943148,0.8422173084691167,292.37877398354783,652.0708162628057
8610,1,1,0,240,17,8,20,0.03654719586484134,0.2661329871043563,267.0647465642785,561.5293295121676
8611,1,0,1,414,39,3,29,0.7841161577962339,0.6968751777894795,337.70431564758275,701.4113898727837
8612,0,1,0,129,23,1,19,0.03834434738382697,0.6661178111098707,236.8532839187523,521.5475079522511
8613,0,0,1,470,39,5,22,0.7841161577962339,0.6968751777894795,345.1192312646305,690.1252538646538
8614,0,0,1,163,48,6,19,0.6061688305344433,0.4517896354664117,291.40244035047874,606.9547638127217
8615,1,1,0,395,50,3,23,0.9892466596793383,0.7492987331934273,371.39139645244285,700.660018960304
8616,0,0,0,407,15,6,19,0.21112623764202,0.9238038510084152,266.4677286561927,532.8464047391079
8617,0,1,1,329,6,3,18,0.7426119421143085,0.6856354165356606,300.0164779328153,663.9639931179177
8618,0,0,0,367,45,6,16,0.8977528435643762,0.5364251248538494,273.1035219698154,597.6595080602129
8619,0,0,0,173,33,8,23,0.8046367336064577,0.31251504993997514,329.5199727164485,677.9635563620033
8620,0,0,1,472,45,6,13,0.8977528435643762,0.5364251248538494,282.33556877831234,583.2522935080584
8621,0,0,0,224,9,6,12,0.013315835734829307,0.08963611628860235,267.6322096907728,627.5881168707815
8622,0,1,0,157,46,8,28,0.7385737628210336,0.10853192373178899,264.64032864039837,505.0302899234321
8623,0,0,0,55,6,7,26,0.7426119421143085,0.6856354165356606,324.76432617965935,617.8669028204281
8624,0,0,1,411,5,4,17,0.36124442727304995,0.0388791817240417,253.10093388791222,537.2871485612474
8625,0,0,1,475,16,6,19,0.8112564436160028,0.26610612077638507,296.4358376988077,629.7689355878466
8626,0,0,0,164,3,5,26,0.978013844229281,0.1299455715343356,349.74275223297826,641.3711277339402
8627,1,1,0,345,19,3,33,0.48323641112074256,0.5905635331291705,340.79303729973407,624.4666579246648
8628,0,0,0,82,27,3,27,0.042702050879597664,0.5714270058088005,247.58839313690848,529.8351662296789
8629,0,1,1,324,8,2,22,0.49811370903626084,0.8910799578297883,296.06427325621627,703.0491629743398
8630,1,0,0,392,47,7,15,0.3773106967564672,0.7403151453472674,326.49197174449074,597.0092070283438
8631,0,1,0,260,10,4,22,0.25994612858630717,0.03773271921090782,293.97675440766557,598.3812761233469
8632,0,0,0,494,41,3,24,0.24443748919293284,0.13247077818959951,278.7855557561939,681.0157812492336
8633,1,0,0,267,45,6,15,0.8977528435643762,0.5364251248538494,332.73518531774846,724.8042754087077
8634,0,0,1,385,45,7,17,0.8977528435643762,0.5364251248538494,320.7455456754236,611.3352141609627
8635,0,1,1,127,28,4,22,0.6121745223645121,0.048944066278636456,375.8774358535123,798.1551265933776
8636,1,1,0,99,42,5,22,0.5309706551488489,0.07851310959085822,284.274036319012,648.759628041571
8637,0,0,0,160,20,6,19,0.4666645280085504,0.9181476451922208,266.64120599933983,601.3817598605822
8638,0,0,1,308,30,6,25,0.8535007652826607,0.9145373487845063,328.01974194809236,670.7741994865794
8639,0,1,0,433,23,8,29,0.03834434738382697,0.6661178111098707,326.0036355712823,688.0332572935092
8640,0,0,1,167,21,6,21,0.9842240803409368,0.6037942769471556,297.27053052390426,562.2312191513012
8641,0,0,0,30,47,1,23,0.3773106967564672,0.7403151453472674,273.75818564093873,638.1040690723469
8642,0,0,0,315,3,6,23,0.978013844229281,0.1299455715343356,341.8360594715774,631.5389300769854
8643,0,1,0,71,45,6,18,0.8977528435643762,0.5364251248538494,335.0461214917685,676.5267336696136
8644,0,0,0,257,4,7,24,0.20132735022343695,0.74613202130422,311.26213283761524,567.3143623881349
8645,1,1,1,476,23,1,15,0.03834434738382697,0.6661178111098707,341.18544536389714,700.9869967123093
8646,1,0,0,36,41,6,20,0.24443748919293284,0.13247077818959951,268.0662908624019,489.879756057637
8647,0,0,1,211,16,8,23,0.8112564436160028,0.26610612077638507,382.50482278828827,776.5706917385338
8648,0,1,0,431,27,5,21,0.042702050879597664,0.5714270058088005,285.61110641527426,573.5432512838082
8649,1,0,0,41,11,5,27,0.775893080746755,0.774874358670786,354.634336140291,782.5679249132829
8650,0,0,0,228,9,9,21,0.013315835734829307,0.08963611628860235,270.8379437787932,642.9388030995476
8651,0,0,1,44,29,3,19,0.5533483980689198,0.980351353995502,293.3155443521543,628.6821799328914
8652,0,0,0,372,13,4,16,0.09574478422291577,0.2606025456916541,308.98514612652934,613.8167693111408
8653,0,0,0,282,36,9,21,0.49425172130577266,0.7565638932865113,283.0838528227302,613.5028957179056
8654,0,0,0,324,8,2,22,0.49811370903626084,0.8910799578297883,245.40413572461668,447.7868646472478
8655,0,0,1,358,1,1,29,0.774368490325287,0.06913358555175364,313.1459971433001,615.7648069543351
8656,0,0,0,318,34,3,21,0.5088973850943148,0.8422173084691167,265.45033166039207,562.7725776946602
8657,1,0,0,241,49,4,22,0.5121942616533488,0.6461082133464515,283.9121767189764,633.5673410893282
8658,0,0,0,56,18,3,28,0.8916374130640179,0.9109178960788995,291.7294834208819,540.1772907303058
8659,1,0,0,474,33,2,23,0.8046367336064577,0.31251504993997514,358.70222402095806,751.0997110848709
8660,0,1,0,191,34,6,11,0.5088973850943148,0.8422173084691167,321.8264685138603,702.7474262819348
8661,0,1,0,135,9,4,17,0.013315835734829307,0.08963611628860235,298.19667852545155,674.1136591134858
8662,1,1,1,262,23,5,27,0.03834434738382697,0.6661178111098707,342.67547194712415,717.4317036956614
8663,0,1,1,307,7,7,27,0.9787284394260496,0.14397736149840057,305.60657070004504,589.5362488155379
8664,1,1,1,290,39,0,22,0.7841161577962339,0.6968751777894795,382.52344177431326,735.3017085937657
8665,0,0,0,82,27,3,27,0.042702050879597664,0.5714270058088005,238.9811017554148,490.702803826095
8666,0,1,1,109,27,2,33,0.042702050879597664,0.5714270058088005,250.73922746650015,526.8402075127213
8667,0,1,0,196,42,6,18,0.5309706551488489,0.07851310959085822,336.38083242123383,567.6466433124871
8668,0,1,0,58,48,6,22,0.6061688305344433,0.4517896354664117,259.9332603055545,540.933475066228
8669,1,0,0,500,38,5,15,0.9087103542406112,0.1694229245185852,311.30657084572397,714.6401357529247
8670,1,0,1,200,35,6,19,0.6349153537303209,0.31414990592747927,359.6650951244186,706.2153336301077
8671,0,0,1,444,16,3,16,0.8112564436160028,0.26610612077638507,323.81276017573765,667.21340514847
8672,0,0,0,50,50,4,23,0.9892466596793383,0.7492987331934273,371.8820879715268,662.0645913768947
8673,0,1,0,336,40,0,12,0.5589970224536955,0.8726507888641208,284.6873401724781,555.8084922314292
8674,0,0,1,401,17,7,15,0.03654719586484134,0.2661329871043563,230.00701212834701,609.5119701912997
8675,0,1,0,249,42,3,20,0.5309706551488489,0.07851310959085822,305.71032876762496,609.592687874413
8676,0,1,1,153,10,6,20,0.25994612858630717,0.03773271921090782,316.6143323634085,483.4835200885881
8677,0,1,0,296,31,10,14,0.46977853984571993,0.7659584856592119,340.89811884978394,613.4603519338456
8678,0,1,0,183,29,6,19,0.5533483980689198,0.980351353995502,214.2883023484965,470.7905746514735
8679,0,1,1,213,41,2,27,0.24443748919293284,0.13247077818959951,231.44269562202842,465.1014232482374
8680,0,0,0,414,39,3,29,0.7841161577962339,0.6968751777894795,323.57077138919885,581.562258468991
8681,0,0,0,427,34,4,23,0.5088973850943148,0.8422173084691167,265.7852556395831,623.909737379545
8682,0,0,0,499,13,5,16,0.09574478422291577,0.2606025456916541,250.97724230598232,466.18188855505605
8683,0,0,1,120,1,5,17,0.774368490325287,0.06913358555175364,264.91102872827065,585.32341352682
8684,1,0,0,428,38,11,25,0.9087103542406112,0.1694229245185852,327.3659812759075,635.3870209984225
8685,0,1,0,65,43,10,24,0.11839594203047454,0.37822385248728096,340.8980981680702,643.8577947118066
8686,0,1,0,293,43,3,32,0.11839594203047454,0.37822385248728096,253.51290624718752,610.5066079822604
8687,0,0,0,291,39,6,15,0.7841161577962339,0.6968751777894795,331.4350799151201,639.4456593574728
8688,0,0,0,359,41,1,22,0.24443748919293284,0.13247077818959951,313.61194133312677,629.4453556758459
8689,1,1,0,365,48,4,19,0.6061688305344433,0.4517896354664117,318.8976866967322,611.0036238631506
8690,1,0,0,295,4,3,28,0.20132735022343695,0.74613202130422,258.8241978649184,564.7971358195109
8691,0,0,1,277,48,5,24,0.6061688305344433,0.4517896354664117,282.429694949579,562.2129520405989
8692,0,0,1,121,30,7,24,0.8535007652826607,0.9145373487845063,270.06634858168115,575.3513814182483
8693,1,1,0,362,27,5,23,0.042702050879597664,0.5714270058088005,305.7716668360245,512.7187523643238
8694,0,1,0,372,13,4,16,0.09574478422291577,0.2606025456916541,304.30145233851715,638.9528106733707
8695,0,0,1,85,19,3,27,0.48323641112074256,0.5905635331291705,232.09784650471482,481.09117515954034
8696,0,1,1,295,4,3,28,0.20132735022343695,0.74613202130422,237.0820857357235,499.8110417232158
8697,0,0,0,311,9,3,24,0.013315835734829307,0.08963611628860235,291.0792861235175,564.4194924837484
8698,0,0,1,134,40,8,18,0.5589970224536955,0.8726507888641208,296.4630084084407,617.9931860342142
8699,1,0,0,419,15,5,23,0.21112623764202,0.9238038510084152,280.4162399111851,558.6456757540984
8700,0,1,1,481,3,7,21,0.978013844229281,0.1299455715343356,353.80549861139974,689.7357060583968
8701,1,1,0,107,33,4,15,0.8046367336064577,0.31251504993997514,318.70786756831427,630.6910350787339
8702,0,1,0,194,40,3,17,0.5589970224536955,0.8726507888641208,322.99921985653367,675.7562411238273
8703,1,0,0,70,25,7,23,0.8063855252694339,0.0688752664718777,334.15244278373734,648.1743425853995
8704,1,1,1,431,27,5,21,0.042702050879597664,0.5714270058088005,279.2092203903312,519.0403608348073
8705,0,1,1,27,35,3,22,0.6349153537303209,0.31414990592747927,298.9521170891479,607.4797530499192
8706,0,0,0,180,29,2,19,0.5533483980689198,0.980351353995502,235.880511607894,427.01497600436323
8707,0,0,0,182,25,7,21,0.8063855252694339,0.0688752664718777,297.4760430805164,634.4692115834762
8708,1,1,0,258,23,3,21,0.03834434738382697,0.6661178111098707,278.9202816051874,557.4387300563347
8709,0,0,1,462,27,3,11,0.042702050879597664,0.5714270058088005,304.11739964832014,734.4271625125963
8710,0,1,1,234,22,8,19,0.6013455470092595,0.32826394867151976,312.3251898723484,678.4585304911759
8711,0,0,0,309,14,2,25,0.14216354000382125,0.6515949983149767,227.34250541973793,581.9723766902615
8712,0,0,0,215,33,8,15,0.8046367336064577,0.31251504993997514,271.8993357258803,533.879951497115
8713,0,1,0,105,2,7,12,0.19722419138997793,0.08462062571197748,329.5295088583915,726.1159450346474
8714,0,0,1,470,39,5,22,0.7841161577962339,0.6968751777894795,310.8324397686938,618.2581500950397
8715,0,0,0,55,6,7,26,0.7426119421143085,0.6856354165356606,323.350858253571,737.8000084717848
8716,0,1,0,166,21,5,17,0.9842240803409368,0.6037942769471556,303.63351274729746,673.7211176247473
8717,0,0,0,238,18,3,14,0.8916374130640179,0.9109178960788995,316.9321340081314,735.3034141367884
8718,0,0,1,271,38,3,20,0.9087103542406112,0.1694229245185852,300.1140965058943,497.32783619992483
8719,0,0,0,285,29,4,24,0.5533483980689198,0.980351353995502,280.37306334029864,599.6461160214305
8720,1,1,1,108,30,4,23,0.8535007652826607,0.9145373487845063,346.43243743063516,719.6594633123676
8721,0,1,0,266,48,8,13,0.6061688305344433,0.4517896354664117,318.8974888469204,559.0093428667167
8722,1,0,0,298,10,2,20,0.25994612858630717,0.03773271921090782,328.7560348754068,643.6216223913412
8723,0,0,0,116,48,3,20,0.6061688305344433,0.4517896354664117,245.16777332576385,479.3258986339751
8724,0,1,1,388,50,5,24,0.9892466596793383,0.7492987331934273,267.40760193070554,533.939883614056
8725,0,1,0,63,47,5,28,0.3773106967564672,0.7403151453472674,279.4614767366806,573.0871127104098
8726,0,0,0,353,8,6,23,0.49811370903626084,0.8910799578297883,237.43764320483245,477.51383209852503
8727,0,0,0,124,28,3,18,0.6121745223645121,0.048944066278636456,295.5205441813366,692.3677573122544
8728,1,0,0,54,41,3,19,0.24443748919293284,0.13247077818959951,315.32953719620036,691.6696141022474
8729,1,0,1,20,30,6,26,0.8535007652826607,0.9145373487845063,266.12836263376437,564.1734350659528
8730,0,0,1,113,29,5,24,0.5533483980689198,0.980351353995502,315.3377805570294,655.648755302065
8731,0,0,0,92,32,3,21,0.39761656103655696,0.7758463725913316,294.31953400063406,584.566907574647
8732,0,1,0,233,47,3,19,0.3773106967564672,0.7403151453472674,284.4920909748998,566.8889190133964
8733,0,1,0,181,37,7,22,0.28013089881278574,0.967524380190298,306.92954370430346,607.6263039542437
8734,0,1,1,466,29,6,18,0.5533483980689198,0.980351353995502,235.11136603629575,445.6357563912398
8735,0,0,0,391,14,4,24,0.14216354000382125,0.6515949983149767,240.73035661467054,452.5381432783281
8736,0,0,1,304,50,4,18,0.9892466596793383,0.7492987331934273,316.8058252139763,729.4749270321871
8737,0,0,1,437,22,1,25,0.6013455470092595,0.32826394867151976,279.126904457492,580.2159030969743
8738,1,1,0,168,39,6,24,0.7841161577962339,0.6968751777894795,334.35530256417724,688.4776804637808
8739,0,0,1,172,38,2,13,0.9087103542406112,0.1694229245185852,343.3039910811312,831.7237706860423
8740,0,0,0,210,49,6,20,0.5121942616533488,0.6461082133464515,223.89841296969274,542.5549161617573
8741,0,0,0,65,43,10,24,0.11839594203047454,0.37822385248728096,300.71768772684607,688.1832786259014
8742,0,1,1,343,38,2,20,0.9087103542406112,0.1694229245185852,307.6001051877057,601.7178320451434
8743,1,1,1,245,41,6,30,0.24443748919293284,0.13247077818959951,315.84456437127614,561.591585241445
8744,0,0,0,383,14,4,27,0.14216354000382125,0.6515949983149767,232.05909323628327,552.350398158432
8745,0,1,0,233,47,3,19,0.3773106967564672,0.7403151453472674,291.85685608916936,564.3662055953808
8746,1,0,0,466,29,6,18,0.5533483980689198,0.980351353995502,319.75870538831344,682.6726222299174
8747,0,0,0,253,18,4,24,0.8916374130640179,0.9109178960788995,304.2701360869827,675.6568455675513
8748,0,1,1,33,9,8,21,0.013315835734829307,0.08963611628860235,281.7448567602759,568.4742910786156
8749,1,0,0,333,1,2,36,0.774368490325287,0.06913358555175364,315.39749793315053,647.0265194127617
8750,0,1,1,287,15,3,22,0.21112623764202,0.9238038510084152,247.44962059696834,534.4831780358434
8751,0,0,0,243,32,7,13,0.39761656103655696,0.7758463725913316,240.59367687596557,560.14224884074
8752,0,1,0,398,47,4,13,0.3773106967564672,0.7403151453472674,312.4489050687899,629.7775765507456
8753,1,1,0,461,14,5,18,0.14216354000382125,0.6515949983149767,322.48294014044143,627.1409358104308
8754,1,0,1,472,45,6,13,0.8977528435643762,0.5364251248538494,324.27683198816896,676.1635525992106
8755,0,0,0,208,17,5,27,0.03654719586484134,0.2661329871043563,250.27166419582127,532.6770728494882
8756,0,0,1,201,35,2,21,0.6349153537303209,0.31414990592747927,303.56609482260467,575.6040324950952
8757,0,1,0,132,42,5,17,0.5309706551488489,0.07851310959085822,292.03718673243543,583.4594911619663
8758,0,0,0,224,9,6,12,0.013315835734829307,0.08963611628860235,267.01125098985784,518.9987706525415
8759,1,1,0,464,41,4,26,0.24443748919293284,0.13247077818959951,346.6275171663753,634.281009933116
8760,0,0,1,402,2,6,20,0.19722419138997793,0.08462062571197748,306.82020543775644,655.4518117324346
8761,0,1,0,431,27,5,21,0.042702050879597664,0.5714270058088005,254.56878657662864,581.7703687789
8762,0,1,1,266,48,8,13,0.6061688305344433,0.4517896354664117,306.3682249954687,673.2309697245815
8763,0,0,0,103,5,6,17,0.36124442727304995,0.0388791817240417,290.3651604924244,690.6690253550715
8764,0,1,0,110,25,0,15,0.8063855252694339,0.0688752664718777,322.78723560337363,650.2525424061408
8765,1,0,0,4,40,6,11,0.5589970224536955,0.8726507888641208,391.4910235934084,798.6307504021819
8766,1,0,0,179,28,1,17,0.6121745223645121,0.048944066278636456,330.3987622157227,673.9700321250834
8767,1,0,0,389,10,7,21,0.25994612858630717,0.03773271921090782,305.66583675696245,594.0418510384361
8768,1,0,0,384,7,4,21,0.9787284394260496,0.14397736149840057,366.0596834572469,807.7263349961906
8769,0,1,0,209,24,1,26,0.14149569114670157,0.8747874984983355,257.7480105917876,557.6747540284024
8770,0,1,0,420,12,8,22,0.016379052540287375,0.8120638781692833,260.4934409469393,461.7691542296233
8771,1,1,1,305,28,5,17,0.6121745223645121,0.048944066278636456,325.0972058499752,705.8501882522877
8772,0,0,0,365,48,4,19,0.6061688305344433,0.4517896354664117,292.12493718705775,601.7134338225459
8773,0,0,0,296,31,10,14,0.46977853984571993,0.7659584856592119,317.05704751094083,646.3778699910308
8774,0,0,1,422,25,5,20,0.8063855252694339,0.0688752664718777,301.7886088229459,632.2375819021286
8775,0,0,0,298,10,2,20,0.25994612858630717,0.03773271921090782,287.7215245074119,621.7786928321214
8776,0,0,0,354,38,3,27,0.9087103542406112,0.1694229245185852,237.60853839015624,532.9355183461364
8777,0,0,0,7,47,3,17,0.3773106967564672,0.7403151453472674,262.7310863279684,555.1411958110717
8778,0,0,1,500,38,5,15,0.9087103542406112,0.1694229245185852,268.6811530374947,544.2376930532466
8779,0,0,1,415,34,6,13,0.5088973850943148,0.8422173084691167,281.51044174473174,569.4907201123258
8780,0,0,0,42,48,5,20,0.6061688305344433,0.4517896354664117,310.63091895174716,632.2195958254979
8781,1,1,0,57,24,5,24,0.14149569114670157,0.8747874984983355,306.3402763564771,651.8003582173089
8782,1,1,0,196,42,6,18,0.5309706551488489,0.07851310959085822,341.9204455703348,633.4618843901545
8783,0,0,0,30,47,1,23,0.3773106967564672,0.7403151453472674,281.8998436627193,520.8813767771758
8784,1,0,0,492,40,4,16,0.5589970224536955,0.8726507888641208,265.26489122744476,569.4925842103298
8785,0,0,0,312,50,3,22,0.9892466596793383,0.7492987331934273,241.43678070226997,529.4016319238675
8786,0,0,0,423,49,5,22,0.5121942616533488,0.6461082133464515,287.64281857514703,470.3743686349194
8787,0,0,0,24,35,2,27,0.6349153537303209,0.31414990592747927,337.6891125353795,594.8156954891128
8788,0,1,0,314,9,6,20,0.013315835734829307,0.08963611628860235,255.88493440018317,573.8203200698731
8789,0,0,1,34,14,5,15,0.14216354000382125,0.6515949983149767,266.3671142918819,530.9288510605543
8790,1,0,1,487,47,4,15,0.3773106967564672,0.7403151453472674,325.1742925147777,729.3172024971127
8791,0,0,1,352,26,9,23,0.26668567629531026,0.7934630094096065,267.9639183551331,546.3308208268901
8792,0,1,0,183,29,6,19,0.5533483980689198,0.980351353995502,297.7848680700831,572.6508877482875
8793,1,0,1,290,39,0,22,0.7841161577962339,0.6968751777894795,349.08900075233674,664.1185368888331
8794,0,1,0,21,32,6,22,0.39761656103655696,0.7758463725913316,275.94878561359695,579.8922192895513
8795,0,0,1,317,10,7,22,0.25994612858630717,0.03773271921090782,270.30246950727343,543.8388729222646
8796,0,0,0,300,20,5,13,0.4666645280085504,0.9181476451922208,208.04655596600105,456.904669874374
8797,1,0,0,91,32,3,18,0.39761656103655696,0.7758463725913316,355.9128099271824,690.5788060695522
8798,1,0,1,281,37,4,27,0.28013089881278574,0.967524380190298,312.29907014140406,676.8963266418164
8799,0,0,0,295,4,3,28,0.20132735022343695,0.74613202130422,249.8795426485831,452.5011786623826
8800,0,1,0,428,38,11,25,0.9087103542406112,0.1694229245185852,339.0417202094859,710.4288736565605
8801,1,0,0,227,44,10,24,0.9833834334276617,0.5796247583348304,312.9736012239175,654.081093460933
8802,0,1,0,258,23,3,21,0.03834434738382697,0.6661178111098707,252.45922524536607,449.01927061842713
8803,0,0,1,403,41,3,27,0.24443748919293284,0.13247077818959951,265.4542273410118,487.80527809972097
8804,0,0,1,433,23,8,29,0.03834434738382697,0.6661178111098707,278.12671651353764,573.5321326972447
8805,1,0,0,325,31,2,17,0.46977853984571993,0.7659584856592119,315.7846350682667,683.2969758095422
8806,0,0,1,270,29,7,22,0.5533483980689198,0.980351353995502,311.4018280681213,634.9369099899155
8807,0,0,0,80,19,3,18,0.48323641112074256,0.5905635331291705,265.58608820906363,557.8486338808975
8808,0,1,0,301,25,7,27,0.8063855252694339,0.0688752664718777,354.48823279781163,721.8536416399622
8809,0,0,1,433,23,8,29,0.03834434738382697,0.6661178111098707,232.9912331700641,551.2283530924639
8810,0,0,0,475,16,6,19,0.8112564436160028,0.26610612077638507,290.9050445252473,587.031265098723
8811,1,0,1,345,19,3,33,0.48323641112074256,0.5905635331291705,309.1493251924118,592.104581449308
8812,0,0,0,163,48,6,19,0.6061688305344433,0.4517896354664117,298.0059156910991,587.3843237132237
8813,0,1,1,387,43,12,24,0.11839594203047454,0.37822385248728096,316.37259410216177,676.5664354970393
8814,0,0,0,310,29,6,16,0.5533483980689198,0.980351353995502,277.48875915022677,656.8361157326739
8815,0,0,0,173,33,8,23,0.8046367336064577,0.31251504993997514,229.34314034438484,474.5784704680125
8816,0,1,1,184,28,3,25,0.6121745223645121,0.048944066278636456,285.3739352475541,640.9571977597133
8817,0,1,0,117,39,8,23,0.7841161577962339,0.6968751777894795,315.340361849407,678.5652762962903
8818,1,0,0,306,46,5,21,0.7385737628210336,0.10853192373178899,291.80642024502896,712.4016311949682
8819,1,1,0,296,31,10,14,0.46977853984571993,0.7659584856592119,349.4529918544509,722.9379047054194
8820,0,0,0,443,22,5,21,0.6013455470092595,0.32826394867151976,303.9417124686789,658.5635899044786
8821,0,0,1,326,14,5,25,0.14216354000382125,0.6515949983149767,293.8904826827228,626.6369654298642
8822,1,0,0,294,50,9,17,0.9892466596793383,0.7492987331934273,342.8287448522693,717.9787791318347
8823,1,0,1,432,12,6,22,0.016379052540287375,0.8120638781692833,185.64340406382595,458.73029777534583
8824,1,0,1,403,41,3,27,0.24443748919293284,0.13247077818959951,299.5198790456359,667.3747811877572
8825,1,0,0,442,50,4,19,0.9892466596793383,0.7492987331934273,350.4083232637772,659.9461278050431
8826,0,0,0,433,23,8,29,0.03834434738382697,0.6661178111098707,286.5328872417875,523.0361863435253
8827,0,1,1,394,42,5,28,0.5309706551488489,0.07851310959085822,265.13668947386776,535.8917321630511
8828,1,1,0,208,17,5,27,0.03654719586484134,0.2661329871043563,254.36484165112117,553.1914624103293
8829,0,0,0,481,3,7,21,0.978013844229281,0.1299455715343356,329.48135465071925,668.0755002555333
8830,1,0,1,76,38,9,17,0.9087103542406112,0.1694229245185852,338.164315791455,691.6046570218504
8831,0,1,0,122,44,5,21,0.9833834334276617,0.5796247583348304,335.2064192092648,626.5679346488538
8832,0,0,1,104,9,3,21,0.013315835734829307,0.08963611628860235,247.3835480803161,499.58536363981585
8833,0,0,0,10,19,2,22,0.48323641112074256,0.5905635331291705,244.1190469543281,433.3235797859896
8834,1,0,1,213,41,2,27,0.24443748919293284,0.13247077818959951,333.6000142106103,644.5267416300987
8835,0,0,1,497,42,5,19,0.5309706551488489,0.07851310959085822,312.43679948613885,763.9289068145947
8836,0,0,0,253,18,4,24,0.8916374130640179,0.9109178960788995,338.95438516902215,599.2912471919997
8837,0,0,0,320,40,6,20,0.5589970224536955,0.8726507888641208,272.15381870274587,671.0782695132369
8838,0,0,1,274,40,3,20,0.5589970224536955,0.8726507888641208,272.6461499753936,588.1058067596374
8839,0,0,0,189,1,9,26,0.774368490325287,0.06913358555175364,266.2026125551285,553.8996228129743
8840,0,1,1,29,23,3,18,0.03834434738382697,0.6661178111098707,217.2899772328834,415.36650067854305
8841,0,0,1,121,30,7,24,0.8535007652826607,0.9145373487845063,282.6837674951391,608.1194072931336
8842,0,0,0,84,31,4,20,0.46977853984571993,0.7659584856592119,253.35255309406364,527.501329137898
8843,0,0,0,61,2,1,20,0.19722419138997793,0.08462062571197748,301.3250178242065,530.7406554005563
8844,0,1,0,163,48,6,19,0.6061688305344433,0.4517896354664117,328.0516845443756,671.8277710416933
8845,0,0,0,300,20,5,13,0.4666645280085504,0.9181476451922208,315.676543919586,723.52003648396
8846,0,1,0,149,10,11,16,0.25994612858630717,0.03773271921090782,264.0172657347967,515.2999239929368
8847,1,0,0,219,36,5,23,0.49425172130577266,0.7565638932865113,342.1230582919158,668.0352143561323
8848,0,0,0,133,20,7,11,0.4666645280085504,0.9181476451922208,324.00187171353446,667.0059726136359
8849,0,0,0,123,7,5,17,0.9787284394260496,0.14397736149840057,303.8400724128735,623.2367125068312
8850,0,0,0,481,3,7,21,0.978013844229281,0.1299455715343356,334.1903949401793,653.0933461068656
8851,0,0,0,451,3,6,18,0.978013844229281,0.1299455715343356,342.1035019156029,645.323950015848
8852,0,0,0,463,47,8,21,0.3773106967564672,0.7403151453472674,303.88120998924904,543.9309189701213
8853,1,0,0,35,29,8,25,0.5533483980689198,0.980351353995502,281.57414865125406,558.4293279717737
8854,0,0,1,117,39,8,23,0.7841161577962339,0.6968751777894795,308.84251956122927,646.9939970673468
8855,1,0,0,443,22,5,21,0.6013455470092595,0.32826394867151976,354.631524675416,718.0569103128837
8856,1,0,1,11,46,5,25,0.7385737628210336,0.10853192373178899,335.41107316403753,695.467327793574
8857,0,0,1,432,12,6,22,0.016379052540287375,0.8120638781692833,220.93039209710705,509.1986842263987
8858,0,0,0,100,39,5,21,0.7841161577962339,0.6968751777894795,291.57091189060543,624.617555386791
8859,0,1,1,356,47,10,25,0.3773106967564672,0.7403151453472674,279.2948793748557,630.2361615831336
8860,1,1,1,109,27,2,33,0.042702050879597664,0.5714270058088005,282.4218750375284,572.900196939059
8861,0,0,1,46,37,7,20,0.28013089881278574,0.967524380190298,191.69962858940636,400.2319190843614
8862,1,0,0,171,28,4,14,0.6121745223645121,0.048944066278636456,326.4409201145579,639.9681009710142
8863,0,1,0,64,45,1,18,0.8977528435643762,0.5364251248538494,295.5574556589221,595.5885336548616
8864,0,1,0,390,6,6,25,0.7426119421143085,0.6856354165356606,300.87290600960966,689.9850883549257
8865,0,0,0,292,46,4,21,0.7385737628210336,0.10853192373178899,318.58195638489894,649.9532890618083
8866,0,0,0,95,28,3,17,0.6121745223645121,0.048944066278636456,310.3136302839228,614.4489664735153
8867,0,0,0,56,18,3,28,0.8916374130640179,0.9109178960788995,330.54573769492754,665.9090284964776
8868,1,1,0,308,30,6,25,0.8535007652826607,0.9145373487845063,288.63828831412826,651.001462298897
8869,0,0,1,12,1,3,22,0.774368490325287,0.06913358555175364,309.2445178922596,588.3024979406057
8870,0,0,1,178,47,4,18,0.3773106967564672,0.7403151453472674,256.307448002822,589.2142791969708
8871,1,1,0,27,35,3,22,0.6349153537303209,0.31414990592747927,334.8276396345589,636.7202801854745
8872,0,0,0,494,41,3,24,0.24443748919293284,0.13247077818959951,309.6446688879265,582.9493565846249
8873,0,0,0,184,28,3,25,0.6121745223645121,0.048944066278636456,300.159590869863,550.8445813522264
8874,0,0,0,428,38,11,25,0.9087103542406112,0.1694229245185852,331.69642279546827,730.7886472718467
8875,0,0,1,73,22,3,22,0.6013455470092595,0.32826394867151976,246.4970854329302,618.4233382922237
8876,1,0,0,171,28,4,14,0.6121745223645121,0.048944066278636456,317.1092088312786,687.0842939023556
8877,0,0,0,450,30,4,23,0.8535007652826607,0.9145373487845063,306.9558038404453,579.5920159728319
8878,0,1,0,294,50,9,17,0.9892466596793383,0.7492987331934273,341.4018757064585,612.013777626132
8879,0,0,1,468,48,6,14,0.6061688305344433,0.4517896354664117,287.6822346136965,509.2732929998173
8880,0,0,1,408,33,5,16,0.8046367336064577,0.31251504993997514,305.1830548483467,547.5604460947716
8881,1,0,0,427,34,4,23,0.5088973850943148,0.8422173084691167,271.37331801610213,569.3752975909487
8882,1,0,0,306,46,5,21,0.7385737628210336,0.10853192373178899,311.13917573732226,616.8888311766134
8883,0,0,1,101,7,5,15,0.9787284394260496,0.14397736149840057,352.13318175837065,668.3365916520927
8884,1,0,0,248,50,8,17,0.9892466596793383,0.7492987331934273,354.4945945301523,795.7771214021456
8885,1,1,1,9,19,5,21,0.48323641112074256,0.5905635331291705,338.2952148721068,639.965941313581
8886,0,0,0,248,50,8,17,0.9892466596793383,0.7492987331934273,317.22649086955573,692.795835755833
8887,0,1,0,371,44,3,15,0.9833834334276617,0.5796247583348304,342.2496570406486,638.3378140288158
8888,0,0,0,346,41,8,26,0.24443748919293284,0.13247077818959951,291.62656612880016,580.9039676031372
8889,0,1,0,310,29,6,16,0.5533483980689198,0.980351353995502,291.14406141962445,590.1669025839592
8890,0,1,0,67,29,5,28,0.5533483980689198,0.980351353995502,335.9958908347165,676.6043493793642
8891,0,1,1,377,24,3,22,0.14149569114670157,0.8747874984983355,285.8069105993575,535.6207428243017
8892,1,0,0,281,37,4,27,0.28013089881278574,0.967524380190298,340.3913552644599,598.4731233404086
8893,0,1,1,383,14,4,27,0.14216354000382125,0.6515949983149767,298.55481754577625,634.7081135079945
8894,0,0,0,210,49,6,20,0.5121942616533488,0.6461082133464515,307.95215331990306,667.3187770276298
8895,1,1,0,149,10,11,16,0.25994612858630717,0.03773271921090782,289.20671568145576,703.6782173629895
8896,0,0,0,96,6,4,15,0.7426119421143085,0.6856354165356606,295.15689140323485,581.3835381007844
8897,0,0,1,486,28,5,15,0.6121745223645121,0.048944066278636456,323.77774447316557,720.6332018950326
8898,0,1,0,38,38,3,21,0.9087103542406112,0.1694229245185852,334.9994040783752,670.4015268554324
8899,1,1,0,466,29,6,18,0.5533483980689198,0.980351353995502,326.8663969241511,754.3740387105088
8900,1,1,1,158,19,2,24,0.48323641112074256,0.5905635331291705,319.51354135456984,723.725148410023
8901,0,0,1,390,6,6,25,0.7426119421143085,0.6856354165356606,276.9686142332966,503.32366490196273
8902,1,0,0,215,33,8,15,0.8046367336064577,0.31251504993997514,329.60568631703467,693.8200961363991
8903,0,1,0,379,27,7,22,0.042702050879597664,0.5714270058088005,283.9820994007569,609.7332975705754
8904,0,1,0,459,48,4,11,0.6061688305344433,0.4517896354664117,314.40121856055237,507.2570971963516
8905,0,1,0,328,22,3,23,0.6013455470092595,0.32826394867151976,275.4668558046669,498.4369654421264
8906,1,0,0,173,33,8,23,0.8046367336064577,0.31251504993997514,361.7787662880963,783.6582763852225
8907,0,0,1,147,16,5,19,0.8112564436160028,0.26610612077638507,345.7197856078525,669.5024902978059
8908,0,1,0,227,44,10,24,0.9833834334276617,0.5796247583348304,302.96734166825553,588.0917307854558
8909,0,1,0,81,43,4,20,0.11839594203047454,0.37822385248728096,272.0578010295199,629.5194515474989
8910,0,0,0,134,40,8,18,0.5589970224536955,0.8726507888641208,281.85914859174346,572.7115439535679
8911,1,0,0,403,41,3,27,0.24443748919293284,0.13247077818959951,280.6439107845924,690.9657682727925
8912,1,0,1,162,31,3,23,0.46977853984571993,0.7659584856592119,363.9976288982639,680.7828484550222
8913,0,0,1,40,48,7,21,0.6061688305344433,0.4517896354664117,281.1964719102054,547.6113275812495
8914,0,1,0,327,13,5,18,0.09574478422291577,0.2606025456916541,340.06005855596976,647.901423828435
8915,0,1,0,304,50,4,18,0.9892466596793383,0.7492987331934273,358.2879211251186,687.3613128713961
8916,0,0,1,210,49,6,20,0.5121942616533488,0.6461082133464515,310.96439704898086,631.3763240126167
8917,1,1,1,211,16,8,23,0.8112564436160028,0.26610612077638507,392.6072832954922,647.6060888871082
8918,0,0,0,41,11,5,27,0.775893080746755,0.774874358670786,290.2737550925363,643.574440797045
8919,1,1,0,337,6,7,22,0.7426119421143085,0.6856354165356606,337.14100225104187,696.6359701032727
8920,1,0,0,111,31,6,19,0.46977853984571993,0.7659584856592119,274.4799578376829,498.5020276959012
8921,0,0,0,478,14,3,20,0.14216354000382125,0.6515949983149767,203.993985528309,468.9388779062925
8922,0,0,0,403,41,3,27,0.24443748919293284,0.13247077818959951,322.9170421806518,664.9110435382604
8923,1,0,1,493,13,6,22,0.09574478422291577,0.2606025456916541,273.03487462094677,542.4245614862319
8924,0,0,0,397,37,3,15,0.28013089881278574,0.967524380190298,253.28981083758984,481.09210522184674
8925,0,0,0,48,10,5,21,0.25994612858630717,0.03773271921090782,334.60140867866727,647.22899791023406
8926,0,0,0,37,7,7,18,0.9787284394260496,0.14397736149840057,344.195706502139,681.0659476049797
8927,0,0,1,272,44,5,19,0.9833834334276617,0.5796247583348304,301.9869963323989,664.1553311774551
8928,0,0,0,361,8,4,20,0.49811370903626084,0.8910799578297883,305.3998588046192,603.728938282365
8929,0,1,1,14,25,5,22,0.8063855252694339,0.0688752664718777,335.543432371851,702.064261356649
8930,0,0,1,221,37,7,22,0.28013089881278574,0.967524380190298,262.5667509198763,587.8887869115842
8931,1,0,0,457,49,5,22,0.5121942616533488,0.6461082133464515,266.5779931098778,534.2126735441204
8932,1,0,1,414,39,3,29,0.7841161577962339,0.6968751777894795,339.50952473735515,617.8659560925537
8933,0,0,1,339,33,4,20,0.8046367336064577,0.31251504993997514,356.83692935466655,712.893815653026
8934,0,0,0,82,27,3,27,0.042702050879597664,0.5714270058088005,247.87780750772396,528.6048052015286
8935,0,0,1,333,1,2,36,0.774368490325287,0.06913358555175364,278.96590590418066,610.1031094912585
8936,0,1,0,39,26,5,12,0.26668567629531026,0.7934630094096065,241.46698678127296,516.6515145810005
8937,0,0,0,146,8,6,22,0.49811370903626084,0.8910799578297883,289.04685254911465,591.532551368079
8938,0,0,0,186,36,3,15,0.49425172130577266,0.7565638932865113,318.72940626701063,598.8398891197184
8939,0,0,1,284,10,6,19,0.25994612858630717,0.03773271921090782,267.344992383022,521.2064922052386
8940,0,0,1,47,33,7,27,0.8046367336064577,0.31251504993997514,322.44114576814485,725.9820355844279
8941,0,0,0,221,37,7,22,0.28013089881278574,0.967524380190298,235.52576737675668,539.0941589840608
8942,0,0,0,168,39,6,24,0.7841161577962339,0.6968751777894795,283.69644222606956,534.009738971128
8943,0,0,1,329,6,3,18,0.7426119421143085,0.6856354165356606,344.7970372016718,661.5474637758607
8944,0,0,1,413,8,3,18,0.49811370903626084,0.8910799578297883,320.8429820192362,644.0663760254582
8945,1,0,0,32,44,2,22,0.9833834334276617,0.5796247583348304,278.0527158651454,579.0121679903345
8946,1,0,0,265,27,5,24,0.042702050879597664,0.5714270058088005,334.71709897112345,699.529555641777
8947,0,0,1,476,23,1,15,0.03834434738382697,0.6661178111098707,218.08430767518928,464.44454723530964
8948,1,0,0,240,17,8,20,0.03654719586484134,0.2661329871043563,241.84499043506545,521.9959453995558
8949,1,1,0,145,14,2,23,0.14216354000382125,0.6515949983149767,350.9270935893852,725.4290901779453
8950,0,0,0,250,28,7,21,0.6121745223645121,0.048944066278636456,316.9663847132033,661.9048008670147
8951,0,0,0,77,7,4,25,0.9787284394260496,0.14397736149840057,287.6875819818058,615.0239032118718
8952,1,1,0,77,7,4,25,0.9787284394260496,0.14397736149840057,394.68389865310724,819.3582254697076
8953,0,0,0,58,48,6,22,0.6061688305344433,0.4517896354664117,299.7517713344146,640.7408857035487
8954,0,0,0,20,30,6,26,0.8535007652826607,0.9145373487845063,249.4417257513643,568.8126695905963
8955,0,1,0,363,35,5,21,0.6349153537303209,0.31414990592747927,300.16902572687457,674.1736372451334
8956,1,0,0,382,21,4,28,0.9842240803409368,0.6037942769471556,339.2211863007647,633.3201053097047
8957,1,0,0,169,39,3,31,0.7841161577962339,0.6968751777894795,290.8614258169465,602.830846675931
8958,0,0,0,470,39,5,22,0.7841161577962339,0.6968751777894795,290.4484482389716,554.8949271966611
8959,0,1,0,340,14,2,21,0.14216354000382125,0.6515949983149767,304.4799269158258,608.1739121117347
8960,0,0,1,13,5,4,16,0.36124442727304995,0.0388791817240417,313.3767550873682,566.533376036346
8961,0,1,1,432,12,6,22,0.016379052540287375,0.8120638781692833,280.5525721752837,607.6431650382209
8962,0,0,0,377,24,3,22,0.14149569114670157,0.8747874984983355,284.41684451700223,494.9659003222734
8963,0,0,0,306,46,5,21,0.7385737628210336,0.10853192373178899,325.91487799513754,621.4735386928661
8964,0,0,0,360,29,7,33,0.5533483980689198,0.980351353995502,278.38615141380996,526.9615152782951
8965,1,1,1,261,35,5,19,0.6349153537303209,0.31414990592747927,359.66593712334424,692.2023539522801
8966,1,0,0,299,8,4,18,0.49811370903626084,0.8910799578297883,300.48112726648685,514.1271755351149
8967,0,0,0,61,2,1,20,0.19722419138997793,0.08462062571197748,206.83692045766438,377.77663880893306
8968,0,0,1,282,36,9,21,0.49425172130577266,0.7565638932865113,257.4078778594352,600.5919765349032
8969,0,0,0,317,10,7,22,0.25994612858630717,0.03773271921090782,244.64744900741096,546.5107181937243
8970,0,0,0,152,17,4,17,0.03654719586484134,0.2661329871043563,257.7896404217529,604.0169718951175
8971,0,0,0,198,13,4,20,0.09574478422291577,0.2606025456916541,301.9283327293418,568.957881731585
8972,0,1,0,498,31,5,13,0.46977853984571993,0.7659584856592119,290.3705432025817,576.2290085411192
8973,0,1,0,387,43,12,24,0.11839594203047454,0.37822385248728096,287.0538672057983,669.9934990887144
8974,1,1,0,94,32,2,21,0.39761656103655696,0.7758463725913316,336.3929054520789,671.2646502662212
8975,1,0,0,336,40,0,12,0.5589970224536955,0.8726507888641208,297.12486318505006,637.6249116469705
8976,0,1,1,107,33,4,15,0.8046367336064577,0.31251504993997514,321.7998880948376,605.3553418948147
8977,0,0,0,148,48,3,17,0.6061688305344433,0.4517896354664117,253.9544234821488,534.5107631441173
8978,0,0,0,257,4,7,24,0.20132735022343695,0.74613202130422,240.8877587527495,533.3436928095764
8979,0,0,1,95,28,3,17,0.6121745223645121,0.048944066278636456,257.1504428804404,628.459723162809
8980,0,0,0,258,23,3,21,0.03834434738382697,0.6661178111098707,208.62281577579682,461.04022905372085
8981,0,0,1,103,5,6,17,0.36124442727304995,0.0388791817240417,293.5663903072855,731.6637218431312
8982,0,1,0,385,45,7,17,0.8977528435643762,0.5364251248538494,333.6003070126311,644.2333290133622
8983,0,0,0,217,30,6,25,0.8535007652826607,0.9145373487845063,293.20794662549764,564.8430468953954
8984,0,0,1,244,34,9,25,0.5088973850943148,0.8422173084691167,234.7339294315504,624.3712493270041
8985,1,0,1,60,35,5,21,0.6349153537303209,0.31414990592747927,378.30492770194274,773.1084441497692
8986,0,0,0,396,29,5,18,0.5533483980689198,0.980351353995502,300.3186745294314,601.3515362719397
8987,0,0,1,51,40,11,23,0.5589970224536955,0.8726507888641208,299.0773162498569,636.7968237745466
8988,0,0,0,463,47,8,21,0.3773106967564672,0.7403151453472674,271.74646721017723,619.9417674555629
8989,0,0,0,381,4,6,21,0.20132735022343695,0.74613202130422,282.56752903086095,588.6805058671329
8990,1,0,0,255,19,5,19,0.48323641112074256,0.5905635331291705,291.78432553322733,587.5788985585058
8991,0,0,0,118,31,6,19,0.46977853984571993,0.7659584856592119,263.02214481191425,490.6272241053549
8992,0,0,0,369,2,4,17,0.19722419138997793,0.08462062571197748,279.415247704372,521.051196972969
8993,1,0,0,388,50,5,24,0.9892466596793383,0.7492987331934273,303.1332422584289,641.6111722831107
8994,0,0,0,268,18,7,24,0.8916374130640179,0.9109178960788995,356.5220854309169,794.5174701832253
8995,0,0,1,398,47,4,13,0.3773106967564672,0.7403151453472674,192.08360841416058,464.64996282693915
8996,1,0,0,407,15,6,19,0.21112623764202,0.9238038510084152,292.93156198253416,603.5734962031032
8997,0,0,0,80,19,3,18,0.48323641112074256,0.5905635331291705,289.8323492859784,631.9538738426849
8998,0,0,0,21,32,6,22,0.39761656103655696,0.7758463725913316,273.0234217947608,525.2752172246364
8999,0,0,0,36,41,6,20,0.24443748919293284,0.13247077818959951,288.6845766983851,588.5472182631332
9000,0,0,0,430,31,2,20,0.46977853984571993,0.7659584856592119,296.42452511084065,604.2306208823622
9001,0,0,1,433,23,8,29,0.03834434738382697,0.6661178111098707,288.2663118782017,533.4176341385191
9002,0,0,0,286,41,6,18,0.24443748919293284,0.13247077818959951,269.2271977489725,579.3675253522247
9003,1,0,0,152,17,4,17,0.03654719586484134,0.2661329871043563,270.90354174569984,572.9626557337047
9004,0,0,0,343,38,2,20,0.9087103542406112,0.1694229245185852,344.33109391835416,625.1668920839118
9005,0,0,0,128,22,3,25,0.6013455470092595,0.32826394867151976,336.14437459372107,689.9390942874371
9006,1,0,0,6,41,7,27,0.24443748919293284,0.13247077818959951,275.10807315617217,530.9623318426947
9007,0,0,0,237,28,3,17,0.6121745223645121,0.048944066278636456,311.5756335449719,642.6465877733879
9008,0,1,0,320,40,6,20,0.5589970224536955,0.8726507888641208,314.8435663231158,593.1730835869193
9009,0,1,1,302,19,4,20,0.48323641112074256,0.5905635331291705,282.2514472742238,580.3603841922402
9010,0,0,0,446,29,5,22,0.5533483980689198,0.980351353995502,275.91884760478007,589.1174311694004
9011,1,1,0,374,33,6,16,0.8046367336064577,0.31251504993997514,335.15130879744396,787.9256276000193
9012,1,1,1,237,28,3,17,0.6121745223645121,0.048944066278636456,342.9126127597251,743.0458120837427
9013,0,0,0,486,28,5,15,0.6121745223645121,0.048944066278636456,287.8464083299123,631.9550923306997
9014,0,0,0,359,41,1,22,0.24443748919293284,0.13247077818959951,254.71429534284786,522.3480039948035
9015,1,0,1,304,50,4,18,0.9892466596793383,0.7492987331934273,331.1498346930285,580.6304350538699
9016,1,0,0,307,7,7,27,0.9787284394260496,0.14397736149840057,317.7019912357323,617.5776349111699
9017,0,1,0,214,15,4,20,0.21112623764202,0.9238038510084152,327.9177405234333,527.3840393067999
9018,0,1,0,79,29,6,23,0.5533483980689198,0.980351353995502,324.1917411489788,580.9632133447271
9019,1,0,1,81,43,4,20,0.11839594203047454,0.37822385248728096,284.5844748656409,541.2014623385378
9020,0,1,0,112,19,5,30,0.48323641112074256,0.5905635331291705,278.5281915790621,591.3230538474731
9021,0,1,1,385,45,7,17,0.8977528435643762,0.5364251248538494,312.7532148705204,588.0179958856752
9022,1,0,0,286,41,6,18,0.24443748919293284,0.13247077818959951,334.99097182582136,629.6013259478215
9023,0,0,0,430,31,2,20,0.46977853984571993,0.7659584856592119,279.7066966753458,642.4695009764089
9024,0,0,0,155,33,3,20,0.8046367336064577,0.31251504993997514,339.8715368902272,738.4172954549713
9025,0,0,1,292,46,4,21,0.7385737628210336,0.10853192373178899,349.3563390880192,715.1508515121394
9026,0,0,1,325,31,2,17,0.46977853984571993,0.7659584856592119,305.12679337895275,653.1556213183485
9027,1,0,1,227,44,10,24,0.9833834334276617,0.5796247583348304,322.0393726415856,630.1747114979833
9028,1,0,0,447,31,1,18,0.46977853984571993,0.7659584856592119,246.13801659880883,601.3157730629013
9029,0,1,0,270,29,7,22,0.5533483980689198,0.980351353995502,291.63780474732795,484.43606439425554
9030,0,0,0,216,36,4,27,0.49425172130577266,0.7565638932865113,288.61082413893416,638.2055402095971
9031,0,1,0,357,49,8,14,0.5121942616533488,0.6461082133464515,323.97377032614406,690.5170341066314
9032,0,0,0,218,49,8,27,0.5121942616533488,0.6461082133464515,275.0874939382125,608.3841152565401
9033,0,1,1,28,29,3,18,0.5533483980689198,0.980351353995502,297.73859830172654,602.7767991996852
9034,0,0,1,396,29,5,18,0.5533483980689198,0.980351353995502,301.46524603571606,465.79225751828153
9035,0,0,0,406,32,6,19,0.39761656103655696,0.7758463725913316,202.27016321044545,443.851957263915
9036,1,1,0,371,44,3,15,0.9833834334276617,0.5796247583348304,351.5611985259458,598.8842149628143
9037,0,0,0,429,29,7,24,0.5533483980689198,0.980351353995502,291.7360572418614,571.9775363658499
9038,0,0,1,77,7,4,25,0.9787284394260496,0.14397736149840057,331.2848131507929,646.4670978708035
9039,0,1,0,69,15,3,15,0.21112623764202,0.9238038510084152,221.55543273710097,474.1246947163276
9040,0,1,0,386,10,8,30,0.25994612858630717,0.03773271921090782,252.19797830610838,435.9244645529043
9041,0,1,1,378,16,9,18,0.8112564436160028,0.26610612077638507,337.4810792086232,696.964924026418
9042,0,0,0,491,39,7,21,0.7841161577962339,0.6968751777894795,287.3377719039078,512.0992452109949
9043,0,0,0,16,26,3,16,0.26668567629531026,0.7934630094096065,321.66426734148763,598.2724523361164
9044,0,0,0,176,17,10,21,0.03654719586484134,0.2661329871043563,232.8521591798097,556.4912458628733
9045,0,0,0,58,48,6,22,0.6061688305344433,0.4517896354664117,305.8021818264258,560.3324588391372
9046,1,0,0,112,19,5,30,0.48323641112074256,0.5905635331291705,224.6197378305219,490.86466135868045
9047,0,0,0,287,15,3,22,0.21112623764202,0.9238038510084152,266.2618596941313,566.5459551841648
9048,0,0,1,41,11,5,27,0.775893080746755,0.774874358670786,366.5040693862502,814.6021864062432
9049,0,1,0,269,15,10,18,0.21112623764202,0.9238038510084152,243.89399607365908,522.7215769637021
9050,0,0,0,427,34,4,23,0.5088973850943148,0.8422173084691167,289.6806649949131,664.710466256097
9051,0,0,0,358,1,1,29,0.774368490325287,0.06913358555175364,288.53390174309635,566.038777368656
9052,1,1,1,314,9,6,20,0.013315835734829307,0.08963611628860235,268.03615952936644,617.8020945306303
9053,0,0,0,35,29,8,25,0.5533483980689198,0.980351353995502,284.73504318907817,728.0120942886037
9054,0,0,0,461,14,5,18,0.14216354000382125,0.6515949983149767,226.03221244831497,491.6991039536556
9055,0,1,1,332,14,6,16,0.14216354000382125,0.6515949983149767,289.714426856232,521.1661065908095
9056,0,0,1,303,38,5,18,0.9087103542406112,0.1694229245185852,265.3722883122518,571.3948585767323
9057,0,0,1,402,2,6,20,0.19722419138997793,0.08462062571197748,316.5226293256115,729.5463068880894
9058,1,1,0,180,29,2,19,0.5533483980689198,0.980351353995502,291.4895387411719,605.6822955064333
9059,0,0,1,34,14,5,15,0.14216354000382125,0.6515949983149767,292.78437691345147,662.9657356646975
9060,0,1,0,84,31,4,20,0.46977853984571993,0.7659584856592119,315.098854463457,619.7249096690099
9061,1,1,0,286,41,6,18,0.24443748919293284,0.13247077818959951,267.5739341573347,547.5001815195492
9062,0,1,0,390,6,6,25,0.7426119421143085,0.6856354165356606,326.64466032623125,617.4789011651641
9063,1,0,0,237,28,3,17,0.6121745223645121,0.048944066278636456,272.32883734656644,588.3721601508091
9064,0,0,0,251,26,3,20,0.26668567629531026,0.7934630094096065,250.07652433059894,511.23828017780363
9065,0,0,1,133,20,7,11,0.4666645280085504,0.9181476451922208,275.2608789943138,583.6198382620655
9066,0,0,0,20,30,6,26,0.8535007652826607,0.9145373487845063,305.2445353467816,553.1339235328455
9067,0,0,1,117,39,8,23,0.7841161577962339,0.6968751777894795,242.84252238674807,486.52212586348304
9068,0,0,0,183,29,6,19,0.5533483980689198,0.980351353995502,292.103363475543,586.7410964761201
9069,0,1,0,58,48,6,22,0.6061688305344433,0.4517896354664117,319.51241633687226,606.7456838465265
9070,1,0,0,273,48,9,24,0.6061688305344433,0.4517896354664117,342.42760808045534,652.0655364588786
9071,1,0,1,446,29,5,22,0.5533483980689198,0.980351353995502,285.6126267861064,571.1443548118276
9072,0,0,1,343,38,2,20,0.9087103542406112,0.1694229245185852,293.5413831930997,592.6745091376711
9073,1,0,1,111,31,6,19,0.46977853984571993,0.7659584856592119,283.05527842763337,625.7092314969146
9074,0,0,1,35,29,8,25,0.5533483980689198,0.980351353995502,261.12660219702445,492.06850341726954
9075,0,0,1,255,19,5,19,0.48323641112074256,0.5905635331291705,292.5261749544704,608.2753264790823
9076,1,0,1,273,48,9,24,0.6061688305344433,0.4517896354664117,345.0831730187589,680.3734130832546
9077,0,1,0,414,39,3,29,0.7841161577962339,0.6968751777894795,289.4271422278789,498.71013474389906
9078,1,0,0,254,4,3,19,0.20132735022343695,0.74613202130422,312.2542443109823,648.8970397727826
9079,0,0,0,454,31,9,17,0.46977853984571993,0.7659584856592119,297.55994983098856,600.2907927664335
9080,1,0,0,44,29,3,19,0.5533483980689198,0.980351353995502,370.4877128827945,736.4000610287338
9081,0,0,1,80,19,3,18,0.48323641112074256,0.5905635331291705,274.02888325903285,667.6844319695095
9082,0,0,0,309,14,2,25,0.14216354000382125,0.6515949983149767,227.61183770160926,552.4670621303245
9083,0,0,1,227,44,10,24,0.9833834334276617,0.5796247583348304,340.61529425483633,653.5841382277675
9084,1,1,1,450,30,4,23,0.8535007652826607,0.9145373487845063,340.88778143636085,728.346308975502
9085,0,1,0,487,47,4,15,0.3773106967564672,0.7403151453472674,324.29613220146683,662.3857127674928
9086,0,0,0,58,48,6,22,0.6061688305344433,0.4517896354664117,279.5260771332034,537.4002111680545
9087,0,0,0,33,9,8,21,0.013315835734829307,0.08963611628860235,223.63828959090975,398.46471895025496
9088,0,0,0,83,34,5,24,0.5088973850943148,0.8422173084691167,281.7052609929478,622.7731828532719
9089,1,0,1,433,23,8,29,0.03834434738382697,0.6661178111098707,212.39136769679067,407.3700203704366
9090,0,0,0,176,17,10,21,0.03654719586484134,0.2661329871043563,243.17579121763595,528.7150015161822
9091,0,0,1,499,13,5,16,0.09574478422291577,0.2606025456916541,266.53964188143505,504.43203359027825
9092,0,0,0,57,24,5,24,0.14149569114670157,0.8747874984983355,244.63743861226192,565.1533505702618
9093,0,0,1,62,36,2,23,0.49425172130577266,0.7565638932865113,314.11413460275213,740.6512961274914
9094,1,0,0,338,7,3,26,0.9787284394260496,0.14397736149840057,394.4714637195477,614.9437089249898
9095,0,0,1,18,48,5,30,0.6061688305344433,0.4517896354664117,295.4758571451416,555.2556116503789
9096,0,0,0,281,37,4,27,0.28013089881278574,0.967524380190298,264.5318039698859,602.7867548866524
9097,0,0,1,47,33,7,27,0.8046367336064577,0.31251504993997514,245.87088286331354,530.5740347387717
9098,1,0,1,47,33,7,27,0.8046367336064577,0.31251504993997514,266.09451754263796,615.7347422474261
9099,0,1,1,231,38,5,14,0.9087103542406112,0.1694229245185852,302.97252953510247,643.50541580747
9100,0,1,1,393,20,2,24,0.4666645280085504,0.9181476451922208,302.9586517833734,632.5626825127696
9101,1,0,0,46,37,7,20,0.28013089881278574,0.967524380190298,245.17981599597778,585.3858153940046
9102,0,1,1,134,40,8,18,0.5589970224536955,0.8726507888641208,286.21971422866085,568.0617803501024
9103,0,0,0,388,50,5,24,0.9892466596793383,0.7492987331934273,329.7921206542161,672.7179106973717
9104,0,0,1,236,38,4,18,0.9087103542406112,0.1694229245185852,291.65240017770736,536.3471495742102
9105,0,0,0,158,19,2,24,0.48323641112074256,0.5905635331291705,306.9999107157044,599.6129142932426
9106,1,1,0,150,3,3,19,0.978013844229281,0.1299455715343356,374.8542973870457,651.0878648320189
9107,1,1,1,176,17,10,21,0.03654719586484134,0.2661329871043563,312.3890942067827,653.7945666400815
9108,0,1,1,354,38,3,27,0.9087103542406112,0.1694229245185852,318.0914532762488,528.5678778058206
9109,0,1,0,457,49,5,22,0.5121942616533488,0.6461082133464515,300.40090486455773,693.8142005525098
9110,0,0,0,294,50,9,17,0.9892466596793383,0.7492987331934273,207.02922857637034,393.11752901088954
9111,0,0,1,77,7,4,25,0.9787284394260496,0.14397736149840057,357.12601723399473,752.662303568034
9112,1,1,0,319,50,4,21,0.9892466596793383,0.7492987331934273,339.40058093323483,665.699708602803
9113,0,0,0,301,25,7,27,0.8063855252694339,0.0688752664718777,302.7114067087086,617.0925229169064
9114,0,0,1,250,28,7,21,0.6121745223645121,0.048944066278636456,262.8664101371857,642.580940268317
9115,0,0,1,451,3,6,18,0.978013844229281,0.1299455715343356,286.16920182281984,559.0203380505928
9116,1,1,1,14,25,5,22,0.8063855252694339,0.0688752664718777,313.6332087817657,659.8565837101213
9117,0,0,0,214,15,4,20,0.21112623764202,0.9238038510084152,241.56686715746358,464.0576854300998
9118,1,1,1,440,26,5,19,0.26668567629531026,0.7934630094096065,328.8408379337723,703.3738643178963
9119,0,0,0,326,14,5,25,0.14216354000382125,0.6515949983149767,262.348959186279,535.4011862348634
9120,0,0,0,207,24,6,18,0.14149569114670157,0.8747874984983355,260.3269816699886,475.5746327467239
9121,0,0,0,76,38,9,17,0.9087103542406112,0.1694229245185852,325.8344916621095,688.279400769873
9122,0,1,0,246,19,6,19,0.48323641112074256,0.5905635331291705,249.20190319586212,454.5423307845542
9123,0,0,0,154,16,4,23,0.8112564436160028,0.26610612077638507,310.55057662053963,596.0658636601386
9124,1,0,1,181,37,7,22,0.28013089881278574,0.967524380190298,258.77856679098187,565.1568513947436
9125,0,0,0,248,50,8,17,0.9892466596793383,0.7492987331934273,297.2716877747699,617.0414301114087
9126,1,0,0,278,50,4,18,0.9892466596793383,0.7492987331934273,344.20888741046014,719.6053398598385
9127,0,0,1,359,41,1,22,0.24443748919293284,0.13247077818959951,292.9194210635514,637.0976899892687
9128,0,0,0,234,22,8,19,0.6013455470092595,0.32826394867151976,290.7169983559337,578.2489900529114
9129,0,1,0,327,13,5,18,0.09574478422291577,0.2606025456916541,261.0328923621355,512.5157977730526
9130,0,0,0,69,15,3,15,0.21112623764202,0.9238038510084152,213.94971455794007,398.78166493158284
9131,0,0,1,400,3,6,19,0.978013844229281,0.1299455715343356,267.4179694589669,587.6498786877085
9132,0,1,1,78,6,6,20,0.7426119421143085,0.6856354165356606,315.7383673052256,624.7115903805926
9133,0,1,1,413,8,3,18,0.49811370903626084,0.8910799578297883,282.65397981443346,646.194010280093
9134,1,0,0,102,18,5,22,0.8916374130640179,0.9109178960788995,316.8177761164105,620.6932445633895
9135,0,1,0,368,14,2,14,0.14216354000382125,0.6515949983149767,242.62337011729758,544.7119831421201
9136,0,1,0,461,14,5,18,0.14216354000382125,0.6515949983149767,318.28406335156774,656.2632028368429
9137,0,0,0,369,2,4,17,0.19722419138997793,0.08462062571197748,203.34692797398935,363.3317000970706
9138,0,0,0,32,44,2,22,0.9833834334276617,0.5796247583348304,342.05082153585886,627.7931133807394
9139,0,0,1,107,33,4,15,0.8046367336064577,0.31251504993997514,312.45474538273066,624.6638602135758
9140,0,1,0,373,13,8,16,0.09574478422291577,0.2606025456916541,270.68573002482077,565.6003602492635
9141,1,0,0,271,38,3,20,0.9087103542406112,0.1694229245185852,322.22717005045797,666.4334482168147
9142,0,0,0,118,31,6,19,0.46977853984571993,0.7659584856592119,301.8384808865702,603.1181902626922
9143,0,0,0,174,37,8,22,0.28013089881278574,0.967524380190298,304.14073451366,579.8658469520698
9144,0,1,0,35,29,8,25,0.5533483980689198,0.980351353995502,223.1680005488873,501.96634053457217
9145,0,0,0,487,47,4,15,0.3773106967564672,0.7403151453472674,289.7390013200596,541.5907773086004
9146,1,1,1,322,31,4,21,0.46977853984571993,0.7659584856592119,308.0895620505415,620.3574909351347
9147,0,1,1,218,49,8,27,0.5121942616533488,0.6461082133464515,251.70895006967388,578.6061355429279
9148,0,0,0,142,23,7,15,0.03834434738382697,0.6661178111098707,242.2268320415394,397.4428030555389
9149,0,0,1,14,25,5,22,0.8063855252694339,0.0688752664718777,325.0702691329152,616.9028915124961
9150,0,0,0,420,12,8,22,0.016379052540287375,0.8120638781692833,239.10698588647202,666.3780710717731
9151,0,0,0,389,10,7,21,0.25994612858630717,0.03773271921090782,259.70414668811105,559.1490766912646
9152,1,0,0,192,2,10,19,0.19722419138997793,0.08462062571197748,290.6417926105836,625.8514155378537
9153,0,1,0,349,28,3,19,0.6121745223645121,0.048944066278636456,307.85033786307724,661.0011044580355
9154,0,0,1,24,35,2,27,0.6349153537303209,0.31414990592747927,300.33567352773366,594.0035931567575
9155,1,0,1,205,26,5,20,0.26668567629531026,0.7934630094096065,355.1262609387072,659.2365933285876
9156,0,0,0,91,32,3,18,0.39761656103655696,0.7758463725913316,257.90827145219487,598.5213112976485
9157,0,1,0,423,49,5,22,0.5121942616533488,0.6461082133464515,294.4264262896308,603.5997561418196
9158,0,0,1,335,47,7,16,0.3773106967564672,0.7403151453472674,280.13171846518173,609.0844069022656
9159,0,0,0,168,39,6,24,0.7841161577962339,0.6968751777894795,270.3286680919237,486.7516556496699
9160,0,0,1,356,47,10,25,0.3773106967564672,0.7403151453472674,273.4488179116518,641.4909991126211
9161,0,1,0,365,48,4,19,0.6061688305344433,0.4517896354664117,303.7938318452454,618.5925099850388
9162,1,0,0,424,35,3,19,0.6349153537303209,0.31414990592747927,309.4057566361222,625.2547855012948
9163,0,0,0,225,9,7,22,0.013315835734829307,0.08963611628860235,254.18828301016592,515.8300154279804
9164,0,1,0,475,16,6,19,0.8112564436160028,0.26610612077638507,331.7080229113219,622.3887226539848
9165,1,0,0,90,46,9,18,0.7385737628210336,0.10853192373178899,343.24416742279675,691.8250391051774
9166,1,0,0,37,7,7,18,0.9787284394260496,0.14397736149840057,370.94851086617916,689.869785023594
9167,0,0,0,359,41,1,22,0.24443748919293284,0.13247077818959951,273.70681869162024,555.2984354593717
9168,1,1,0,434,4,5,20,0.20132735022343695,0.74613202130422,342.62879832585503,665.434040939198
9169,1,0,0,174,37,8,22,0.28013089881278574,0.967524380190298,338.29540016624696,689.1731292112338
9170,1,0,1,381,4,6,21,0.20132735022343695,0.74613202130422,302.6885743749844,599.3948966489573
9171,0,0,1,60,35,5,21,0.6349153537303209,0.31414990592747927,292.23626454957366,588.8508729735565
9172,0,0,0,430,31,2,20,0.46977853984571993,0.7659584856592119,275.114250344688,560.0094317943957
9173,1,0,0,273,48,9,24,0.6061688305344433,0.4517896354664117,349.04373865721425,715.7937173073054
9174,0,0,0,276,24,6,16,0.14149569114670157,0.8747874984983355,227.82775760573858,435.8489524221282
9175,0,1,0,97,23,10,28,0.03834434738382697,0.6661178111098707,267.62707755476447,589.5968863791525
9176,0,0,1,207,24,6,18,0.14149569114670157,0.8747874984983355,250.05432529892067,478.22047126601376
9177,0,1,0,343,38,2,20,0.9087103542406112,0.1694229245185852,333.6839360163958,698.1542932530921
9178,0,0,1,168,39,6,24,0.7841161577962339,0.6968751777894795,288.5197808301206,594.1384893772653
9179,1,0,0,247,48,5,18,0.6061688305344433,0.4517896354664117,411.2546606125648,785.5986080230416
9180,0,0,0,221,37,7,22,0.28013089881278574,0.967524380190298,233.76532194129797,469.7329725712387
9181,0,1,1,464,41,4,26,0.24443748919293284,0.13247077818959951,282.62026333622174,632.9837320378795
9182,0,0,0,225,9,7,22,0.013315835734829307,0.08963611628860235,235.6942139454801,569.3649026521076
9183,0,0,0,254,4,3,19,0.20132735022343695,0.74613202130422,277.60772760034683,497.8511389154817
9184,0,0,0,69,15,3,15,0.21112623764202,0.9238038510084152,232.79066422045497,478.44768749548206
9185,0,1,0,271,38,3,20,0.9087103542406112,0.1694229245185852,357.9161352910875,721.9585482887938
9186,0,0,1,145,14,2,23,0.14216354000382125,0.6515949983149767,252.96364193311913,471.76248874914495
9187,0,0,0,242,41,5,15,0.24443748919293284,0.13247077818959951,311.83977555000234,651.5093511643382
9188,0,1,1,86,22,4,19,0.6013455470092595,0.32826394867151976,323.4310296708059,734.7108669898201
9189,0,1,0,491,39,7,21,0.7841161577962339,0.6968751777894795,280.1766394435484,673.2054683458028
9190,0,0,0,210,49,6,20,0.5121942616533488,0.6461082133464515,319.63956351835316,638.8513196154652
9191,0,0,1,60,35,5,21,0.6349153537303209,0.31414990592747927,308.2919262758322,620.8025378087091
9192,0,0,0,499,13,5,16,0.09574478422291577,0.2606025456916541,314.94833023125636,629.3432105179648
9193,0,0,0,165,13,5,14,0.09574478422291577,0.2606025456916541,276.83828933291466,581.4627199153595
9194,0,0,0,316,9,4,22,0.013315835734829307,0.08963611628860235,234.39170668716542,430.2932874876209
9195,0,0,0,217,30,6,25,0.8535007652826607,0.9145373487845063,281.8955419197535,742.2684593582916
9196,0,0,0,138,14,5,17,0.14216354000382125,0.6515949983149767,238.37216638938227,402.91470182548414
9197,0,0,0,293,43,3,32,0.11839594203047454,0.37822385248728096,311.1327470421886,585.8271493920873
9198,0,0,1,467,5,4,17,0.36124442727304995,0.0388791817240417,312.146779924562,675.5205408463795
9199,0,0,0,424,35,3,19,0.6349153537303209,0.31414990592747927,344.10034751528144,662.9650931473299
9200,1,0,1,387,43,12,24,0.11839594203047454,0.37822385248728096,246.81328939306232,533.807244974643
9201,0,0,1,468,48,6,14,0.6061688305344433,0.4517896354664117,280.16447068582795,565.4164292383339
9202,0,0,0,448,30,4,15,0.8535007652826607,0.9145373487845063,279.1280465434138,617.0310507238272
9203,0,0,0,447,31,1,18,0.46977853984571993,0.7659584856592119,215.86890931407999,435.9596334865353
9204,1,0,1,305,28,5,17,0.6121745223645121,0.048944066278636456,356.42198961941517,679.2363774170159
9205,1,0,0,7,47,3,17,0.3773106967564672,0.7403151453472674,270.78984526002324,610.3694490283442
9206,0,0,0,457,49,5,22,0.5121942616533488,0.6461082133464515,272.1972541624544,551.0898646870636
9207,0,1,1,380,6,8,17,0.7426119421143085,0.6856354165356606,254.12119773083026,570.4781267781452
9208,1,1,0,153,10,6,20,0.25994612858630717,0.03773271921090782,356.5161617972109,759.3316846935727
9209,0,0,0,338,7,3,26,0.9787284394260496,0.14397736149840057,252.30226830083834,591.2939789957688
9210,0,0,0,38,38,3,21,0.9087103542406112,0.1694229245185852,319.33586288412675,757.9977718193379
9211,0,0,0,327,13,5,18,0.09574478422291577,0.2606025456916541,258.47122502821406,567.2005109173197
9212,0,0,0,376,36,2,28,0.49425172130577266,0.7565638932865113,264.95443718907876,609.0668541145634
9213,0,0,1,97,23,10,28,0.03834434738382697,0.6661178111098707,267.2075532928388,599.7589512605823
9214,0,0,0,85,19,3,27,0.48323641112074256,0.5905635331291705,277.51550313626916,611.4405406624646
9215,0,0,0,412,18,5,29,0.8916374130640179,0.9109178960788995,280.5544194595949,610.760945527023
9216,0,0,0,410,7,2,28,0.9787284394260496,0.14397736149840057,327.5106543012983,734.5451933798356
9217,1,1,0,453,19,6,23,0.48323641112074256,0.5905635331291705,306.5579473258819,582.6990996287924
9218,0,0,1,392,47,7,15,0.3773106967564672,0.7403151453472674,189.04003236479866,480.8838964433186
9219,1,0,0,21,32,6,22,0.39761656103655696,0.7758463725913316,322.4211315039279,626.384183922507
9220,0,0,0,364,49,6,18,0.5121942616533488,0.6461082133464515,266.03931421288996,682.7876077680244
9221,0,0,1,190,10,7,25,0.25994612858630717,0.03773271921090782,299.09756799532727,674.1086611113427
9222,0,0,0,14,25,5,22,0.8063855252694339,0.0688752664718777,283.53154230923684,573.1225438961186
9223,0,0,1,66,43,4,21,0.11839594203047454,0.37822385248728096,311.6987486089313,641.8377596784572
9224,0,1,1,452,6,5,16,0.7426119421143085,0.6856354165356606,310.19946471094545,645.7123527646041
9225,0,1,0,123,7,5,17,0.9787284394260496,0.14397736149840057,371.9978335255174,661.8398320498875
9226,0,0,0,13,5,4,16,0.36124442727304995,0.0388791817240417,321.88110263965825,670.0730587459186
9227,0,0,0,442,50,4,19,0.9892466596793383,0.7492987331934273,293.21615920124066,540.4457878178555
9228,0,0,0,310,29,6,16,0.5533483980689198,0.980351353995502,275.9018181517104,534.5534057908426
9229,1,0,1,81,43,4,20,0.11839594203047454,0.37822385248728096,289.68261956116186,601.1770350844918
9230,1,1,0,396,29,5,18,0.5533483980689198,0.980351353995502,338.5691659609648,613.0259877433577
9231,0,0,1,496,41,4,22,0.24443748919293284,0.13247077818959951,261.4633369305698,535.6550801634652
9232,0,1,0,11,46,5,25,0.7385737628210336,0.10853192373178899,281.30748971417387,527.4299877779368
9233,0,0,0,191,34,6,11,0.5088973850943148,0.8422173084691167,251.681122935958,511.3936159697669
9234,0,1,1,83,34,5,24,0.5088973850943148,0.8422173084691167,335.22068079307866,647.5648374074705
9235,0,0,1,184,28,3,25,0.6121745223645121,0.048944066278636456,270.3232591565993,626.238830042775
9236,0,0,0,373,13,8,16,0.09574478422291577,0.2606025456916541,330.94657178587437,651.6944734476774
9237,1,0,1,137,50,2,14,0.9892466596793383,0.7492987331934273,333.7606536096712,601.5057211010395
9238,1,1,0,21,32,6,22,0.39761656103655696,0.7758463725913316,304.3585258687683,654.8353416649671
9239,0,0,0,161,41,3,18,0.24443748919293284,0.13247077818959951,288.1502293398578,489.8275904663935
9240,0,0,0,85,19,3,27,0.48323641112074256,0.5905635331291705,288.817257458108,591.9062245353687
9241,1,1,1,51,40,11,23,0.5589970224536955,0.8726507888641208,347.6001261009634,693.9920961875539
9242,1,0,0,382,21,4,28,0.9842240803409368,0.6037942769471556,331.9364771793066,663.1933017067107
9243,1,1,1,382,21,4,28,0.9842240803409368,0.6037942769471556,357.2094173482447,719.8091600644352
9244,0,0,0,394,42,5,28,0.5309706551488489,0.07851310959085822,359.72821991040047,759.2616271334591
9245,0,1,1,82,27,3,27,0.042702050879597664,0.5714270058088005,241.50533959350446,561.7002269454955
9246,0,0,0,333,1,2,36,0.774368490325287,0.06913358555175364,333.76467954327256,647.319859216457
9247,0,0,0,107,33,4,15,0.8046367336064577,0.31251504993997514,294.65246720443673,550.7857354229974
9248,1,0,0,275,1,5,12,0.774368490325287,0.06913358555175364,329.9740697064055,719.8938851257725
9249,0,1,0,333,1,2,36,0.774368490325287,0.06913358555175364,345.05735443316166,737.1321213453427
9250,1,1,1,442,50,4,19,0.9892466596793383,0.7492987331934273,365.20452282647807,684.1363050008898
9251,1,1,0,392,47,7,15,0.3773106967564672,0.7403151453472674,369.18250114374314,700.1347116208839
9252,0,0,1,67,29,5,28,0.5533483980689198,0.980351353995502,329.18246388820705,633.3041479809779
9253,0,0,0,404,11,4,17,0.775893080746755,0.774874358670786,286.0271632576026,507.19005839116755
9254,0,0,0,370,27,6,21,0.042702050879597664,0.5714270058088005,209.27871343672595,493.69484654180394
9255,0,1,1,218,49,8,27,0.5121942616533488,0.6461082133464515,297.0572320553829,558.0340588630033
9256,0,0,1,345,19,3,33,0.48323641112074256,0.5905635331291705,287.86232933946843,522.8218903216416
9257,1,0,1,273,48,9,24,0.6061688305344433,0.4517896354664117,295.8874877534723,623.8282542936478
9258,1,1,0,376,36,2,28,0.49425172130577266,0.7565638932865113,286.6949436911355,559.5184766132755
9259,1,0,0,41,11,5,27,0.775893080746755,0.774874358670786,310.1834794669757,642.2406203077323
9260,0,0,1,179,28,1,17,0.6121745223645121,0.048944066278636456,286.1282470560251,576.7951002695264
9261,1,0,1,205,26,5,20,0.26668567629531026,0.7934630094096065,242.45508068750684,603.8842887061396
9262,0,0,1,156,6,4,19,0.7426119421143085,0.6856354165356606,314.8754396263605,627.3837203864309
9263,0,0,0,36,41,6,20,0.24443748919293284,0.13247077818959951,293.5331160786723,568.2447927383699
9264,0,1,0,190,10,7,25,0.25994612858630717,0.03773271921090782,290.5812942065082,607.187126516904
9265,0,0,0,334,20,1,21,0.4666645280085504,0.9181476451922208,279.9508999600976,546.5544235942298
9266,0,0,0,254,4,3,19,0.20132735022343695,0.74613202130422,278.71737691167937,557.6215844686299
9267,1,1,1,154,16,4,23,0.8112564436160028,0.26610612077638507,314.4322155276699,709.2742555934573
9268,1,0,1,394,42,5,28,0.5309706551488489,0.07851310959085822,329.8909188965675,732.5195171982886
9269,0,0,0,131,28,5,19,0.6121745223645121,0.048944066278636456,348.92345581392016,805.0070881555562
9270,0,0,1,25,20,7,18,0.4666645280085504,0.9181476451922208,274.2639244636248,670.7119506148994
9271,1,1,0,485,38,5,21,0.9087103542406112,0.1694229245185852,376.50081782591093,736.0089777840046
9272,1,0,0,437,22,1,25,0.6013455470092595,0.32826394867151976,338.4974202066195,660.3710400733887
9273,0,0,1,16,26,3,16,0.26668567629531026,0.7934630094096065,288.6847314717023,610.3348125097174
9274,0,0,1,209,24,1,26,0.14149569114670157,0.8747874984983355,235.76963086110732,477.4194199026514
9275,0,1,1,418,5,2,19,0.36124442727304995,0.0388791817240417,276.1787057476956,665.0692832545589
9276,0,0,1,260,10,4,22,0.25994612858630717,0.03773271921090782,263.97453932019965,582.1344011754343
9277,0,0,1,176,17,10,21,0.03654719586484134,0.2661329871043563,231.53160939046876,526.3896022911827
9278,0,0,0,102,18,5,22,0.8916374130640179,0.9109178960788995,369.7281586251544,687.512065630243
9279,1,0,0,160,20,6,19,0.4666645280085504,0.9181476451922208,274.8948139208266,594.1744697162012
9280,0,0,0,386,10,8,30,0.25994612858630717,0.03773271921090782,217.99372010167883,563.579287402855
9281,0,0,0,464,41,4,26,0.24443748919293284,0.13247077818959951,318.42137038810836,609.0838743970816
9282,1,0,0,359,41,1,22,0.24443748919293284,0.13247077818959951,316.57310271611897,673.0517446096936
9283,0,0,0,237,28,3,17,0.6121745223645121,0.048944066278636456,292.7284762333634,501.24705589351356
9284,0,0,1,483,6,6,23,0.7426119421143085,0.6856354165356606,293.69593016411176,561.9662008075735
9285,0,0,1,365,48,4,19,0.6061688305344433,0.4517896354664117,309.2180576176654,571.1369042246698
9286,0,0,0,145,14,2,23,0.14216354000382125,0.6515949983149767,236.34702618495723,514.3897799041375
9287,0,0,1,225,9,7,22,0.013315835734829307,0.08963611628860235,246.38913947523292,550.1999596283904
9288,0,0,0,62,36,2,23,0.49425172130577266,0.7565638932865113,269.53572038074276,642.3710739969124
9289,1,0,0,91,32,3,18,0.39761656103655696,0.7758463725913316,319.4339537727648,718.4871140087325
9290,0,0,1,31,17,5,16,0.03654719586484134,0.2661329871043563,248.96581916844823,451.7418459925036
9291,0,0,1,471,35,5,20,0.6349153537303209,0.31414990592747927,312.06646195829086,662.3770880396926
9292,1,1,0,402,2,6,20,0.19722419138997793,0.08462062571197748,348.1427301158682,631.3809308074026
9293,0,0,0,234,22,8,19,0.6013455470092595,0.32826394867151976,303.3731766302136,674.603876048175
9294,0,0,0,73,22,3,22,0.6013455470092595,0.32826394867151976,303.128566724088,558.170742595595
9295,0,1,0,351,2,5,21,0.19722419138997793,0.08462062571197748,272.1412054902866,604.9192317115613
9296,1,0,0,390,6,6,25,0.7426119421143085,0.6856354165356606,320.1183477052135,619.8990264453806
9297,0,0,0,344,50,7,16,0.9892466596793383,0.7492987331934273,314.69230710898273,635.0450972816125
9298,0,1,1,367,45,6,16,0.8977528435643762,0.5364251248538494,287.2440371050661,606.5778205628162
9299,0,0,0,483,6,6,23,0.7426119421143085,0.6856354165356606,275.6190172980301,581.9589231114448
9300,0,0,0,456,15,7,24,0.21112623764202,0.9238038510084152,262.9550648199356,528.702947858778
9301,0,0,0,138,14,5,17,0.14216354000382125,0.6515949983149767,249.5803849068721,506.05325217352294
9302,0,0,0,240,17,8,20,0.03654719586484134,0.2661329871043563,249.15869116072736,586.8919616994674
9303,1,0,0,498,31,5,13,0.46977853984571993,0.7659584856592119,252.7756526802179,540.0073452087927
9304,0,0,1,63,47,5,28,0.3773106967564672,0.7403151453472674,230.65871263930933,548.9517637169058
9305,0,0,0,79,29,6,23,0.5533483980689198,0.980351353995502,274.36667230449973,587.3548292740895
9306,0,1,0,197,29,8,24,0.5533483980689198,0.980351353995502,306.29119771435336,655.7896500641192
9307,1,0,0,193,2,3,20,0.19722419138997793,0.08462062571197748,275.2253540615524,518.3934916844981
9308,0,0,0,68,16,2,18,0.8112564436160028,0.26610612077638507,257.0070997759448,559.2827935935841
9309,0,0,1,463,47,8,21,0.3773106967564672,0.7403151453472674,251.74845806989364,504.3630810057337
9310,1,0,0,328,22,3,23,0.6013455470092595,0.32826394867151976,344.65579859712005,714.4365056390088
9311,0,0,0,333,1,2,36,0.774368490325287,0.06913358555175364,328.07456667088826,647.2096943326666
9312,0,0,0,84,31,4,20,0.46977853984571993,0.7659584856592119,276.43320350150026,518.7507008042487
9313,1,0,0,31,17,5,16,0.03654719586484134,0.2661329871043563,304.25804682496454,540.2201314492588
9314,0,1,0,247,48,5,18,0.6061688305344433,0.4517896354664117,296.0928624087202,649.4455216548088
9315,1,1,1,491,39,7,21,0.7841161577962339,0.6968751777894795,361.3486999393557,709.9670635077509
9316,1,1,0,24,35,2,27,0.6349153537303209,0.31414990592747927,303.52367879509734,652.6882605241938
9317,1,1,0,451,3,6,18,0.978013844229281,0.1299455715343356,393.7680843936289,768.2911179481157
9318,1,0,1,248,50,8,17,0.9892466596793383,0.7492987331934273,389.63543232799987,761.8830940505877
9319,0,0,0,332,14,6,16,0.14216354000382125,0.6515949983149767,266.1406070585725,618.6863027225397
9320,0,0,0,329,6,3,18,0.7426119421143085,0.6856354165356606,273.6688934394582,579.7619742624448
9321,0,0,0,184,28,3,25,0.6121745223645121,0.048944066278636456,296.74295616605497,573.9956557640216
9322,0,0,0,363,35,5,21,0.6349153537303209,0.31414990592747927,295.5971751073715,678.1602938100854
9323,0,0,0,201,35,2,21,0.6349153537303209,0.31414990592747927,293.06703938367764,537.0719906562358
9324,0,0,1,269,15,10,18,0.21112623764202,0.9238038510084152,220.41065418947568,518.542726262119
9325,1,0,1,188,41,1,18,0.24443748919293284,0.13247077818959951,261.1527788431718,566.9886644021389
9326,0,0,1,420,12,8,22,0.016379052540287375,0.8120638781692833,268.352757291191,736.8541121010123
9327,0,0,0,110,25,0,15,0.8063855252694339,0.0688752664718777,299.14153950924407,627.5253616506781
9328,0,1,0,218,49,8,27,0.5121942616533488,0.6461082133464515,328.0843831506852,671.8905508752578
9329,0,0,1,67,29,5,28,0.5533483980689198,0.980351353995502,296.34902174825584,589.5153477626038
9330,0,0,0,34,14,5,15,0.14216354000382125,0.6515949983149767,259.8176826799424,622.9834898550248
9331,0,1,1,55,6,7,26,0.7426119421143085,0.6856354165356606,309.256050882748,715.1262051846107
9332,0,0,0,186,36,3,15,0.49425172130577266,0.7565638932865113,285.91471472622214,497.14848004081244
9333,0,0,0,369,2,4,17,0.19722419138997793,0.08462062571197748,252.70717944509937,563.9405902216499
9334,1,0,1,147,16,5,19,0.8112564436160028,0.26610612077638507,354.4910597762188,653.5077971425769
9335,0,1,1,253,18,4,24,0.8916374130640179,0.9109178960788995,307.40962276839645,607.2467991308413
9336,0,1,0,8,25,5,23,0.8063855252694339,0.0688752664718777,329.38862434516545,687.9075925501759
9337,0,0,0,379,27,7,22,0.042702050879597664,0.5714270058088005,253.64206029182273,601.9390256155775
9338,1,0,0,483,6,6,23,0.7426119421143085,0.6856354165356606,340.96560192049435,671.2253824502054
9339,1,1,0,373,13,8,16,0.09574478422291577,0.2606025456916541,330.9002651154179,627.5783417272081
9340,0,0,0,271,38,3,20,0.9087103542406112,0.1694229245185852,296.30110026156086,575.9577678030514
9341,0,0,0,461,14,5,18,0.14216354000382125,0.6515949983149767,172.92816216541013,434.60853564203023
9342,0,0,0,358,1,1,29,0.774368490325287,0.06913358555175364,298.5238645950224,603.231489710446
9343,1,1,0,410,7,2,28,0.9787284394260496,0.14397736149840057,327.0267722469848,598.3778844377139
9344,0,0,0,471,35,5,20,0.6349153537303209,0.31414990592747927,257.42373885644486,581.1875638127535
9345,0,0,0,422,25,5,20,0.8063855252694339,0.0688752664718777,332.12267355443487,707.9687451507496
9346,1,0,0,481,3,7,21,0.978013844229281,0.1299455715343356,290.5960334851095,469.97987340788137
9347,0,1,1,245,41,6,30,0.24443748919293284,0.13247077818959951,309.3930898040396,720.6016659090053
9348,0,0,1,338,7,3,26,0.9787284394260496,0.14397736149840057,323.68439847672647,596.0661447560732
9349,0,0,0,457,49,5,22,0.5121942616533488,0.6461082133464515,261.9018114485076,562.162407968917
9350,0,0,0,414,39,3,29,0.7841161577962339,0.6968751777894795,295.4964106678308,583.4040278694655
9351,1,0,0,61,2,1,20,0.19722419138997793,0.08462062571197748,231.63254667708196,455.10021596077456
9352,0,1,0,245,41,6,30,0.24443748919293284,0.13247077818959951,363.82681581755264,716.4810490449888
9353,0,0,0,103,5,6,17,0.36124442727304995,0.0388791817240417,289.05205797048086,610.2202336283704
9354,0,0,1,94,32,2,21,0.39761656103655696,0.7758463725913316,278.15732952326545,613.05969236658
9355,0,1,1,495,44,0,14,0.9833834334276617,0.5796247583348304,242.90610412569532,489.0758161508427
9356,0,0,0,394,42,5,28,0.5309706551488489,0.07851310959085822,273.7183832829349,647.1376688096007
9357,1,0,0,227,44,10,24,0.9833834334276617,0.5796247583348304,364.44913871488325,604.4081925363645
9358,1,1,0,109,27,2,33,0.042702050879597664,0.5714270058088005,317.2543744469393,646.4714717839051
9359,0,0,1,278,50,4,18,0.9892466596793383,0.7492987331934273,313.28361764365485,651.1122026379824
9360,0,1,0,265,27,5,24,0.042702050879597664,0.5714270058088005,303.68611588555535,555.5052474945145
9361,0,0,0,320,40,6,20,0.5589970224536955,0.8726507888641208,296.32595591590615,668.0334379519704
9362,1,1,0,281,37,4,27,0.28013089881278574,0.967524380190298,313.2283924244618,591.9777962049052
9363,0,1,1,244,34,9,25,0.5088973850943148,0.8422173084691167,288.5118932204146,682.3792103556249
9364,1,0,1,109,27,2,33,0.042702050879597664,0.5714270058088005,263.60050260703383,568.4935018263727
9365,1,0,0,252,21,2,17,0.9842240803409368,0.6037942769471556,349.6411007848317,723.5139242170598
9366,0,0,1,454,31,9,17,0.46977853984571993,0.7659584856592119,296.0010969653009,612.032379727515
9367,0,1,0,437,22,1,25,0.6013455470092595,0.32826394867151976,311.1421188444892,611.2519674677487
9368,0,0,0,6,41,7,27,0.24443748919293284,0.13247077818959951,258.21580882671606,511.28210910268285
9369,0,0,1,18,48,5,30,0.6061688305344433,0.4517896354664117,321.34876588427886,703.5979905223677
9370,1,0,1,155,33,3,20,0.8046367336064577,0.31251504993997514,322.3068953127748,717.6240778061504
9371,0,0,1,318,34,3,21,0.5088973850943148,0.8422173084691167,282.63343129947054,616.9593902271815
9372,0,0,0,372,13,4,16,0.09574478422291577,0.2606025456916541,277.2020788950621,587.0260136039708
9373,0,1,0,400,3,6,19,0.978013844229281,0.1299455715343356,335.94478317908363,686.0908939184574
9374,0,1,0,213,41,2,27,0.24443748919293284,0.13247077818959951,330.57901422079703,647.8666529467579
9375,0,0,0,363,35,5,21,0.6349153537303209,0.31414990592747927,316.4809664435854,557.8664919233287
9376,1,0,0,151,24,6,17,0.14149569114670157,0.8747874984983355,262.92687510759856,553.1703959699886
9377,0,0,0,293,43,3,32,0.11839594203047454,0.37822385248728096,245.36423784210072,454.3704784839643
9378,0,0,1,172,38,2,13,0.9087103542406112,0.1694229245185852,297.72955884769766,572.7383584927536
9379,1,0,0,147,16,5,19,0.8112564436160028,0.26610612077638507,258.5299274700467,546.7273567639544
9380,0,1,0,485,38,5,21,0.9087103542406112,0.1694229245185852,324.002793670781,676.7743966347723
9381,0,0,1,254,4,3,19,0.20132735022343695,0.74613202130422,221.5897624922855,459.0538346562776
9382,0,0,0,92,32,3,21,0.39761656103655696,0.7758463725913316,270.70090382296064,554.2303613327391
9383,1,0,0,167,21,6,21,0.9842240803409368,0.6037942769471556,343.52113177205547,738.9384669404106
9384,0,1,1,104,9,3,21,0.013315835734829307,0.08963611628860235,350.03645353593697,673.4156412873147
9385,0,0,0,469,50,7,28,0.9892466596793383,0.7492987331934273,305.67720507130656,584.1376182057311
9386,0,0,0,320,40,6,20,0.5589970224536955,0.8726507888641208,304.06979395948235,603.419202730227
9387,0,1,0,276,24,6,16,0.14149569114670157,0.8747874984983355,265.74431218036347,453.03987046222767
9388,0,0,0,430,31,2,20,0.46977853984571993,0.7659584856592119,241.54576893822028,478.7556410147632
9389,0,0,0,258,23,3,21,0.03834434738382697,0.6661178111098707,264.2085391556521,565.8891730174252
9390,1,0,1,353,8,6,23,0.49811370903626084,0.8910799578297883,306.97192243263396,532.964071547523
9391,0,0,0,56,18,3,28,0.8916374130640179,0.9109178960788995,284.31062171548416,636.8945870065245
9392,0,0,0,339,33,4,20,0.8046367336064577,0.31251504993997514,317.5899884792512,719.322744869526
9393,0,0,0,236,38,4,18,0.9087103542406112,0.1694229245185852,332.4936284974951,663.3885727071781
9394,0,0,1,443,22,5,21,0.6013455470092595,0.32826394867151976,254.164846219686,490.8841175291576
9395,0,1,1,190,10,7,25,0.25994612858630717,0.03773271921090782,280.4439248338022,612.1652831095209
9396,0,0,1,168,39,6,24,0.7841161577962339,0.6968751777894795,345.22406969197334,693.0712702083346
9397,0,0,0,460,32,4,23,0.39761656103655696,0.7758463725913316,294.3569575877395,621.0172662930808
9398,0,0,1,123,7,5,17,0.9787284394260496,0.14397736149840057,339.05154375984586,561.9521440957789
9399,0,0,1,493,13,6,22,0.09574478422291577,0.2606025456916541,289.1749655277209,612.7110301403766
9400,0,0,0,351,2,5,21,0.19722419138997793,0.08462062571197748,262.9742498355882,582.6700287916279
9401,1,0,0,291,39,6,15,0.7841161577962339,0.6968751777894795,295.6856230609223,632.473091415937
9402,0,1,1,55,6,7,26,0.7426119421143085,0.6856354165356606,309.2467606978702,674.279637343867
9403,0,0,0,326,14,5,25,0.14216354000382125,0.6515949983149767,244.67906062367524,474.4207586327468
9404,0,0,0,377,24,3,22,0.14149569114670157,0.8747874984983355,244.34582031266507,478.01105823038426
9405,0,1,0,65,43,10,24,0.11839594203047454,0.37822385248728096,268.4349037967926,519.6656289798441
9406,0,0,0,355,2,0,14,0.19722419138997793,0.08462062571197748,234.53106883514323,514.1572662015778
9407,0,0,0,499,13,5,16,0.09574478422291577,0.2606025456916541,267.59835218143735,652.27451059014345
9408,0,0,0,236,38,4,18,0.9087103542406112,0.1694229245185852,334.4660624025733,670.0263876402826
9409,0,1,1,150,3,3,19,0.978013844229281,0.1299455715343356,347.6987513057174,779.1529091949219
9410,0,0,1,127,28,4,22,0.6121745223645121,0.048944066278636456,330.1591398431735,698.0146095447992
9411,0,0,1,111,31,6,19,0.46977853984571993,0.7659584856592119,296.2413950491073,640.3916349500321
9412,0,1,1,112,19,5,30,0.48323641112074256,0.5905635331291705,307.1530593985934,741.6041479485816
9413,0,0,0,169,39,3,31,0.7841161577962339,0.6968751777894795,320.1240220659109,578.1124801406686
9414,1,0,0,488,1,9,17,0.774368490325287,0.06913358555175364,262.62315417961963,607.6013594492478
9415,1,0,1,364,49,6,18,0.5121942616533488,0.6461082133464515,304.7175506400527,636.9813904096081
9416,0,0,0,92,32,3,21,0.39761656103655696,0.7758463725913316,283.3121315208283,564.506215402309
9417,0,0,0,377,24,3,22,0.14149569114670157,0.8747874984983355,224.11006825081347,434.35459400667213
9418,1,0,1,82,27,3,27,0.042702050879597664,0.5714270058088005,289.1595306184401,573.3481432092005
9419,0,1,0,460,32,4,23,0.39761656103655696,0.7758463725913316,269.90287543619934,628.3005505895786
9420,0,0,0,50,50,4,23,0.9892466596793383,0.7492987331934273,309.2190627239522,593.5223264753931
9421,1,1,1,91,32,3,18,0.39761656103655696,0.7758463725913316,342.36783524411794,611.4374584726864
9422,1,0,0,199,7,7,24,0.9787284394260496,0.14397736149840057,380.6656006777558,751.1740198947883
9423,0,0,0,205,26,5,20,0.26668567629531026,0.7934630094096065,279.07506382851375,591.078400495549
9424,0,0,0,181,37,7,22,0.28013089881278574,0.967524380190298,169.6163850615009,449.77609101601803
9425,1,0,1,129,23,1,19,0.03834434738382697,0.6661178111098707,230.8227053040971,462.7192917592215
9426,0,0,1,83,34,5,24,0.5088973850943148,0.8422173084691167,324.47652853150146,635.5030570862968
9427,1,0,0,234,22,8,19,0.6013455470092595,0.32826394867151976,297.89194473812324,620.7871486713107
9428,0,1,0,235,1,5,19,0.774368490325287,0.06913358555175364,323.08844614922106,675.4599910910362
9429,0,0,0,285,29,4,24,0.5533483980689198,0.980351353995502,195.08860083394956,437.3908221130538
9430,0,1,0,60,35,5,21,0.6349153537303209,0.31414990592747927,348.900418115281,752.9311647435986
9431,0,1,0,167,21,6,21,0.9842240803409368,0.6037942769471556,334.0073255752342,623.911475964336
9432,0,0,0,244,34,9,25,0.5088973850943148,0.8422173084691167,231.4738429343506,468.2519131513178
9433,0,1,1,348,12,6,32,0.016379052540287375,0.8120638781692833,226.51411619418383,435.7827422251282
9434,0,0,0,113,29,5,24,0.5533483980689198,0.980351353995502,291.0576220571203,708.6867885697868
9435,0,0,1,348,12,6,32,0.016379052540287375,0.8120638781692833,279.49552060092066,608.5482384518815
9436,0,0,0,308,30,6,25,0.8535007652826607,0.9145373487845063,303.7611553839583,676.3962848675224
9437,0,0,0,169,39,3,31,0.7841161577962339,0.6968751777894795,252.36561484844336,524.1234649047573
9438,0,0,0,10,19,2,22,0.48323641112074256,0.5905635331291705,278.9222606132538,588.7082301044619
9439,0,0,0,290,39,0,22,0.7841161577962339,0.6968751777894795,321.7500362424817,704.3512906844077
9440,1,0,1,433,23,8,29,0.03834434738382697,0.6661178111098707,246.98832461105215,507.55083307169855
9441,0,0,0,29,23,3,18,0.03834434738382697,0.6661178111098707,231.73502515646334,461.34863686402184
9442,0,0,0,146,8,6,22,0.49811370903626084,0.8910799578297883,254.41126797244488,624.4652800052631
9443,0,1,0,184,28,3,25,0.6121745223645121,0.048944066278636456,316.455977210409,625.179121440207
9444,0,0,1,122,44,5,21,0.9833834334276617,0.5796247583348304,329.4981645844198,607.0652477562007
9445,0,1,1,477,14,4,25,0.14216354000382125,0.6515949983149767,283.71713232733055,666.3662445358392
9446,0,0,0,193,2,3,20,0.19722419138997793,0.08462062571197748,356.02589074803666,723.0254514848133
9447,0,1,0,245,41,6,30,0.24443748919293284,0.13247077818959951,307.09515419818405,540.5516922872998
9448,0,1,0,431,27,5,21,0.042702050879597664,0.5714270058088005,234.82052774799732,455.07359361112486
9449,1,0,0,26,38,2,23,0.9087103542406112,0.1694229245185852,339.1277466109802,648.0062549424933
9450,0,0,1,78,6,6,20,0.7426119421143085,0.6856354165356606,305.1566633932811,654.2326902368425
9451,1,1,1,285,29,4,24,0.5533483980689198,0.980351353995502,342.82995370286903,720.5785940653778
9452,1,0,1,214,15,4,20,0.21112623764202,0.9238038510084152,282.8071843840928,486.20876109641415
9453,0,0,1,201,35,2,21,0.6349153537303209,0.31414990592747927,234.06591579334543,500.0680762078466
9454,0,0,1,383,14,4,27,0.14216354000382125,0.6515949983149767,297.5767718317956,560.0050434399695
9455,0,0,0,330,24,3,29,0.14149569114670157,0.8747874984983355,253.59687403174573,624.7731619035827
9456,0,1,0,153,10,6,20,0.25994612858630717,0.03773271921090782,254.85814989254908,604.5742895995558
9457,0,0,0,262,23,5,27,0.03834434738382697,0.6661178111098707,238.82278544768687,584.2088596466759
9458,1,0,0,19,38,6,21,0.9087103542406112,0.1694229245185852,387.3059621177523,762.9341977982984
9459,0,0,0,299,8,4,18,0.49811370903626084,0.8910799578297883,268.7020634174519,487.0401256220422
9460,1,1,0,56,18,3,28,0.8916374130640179,0.9109178960788995,305.01652254580614,531.5243486939193
9461,1,0,1,332,14,6,16,0.14216354000382125,0.6515949983149767,267.0274697509181,491.4156843766503
9462,1,1,1,439,17,6,23,0.03654719586484134,0.2661329871043563,256.0262883828076,648.3585706194593
9463,1,0,0,274,40,3,20,0.5589970224536955,0.8726507888641208,312.94818454916367,604.2939922191765
9464,1,1,0,403,41,3,27,0.24443748919293284,0.13247077818959951,323.87270492709723,722.623366719124
9465,0,1,0,457,49,5,22,0.5121942616533488,0.6461082133464515,322.69474004489024,625.9491265334169
9466,0,0,0,142,23,7,15,0.03834434738382697,0.6661178111098707,216.35301671967383,470.8652197671237
9467,0,1,0,326,14,5,25,0.14216354000382125,0.6515949983149767,263.00858557843304,541.4699058915427
9468,0,1,0,460,32,4,23,0.39761656103655696,0.7758463725913316,242.9838695186872,467.4442041042394
9469,0,0,0,181,37,7,22,0.28013089881278574,0.967524380190298,228.97943994744355,454.2621161975165
9470,0,1,1,356,47,10,25,0.3773106967564672,0.7403151453472674,306.06005479773154,588.7190283101113
9471,0,0,0,81,43,4,20,0.11839594203047454,0.37822385248728096,263.02216891918266,667.7679500623491
9472,1,0,0,108,30,4,23,0.8535007652826607,0.9145373487845063,289.9514197863864,643.4116426549501
9473,1,0,1,204,45,11,19,0.8977528435643762,0.5364251248538494,316.4405829097779,627.32964385617
9474,1,0,0,207,24,6,18,0.14149569114670157,0.8747874984983355,206.78897666928214,455.2460909789348
9475,0,0,0,200,35,6,19,0.6349153537303209,0.31414990592747927,287.096710089903,559.1461154669147
9476,0,0,0,175,48,7,16,0.6061688305344433,0.4517896354664117,288.47576094343054,591.0903155204525
9477,0,1,1,94,32,2,21,0.39761656103655696,0.7758463725913316,231.73995979370926,461.73513340293044
9478,0,0,0,127,28,4,22,0.6121745223645121,0.048944066278636456,303.35357830824415,615.2174433498067
9479,0,0,0,415,34,6,13,0.5088973850943148,0.8422173084691167,249.08464895953404,495.7197140334691
9480,0,1,0,440,26,5,19,0.26668567629531026,0.7934630094096065,257.58236577490555,448.1671142445288
9481,0,1,0,246,19,6,19,0.48323641112074256,0.5905635331291705,257.02468801937056,540.9636131082698
9482,0,0,0,187,47,3,20,0.3773106967564672,0.7403151453472674,194.5849381268157,476.0203369280544
9483,0,1,0,364,49,6,18,0.5121942616533488,0.6461082133464515,310.7128227812695,728.9261629609024
9484,1,0,0,77,7,4,25,0.9787284394260496,0.14397736149840057,324.9761997419239,684.5307934444955
9485,0,0,0,480,47,2,22,0.3773106967564672,0.7403151453472674,271.28995496584974,605.94772921936794
9486,0,0,0,71,45,6,18,0.8977528435643762,0.5364251248538494,253.05466811622637,529.0901064316994
9487,1,0,0,301,25,7,27,0.8063855252694339,0.0688752664718777,329.5366411131303,683.2409663419774
9488,0,1,0,298,10,2,20,0.25994612858630717,0.03773271921090782,253.29364276520477,529.4608261100623
9489,0,0,0,32,44,2,22,0.9833834334276617,0.5796247583348304,333.32254749405286,651.0274957814103
9490,0,0,1,154,16,4,23,0.8112564436160028,0.26610612077638507,327.45778604310306,617.215173099917
9491,1,0,0,251,26,3,20,0.26668567629531026,0.7934630094096065,289.9561187201208,550.3393292305971
9492,0,0,1,176,17,10,21,0.03654719586484134,0.2661329871043563,278.2592975968175,569.6287828036083
9493,0,0,0,393,20,2,24,0.4666645280085504,0.9181476451922208,253.06321835525978,500.2625563059005
9494,1,1,0,121,30,7,24,0.8535007652826607,0.9145373487845063,320.1631961779343,672.8867629176575
9495,1,1,0,8,25,5,23,0.8063855252694339,0.0688752664718777,403.65836563394555,817.1527885417366
9496,0,0,1,412,18,5,29,0.8916374130640179,0.9109178960788995,328.8076075225829,706.9542237938699
9497,1,0,1,235,1,5,19,0.774368490325287,0.06913358555175364,302.82265410106595,563.1088347200588
9498,0,0,0,193,2,3,20,0.19722419138997793,0.08462062571197748,268.10934482076783,621.7795003320989
9499,0,0,0,437,22,1,25,0.6013455470092595,0.32826394867151976,302.936445949389,536.0096232510507
9500,0,1,1,76,38,9,17,0.9087103542406112,0.1694229245185852,300.4899092370475,536.2698138029943
9501,0,0,1,287,15,3,22,0.21112623764202,0.9238038510084152,271.1538398234125,646.624043954922
9502,0,0,0,346,41,8,26,0.24443748919293284,0.13247077818959951,269.432018629677,510.35154899727223
9503,0,1,0,297,3,8,23,0.978013844229281,0.1299455715343356,345.47789311488975,703.0338384761357
9504,1,0,1,173,33,8,23,0.8046367336064577,0.31251504993997514,328.7014508059002,673.5942570843118
9505,0,1,0,227,44,10,24,0.9833834334276617,0.5796247583348304,347.1623705696523,620.9528227172852
9506,0,1,0,94,32,2,21,0.39761656103655696,0.7758463725913316,281.33534797675065,534.0858348596333
9507,0,0,0,153,10,6,20,0.25994612858630717,0.03773271921090782,264.4378967167695,620.6243103843747
9508,0,1,0,21,32,6,22,0.39761656103655696,0.7758463725913316,276.7119025211689,532.6404371287327
9509,0,0,0,468,48,6,14,0.6061688305344433,0.4517896354664117,315.67318940016065,629.8517016453507
9510,0,0,0,235,1,5,19,0.774368490325287,0.06913358555175364,273.15870697241706,555.2736668939366
9511,0,0,0,40,48,7,21,0.6061688305344433,0.4517896354664117,279.5633205300682,577.6728499373968
9512,0,1,1,126,11,10,20,0.775893080746755,0.774874358670786,338.17686640173224,677.3888326448294
9513,1,0,0,180,29,2,19,0.5533483980689198,0.980351353995502,302.89572733895716,647.4570468144277
9514,0,0,0,12,1,3,22,0.774368490325287,0.06913358555175364,332.4139222885719,722.1090678164488
9515,0,1,0,244,34,9,25,0.5088973850943148,0.8422173084691167,294.53699174000536,588.188909465086
9516,0,0,0,360,29,7,33,0.5533483980689198,0.980351353995502,314.76238238598114,618.5114845932745
9517,1,1,0,339,33,4,20,0.8046367336064577,0.31251504993997514,374.7348649828332,791.5309470904072
9518,1,0,1,266,48,8,13,0.6061688305344433,0.4517896354664117,291.7634452343031,640.939643454099
9519,1,0,0,293,43,3,32,0.11839594203047454,0.37822385248728096,279.01765008458824,525.8900101866334
9520,0,0,1,62,36,2,23,0.49425172130577266,0.7565638932865113,305.92193599326265,588.6022683925264
9521,1,0,1,328,22,3,23,0.6013455470092595,0.32826394867151976,346.55841578351254,539.2377250757577
9522,1,0,0,439,17,6,23,0.03654719586484134,0.2661329871043563,266.0214389629593,597.9361480612461
9523,0,0,1,250,28,7,21,0.6121745223645121,0.048944066278636456,369.9094315629842,809.9912481310172
9524,1,0,1,471,35,5,20,0.6349153537303209,0.31414990592747927,347.86870358351865,679.8354668354531
9525,0,0,1,78,6,6,20,0.7426119421143085,0.6856354165356606,339.57127501585234,744.358105848602
9526,1,1,0,6,41,7,27,0.24443748919293284,0.13247077818959951,254.77708935039203,522.9935467300153
9527,0,0,1,315,3,6,23,0.978013844229281,0.1299455715343356,332.2837992900052,674.4557224922756
9528,0,1,0,163,48,6,19,0.6061688305344433,0.4517896354664117,293.5044757293864,602.5321029237225
9529,1,1,1,57,24,5,24,0.14149569114670157,0.8747874984983355,303.4537713579958,705.5805149553448
9530,1,1,1,145,14,2,23,0.14216354000382125,0.6515949983149767,321.71720919057987,657.2501589329183
9531,1,1,1,280,42,4,15,0.5309706551488489,0.07851310959085822,320.02110821983405,649.2849971422758
9532,1,1,0,397,37,3,15,0.28013089881278574,0.967524380190298,315.8888438680368,630.6944034390463
9533,0,0,0,304,50,4,18,0.9892466596793383,0.7492987331934273,312.43106607476057,716.1625367507972
9534,0,0,0,40,48,7,21,0.6061688305344433,0.4517896354664117,275.7242766606675,534.8223296673857
9535,0,1,0,136,23,6,20,0.03834434738382697,0.6661178111098707,210.7063400144089,439.1070925230735
9536,0,0,1,357,49,8,14,0.5121942616533488,0.6461082133464515,270.7619278669793,713.7862399664841
9537,1,0,0,438,48,10,11,0.6061688305344433,0.4517896354664117,308.1488336395611,524.61484605559
9538,0,0,0,460,32,4,23,0.39761656103655696,0.7758463725913316,271.9478000551568,511.3521848399019
9539,0,0,0,67,29,5,28,0.5533483980689198,0.980351353995502,330.8547758443142,670.6163574344258
9540,0,0,0,349,28,3,19,0.6121745223645121,0.048944066278636456,329.8382541138851,611.7570840112113
9541,1,0,0,308,30,6,25,0.8535007652826607,0.9145373487845063,314.85479340666734,652.4535405856469
9542,0,0,0,115,26,6,26,0.26668567629531026,0.7934630094096065,239.72000849981728,468.8416433641438
9543,0,0,0,23,33,2,15,0.8046367336064577,0.31251504993997514,281.9142807385314,428.69008980718104
9544,0,1,1,27,35,3,22,0.6349153537303209,0.31414990592747927,316.77759501053646,696.070045176381
9545,0,0,1,176,17,10,21,0.03654719586484134,0.2661329871043563,186.46260651000847,482.1290167729878
9546,0,1,0,391,14,4,24,0.14216354000382125,0.6515949983149767,282.2930742733063,554.3832073314835
9547,0,0,0,457,49,5,22,0.5121942616533488,0.6461082133464515,293.01051488001565,639.9577252369406
9548,0,1,1,322,31,4,21,0.46977853984571993,0.7659584856592119,265.18005903871176,536.3029760761618
9549,0,0,0,75,25,3,13,0.8063855252694339,0.0688752664718777,313.01463482013156,522.4240665141986
9550,0,0,1,373,13,8,16,0.09574478422291577,0.2606025456916541,233.29551682267962,554.9471592471094
9551,0,0,0,305,28,5,17,0.6121745223645121,0.048944066278636456,314.08153261211083,645.0626489102518
9552,1,1,0,458,22,9,18,0.6013455470092595,0.32826394867151976,329.6464653541397,642.889045349699
9553,0,0,0,475,16,6,19,0.8112564436160028,0.26610612077638507,274.39127761195573,557.132450169587
9554,0,1,1,461,14,5,18,0.14216354000382125,0.6515949983149767,228.68401949190013,558.1054145152984
9555,0,0,0,235,1,5,19,0.774368490325287,0.06913358555175364,356.354110172519,757.1236232722503
9556,0,0,0,190,10,7,25,0.25994612858630717,0.03773271921090782,265.1904890035534,567.2918435089612
9557,1,0,0,260,10,4,22,0.25994612858630717,0.03773271921090782,266.11548287501284,536.7671379028072
9558,0,0,1,217,30,6,25,0.8535007652826607,0.9145373487845063,335.92290674894,721.5391975463097
9559,1,1,1,364,49,6,18,0.5121942616533488,0.6461082133464515,292.46584925303114,547.1506943249756
9560,0,0,0,256,10,9,27,0.25994612858630717,0.03773271921090782,344.4885028938402,747.3908612144246
9561,0,0,0,307,7,7,27,0.9787284394260496,0.14397736149840057,321.0489969597106,632.7251165739799
9562,1,0,0,354,38,3,27,0.9087103542406112,0.1694229245185852,337.9665627238798,603.3121346976831
9563,0,1,0,308,30,6,25,0.8535007652826607,0.9145373487845063,315.56715208582585,694.1051543763226
9564,1,1,0,301,25,7,27,0.8063855252694339,0.0688752664718777,382.9586950439308,843.1009949001092
9565,0,1,1,49,1,5,20,0.774368490325287,0.06913358555175364,296.884634111046,621.3728416097873
9566,0,0,0,442,50,4,19,0.9892466596793383,0.7492987331934273,299.34271830441696,547.962667178146
9567,1,0,0,452,6,5,16,0.7426119421143085,0.6856354165356606,286.7705878406603,554.9650764957494
9568,0,0,1,58,48,6,22,0.6061688305344433,0.4517896354664117,279.1886422669181,604.5996405444142
9569,0,0,0,207,24,6,18,0.14149569114670157,0.8747874984983355,267.7440868726507,499.98144990434673
9570,1,1,1,112,19,5,30,0.48323641112074256,0.5905635331291705,287.0098408359853,648.6864922306175
9571,0,0,1,471,35,5,20,0.6349153537303209,0.31414990592747927,325.522010612227,666.7948368484906
9572,0,0,0,328,22,3,23,0.6013455470092595,0.32826394867151976,267.2477671457936,578.1513408950466
9573,0,0,0,281,37,4,27,0.28013089881278574,0.967524380190298,262.930164194732,529.1636907015137
9574,0,1,0,244,34,9,25,0.5088973850943148,0.8422173084691167,279.1422648156718,574.9176732206724
9575,0,1,0,122,44,5,21,0.9833834334276617,0.5796247583348304,299.3502902995648,578.6235902834497
9576,0,0,0,191,34,6,11,0.5088973850943148,0.8422173084691167,288.129432571059,490.75827771441607
9577,0,0,0,253,18,4,24,0.8916374130640179,0.9109178960788995,287.9034915551211,670.742545602547
9578,1,0,1,283,49,3,20,0.5121942616533488,0.6461082133464515,271.8686754030627,630.2972094177475
9579,0,1,0,43,31,4,16,0.46977853984571993,0.7659584856592119,288.801502429272,584.550619730678
9580,0,0,0,128,22,3,25,0.6013455470092595,0.32826394867151976,304.49938941484425,667.3866959683144
9581,0,0,1,352,26,9,23,0.26668567629531026,0.7934630094096065,273.5455584666446,565.2953564484768
9582,0,0,0,383,14,4,27,0.14216354000382125,0.6515949983149767,328.0009634670923,664.2780413130424
9583,1,0,0,367,45,6,16,0.8977528435643762,0.5364251248538494,357.03470696336876,644.3933743405676
9584,0,0,1,448,30,4,15,0.8535007652826607,0.9145373487845063,320.44560522490264,614.2625887432362
9585,1,1,1,447,31,1,18,0.46977853984571993,0.7659584856592119,314.37448079237384,703.0285150078296
9586,0,0,0,275,1,5,12,0.774368490325287,0.06913358555175364,303.7885520228709,689.2815484566825
9587,1,0,1,185,27,6,20,0.042702050879597664,0.5714270058088005,335.68182291198605,613.2540465531117
9588,0,0,0,57,24,5,24,0.14149569114670157,0.8747874984983355,234.2003505859647,563.26105790191275
9589,1,0,1,426,42,5,11,0.5309706551488489,0.07851310959085822,326.28577166314477,598.2525480217531
9590,0,0,0,460,32,4,23,0.39761656103655696,0.7758463725913316,258.24103587351635,583.7467006519934
9591,0,0,0,154,16,4,23,0.8112564436160028,0.26610612077638507,350.6782036767507,630.7578855006636
9592,0,1,0,277,48,5,24,0.6061688305344433,0.4517896354664117,300.513695323771,651.9660376025942
9593,0,0,0,462,27,3,11,0.042702050879597664,0.5714270058088005,280.6722379266374,604.7406381331273
9594,1,0,0,388,50,5,24,0.9892466596793383,0.7492987331934273,323.41368802976547,713.0167664517342
9595,0,0,0,6,41,7,27,0.24443748919293284,0.13247077818959951,235.3160540374937,420.5173355148945
9596,0,1,1,355,2,0,14,0.19722419138997793,0.08462062571197748,327.42818938096656,701.2363121544441
9597,0,1,1,334,20,1,21,0.4666645280085504,0.9181476451922208,281.6349857452227,666.1334313868828
9598,0,0,0,121,30,7,24,0.8535007652826607,0.9145373487845063,231.19224765457835,475.7878269752754
9599,0,0,1,236,38,4,18,0.9087103542406112,0.1694229245185852,345.56637312528596,684.9606801444165
9600,0,0,0,204,45,11,19,0.8977528435643762,0.5364251248538494,305.5536133794357,704.7585974895546
9601,0,0,1,252,21,2,17,0.9842240803409368,0.6037942769471556,338.78658149552706,624.4464075012502
9602,0,0,1,325,31,2,17,0.46977853984571993,0.7659584856592119,348.6535704312973,661.0234642844846
9603,0,0,0,176,17,10,21,0.03654719586484134,0.2661329871043563,230.21014401014642,547.7362707545741
9604,0,0,1,437,22,1,25,0.6013455470092595,0.32826394867151976,310.4575292727183,565.4964992018012
9605,0,0,1,474,33,2,23,0.8046367336064577,0.31251504993997514,309.75593335569437,571.4544227271156
9606,0,0,0,55,6,7,26,0.7426119421143085,0.6856354165356606,339.0666754036243,704.2739688645231
9607,0,1,0,193,2,3,20,0.19722419138997793,0.08462062571197748,294.1046711095352,561.3828469471647
9608,0,1,0,16,26,3,16,0.26668567629531026,0.7934630094096065,261.0281760624497,533.0162835018328
9609,0,0,0,494,41,3,24,0.24443748919293284,0.13247077818959951,254.59831829885366,468.9758259893119
9610,0,0,1,403,41,3,27,0.24443748919293284,0.13247077818959951,233.63603531977876,454.30583964837354
9611,1,1,0,435,31,6,12,0.46977853984571993,0.7659584856592119,327.0284786830593,593.0434641379929
9612,0,0,0,153,10,6,20,0.25994612858630717,0.03773271921090782,307.018389485576,658.1836761143189
9613,0,0,1,305,28,5,17,0.6121745223645121,0.048944066278636456,318.14778179401276,683.5675701503558
9614,1,1,0,75,25,3,13,0.8063855252694339,0.0688752664718777,373.1357047921784,674.7744688510996
9615,0,0,1,26,38,2,23,0.9087103542406112,0.1694229245185852,332.4333278677726,829.5314176966986
9616,1,0,1,288,13,2,11,0.09574478422291577,0.2606025456916541,293.93766840142496,570.6903619138047
9617,0,0,1,55,6,7,26,0.7426119421143085,0.6856354165356606,274.82633672101804,660.1293102006229
9618,0,0,0,465,3,5,16,0.978013844229281,0.1299455715343356,358.20516021081676,668.7609611928622
9619,0,0,1,116,48,3,20,0.6061688305344433,0.4517896354664117,280.1032971582391,555.1719467537779
9620,0,1,1,348,12,6,32,0.016379052540287375,0.8120638781692833,230.54031324661463,494.43886026898315
9621,0,0,0,487,47,4,15,0.3773106967564672,0.7403151453472674,291.26325362844597,527.6750687366684
9622,0,0,0,433,23,8,29,0.03834434738382697,0.6661178111098707,266.1379379060817,515.0937223929656
9623,0,1,1,416,30,10,14,0.8535007652826607,0.9145373487845063,346.959128834522,773.7471540497858
9624,0,0,0,90,46,9,18,0.7385737628210336,0.10853192373178899,299.4203976353224,650.5043662823898
9625,1,1,1,187,47,3,20,0.3773106967564672,0.7403151453472674,345.9454889875221,708.3452972829925
9626,0,1,1,434,4,5,20,0.20132735022343695,0.74613202130422,303.22659112296526,590.0925771285534
9627,1,0,1,63,47,5,28,0.3773106967564672,0.7403151453472674,299.48677041644544,576.5086799790245
9628,0,0,1,433,23,8,29,0.03834434738382697,0.6661178111098707,303.05488275115346,572.8049557608855
9629,1,0,0,222,2,3,20,0.19722419138997793,0.08462062571197748,292.63742008318064,585.3121648698741
9630,1,1,1,122,44,5,21,0.9833834334276617,0.5796247583348304,361.41626141631656,701.1456352010076
9631,0,0,0,360,29,7,33,0.5533483980689198,0.980351353995502,274.1581267814164,539.0739337363582
9632,0,1,0,180,29,2,19,0.5533483980689198,0.980351353995502,302.3198435210102,559.7856394027024
9633,0,0,1,227,44,10,24,0.9833834334276617,0.5796247583348304,312.5258562102549,596.2866737752656
9634,0,1,0,16,26,3,16,0.26668567629531026,0.7934630094096065,307.245251784711,673.3072542491532
9635,1,0,1,330,24,3,29,0.14149569114670157,0.8747874984983355,310.55475817021164,622.0206355805848
9636,0,0,0,238,18,3,14,0.8916374130640179,0.9109178960788995,312.092322503704,651.685780374383
9637,0,0,0,496,41,4,22,0.24443748919293284,0.13247077818959951,279.4638652563836,557.6749605735566
9638,0,0,1,112,19,5,30,0.48323641112074256,0.5905635331291705,255.12123870632286,527.864069169102
9639,0,0,1,113,29,5,24,0.5533483980689198,0.980351353995502,248.2731759709073,487.5151310567906
9640,0,0,1,31,17,5,16,0.03654719586484134,0.2661329871043563,307.3735662644122,660.3939656369552
9641,0,0,0,323,27,9,11,0.042702050879597664,0.5714270058088005,216.61239665705756,492.1826282547598
9642,1,1,0,124,28,3,18,0.6121745223645121,0.048944066278636456,339.64712710273835,662.9668399087857
9643,1,1,1,463,47,8,21,0.3773106967564672,0.7403151453472674,313.0785231794324,571.4858508126647
9644,0,0,1,362,27,5,23,0.042702050879597664,0.5714270058088005,220.19154833586748,558.0818778762183
9645,0,0,1,79,29,6,23,0.5533483980689198,0.980351353995502,233.4089459677965,433.7053067572756
9646,0,0,1,395,50,3,23,0.9892466596793383,0.7492987331934273,278.76261573832784,505.005045944061
9647,0,0,0,200,35,6,19,0.6349153537303209,0.31414990592747927,280.8710394040271,478.6571238511875
9648,0,1,0,22,31,2,14,0.46977853984571993,0.7659584856592119,259.3487283104008,514.4379329844395
9649,0,0,0,64,45,1,18,0.8977528435643762,0.5364251248538494,327.9034639681697,671.3385858561593
9650,1,0,1,244,34,9,25,0.5088973850943148,0.8422173084691167,344.75693723552587,818.7801906655499
9651,0,0,1,153,10,6,20,0.25994612858630717,0.03773271921090782,315.71568058317666,635.6672406512603
9652,0,0,1,130,11,8,16,0.775893080746755,0.774874358670786,318.9136054404773,711.5566574323374
9653,0,0,0,6,41,7,27,0.24443748919293284,0.13247077818959951,261.8758562940907,582.8852325679056
9654,1,0,0,203,50,3,17,0.9892466596793383,0.7492987331934273,369.66627723388075,635.8439224040145
9655,1,1,0,9,19,5,21,0.48323641112074256,0.5905635331291705,279.0059663102669,545.1608094030249
9656,1,0,0,137,50,2,14,0.9892466596793383,0.7492987331934273,365.99656696102113,799.8347350737666
9657,0,0,0,384,7,4,21,0.9787284394260496,0.14397736149840057,295.4496406263257,605.0402368059912
9658,1,0,0,375,19,5,22,0.48323641112074256,0.5905635331291705,309.8235458864398,634.8847876462647
9659,1,0,0,489,18,5,26,0.8916374130640179,0.9109178960788995,340.78316188664104,625.8644479703024
9660,0,0,0,154,16,4,23,0.8112564436160028,0.26610612077638507,306.773771603808,590.7298087523991
9661,1,0,0,185,27,6,20,0.042702050879597664,0.5714270058088005,331.4681749488573,661.2249938487681
9662,0,0,0,453,19,6,23,0.48323641112074256,0.5905635331291705,292.2787329093255,533.645020751811
9663,1,1,0,223,39,5,17,0.7841161577962339,0.6968751777894795,365.7448170938619,695.3598258219718
9664,1,0,1,95,28,3,17,0.6121745223645121,0.048944066278636456,358.92328208904235,713.3413426291007
9665,0,1,0,72,47,7,22,0.3773106967564672,0.7403151453472674,283.88188956078443,623.0664275260642
9666,0,0,0,205,26,5,20,0.26668567629531026,0.7934630094096065,292.85884375062324,545.540517450068
9667,0,1,0,20,30,6,26,0.8535007652826607,0.9145373487845063,268.2646671947724,629.5917697115402
9668,0,1,1,317,10,7,22,0.25994612858630717,0.03773271921090782,250.3670340372044,526.6568787136156
9669,0,1,0,440,26,5,19,0.26668567629531026,0.7934630094096065,265.65957715638723,501.29127803532754
9670,0,0,0,316,9,4,22,0.013315835734829307,0.08963611628860235,287.05276462371376,586.368283958302
9671,0,0,0,123,7,5,17,0.9787284394260496,0.14397736149840057,320.0870738414729,714.793987617982
9672,0,0,0,183,29,6,19,0.5533483980689198,0.980351353995502,288.2777652365167,599.0841047225778
9673,0,0,0,296,31,10,14,0.46977853984571993,0.7659584856592119,347.06493648832003,739.314743728778
9674,0,0,0,484,25,6,18,0.8063855252694339,0.0688752664718777,282.00418314998313,626.9079375459762
9675,0,1,1,127,28,4,22,0.6121745223645121,0.048944066278636456,310.5020849910812,663.6571008206316
9676,0,0,0,144,19,5,21,0.48323641112074256,0.5905635331291705,274.17576502326335,544.0227292441205
9677,1,0,0,428,38,11,25,0.9087103542406112,0.1694229245185852,392.4491391062846,750.2314806910824
9678,0,1,1,425,2,5,14,0.19722419138997793,0.08462062571197748,249.13380040234185,528.3717465891455
9679,0,0,0,5,49,2,15,0.5121942616533488,0.6461082133464515,324.9833416972317,615.0656540603558
9680,1,1,0,222,2,3,20,0.19722419138997793,0.08462062571197748,307.43462856513753,566.7616553549951
9681,0,1,0,378,16,9,18,0.8112564436160028,0.26610612077638507,294.89388026589234,598.1674236177408
9682,0,0,0,94,32,2,21,0.39761656103655696,0.7758463725913316,259.3220824448581,456.83777998147895
9683,0,0,0,41,11,5,27,0.775893080746755,0.774874358670786,303.6909688212566,603.922520523926
9684,0,0,0,299,8,4,18,0.49811370903626084,0.8910799578297883,286.16122719852035,607.7697910761456
9685,0,0,0,63,47,5,28,0.3773106967564672,0.7403151453472674,257.66024973021536,440.36501033516214
9686,0,0,1,353,8,6,23,0.49811370903626084,0.8910799578297883,254.6868577179008,498.09545608831024
9687,0,0,1,292,46,4,21,0.7385737628210336,0.10853192373178899,253.13499107442965,486.09894081082047
9688,0,0,1,164,3,5,26,0.978013844229281,0.1299455715343356,332.61637133083485,685.9931302949611
9689,1,0,0,106,33,4,18,0.8046367336064577,0.31251504993997514,311.6425662148734,612.4171606576857
9690,0,1,0,290,39,0,22,0.7841161577962339,0.6968751777894795,332.75494798123714,614.75554360522
9691,0,0,0,305,28,5,17,0.6121745223645121,0.048944066278636456,306.7373746649621,534.6319798632162
9692,1,1,0,377,24,3,22,0.14149569114670157,0.8747874984983355,283.1773957169006,471.76085720621063
9693,0,0,0,395,50,3,23,0.9892466596793383,0.7492987331934273,312.5242217304294,617.5734586218624
9694,1,1,0,114,35,9,14,0.6349153537303209,0.31414990592747927,328.72247376143633,713.4630765521318
9695,1,1,0,399,24,2,14,0.14149569114670157,0.8747874984983355,208.61153949530473,495.4369929112084
9696,0,0,0,411,5,4,17,0.36124442727304995,0.0388791817240417,284.05954415902096,583.3163458942367
9697,0,0,1,36,41,6,20,0.24443748919293284,0.13247077818959951,279.63132221346046,615.3374887402982
9698,0,0,1,187,47,3,20,0.3773106967564672,0.7403151453472674,304.6528066604825,573.7552150436608
9699,0,1,1,299,8,4,18,0.49811370903626084,0.8910799578297883,309.3974827838503,653.1327949047071
9700,0,1,0,161,41,3,18,0.24443748919293284,0.13247077818959951,317.439699238761,730.9427453433373
9701,0,0,1,478,14,3,20,0.14216354000382125,0.6515949983149767,270.59338248751374,537.9201219054288
9702,0,0,0,216,36,4,27,0.49425172130577266,0.7565638932865113,292.96203220939185,618.1987785515429
9703,0,0,0,429,29,7,24,0.5533483980689198,0.980351353995502,247.99164895352533,498.1880687292552
9704,0,0,1,346,41,8,26,0.24443748919293284,0.13247077818959951,238.11324799097622,521.7028126428454
9705,1,1,0,492,40,4,16,0.5589970224536955,0.8726507888641208,320.759222324505,616.4084103125401
9706,0,0,1,67,29,5,28,0.5533483980689198,0.980351353995502,282.7066011073647,572.6140077358176
9707,0,1,1,486,28,5,15,0.6121745223645121,0.048944066278636456,335.315839968845,743.3404640800534
9708,0,1,1,490,34,7,20,0.5088973850943148,0.8422173084691167,277.7763106314809,525.8645996917779
9709,0,1,0,172,38,2,13,0.9087103542406112,0.1694229245185852,351.5151148654412,697.3707549836987
9710,1,0,1,264,44,3,16,0.9833834334276617,0.5796247583348304,318.45951863186275,595.1708110070148
9711,0,0,0,239,46,4,15,0.7385737628210336,0.10853192373178899,316.01094016518294,562.4318094736991
9712,0,1,0,161,41,3,18,0.24443748919293284,0.13247077818959951,233.79741708194035,434.74732383056426
9713,0,1,1,88,14,4,18,0.14216354000382125,0.6515949983149767,191.49231265470024,478.7188099577566
9714,0,1,1,262,23,5,27,0.03834434738382697,0.6661178111098707,274.1002348507609,553.3282625691921
9715,0,1,1,333,1,2,36,0.774368490325287,0.06913358555175364,282.3501222266292,649.9894877006608
9716,0,0,1,441,21,3,18,0.9842240803409368,0.6037942769471556,361.5165929554988,743.1152748778269
9717,0,0,1,11,46,5,25,0.7385737628210336,0.10853192373178899,276.71112114117454,585.4234690701743
9718,0,1,0,145,14,2,23,0.14216354000382125,0.6515949983149767,211.92385929301648,439.7285484393961
9719,0,0,0,467,5,4,17,0.36124442727304995,0.0388791817240417,284.67683691584455,636.75904188763
9720,0,0,0,457,49,5,22,0.5121942616533488,0.6461082133464515,257.3111562845929,485.4747642416963
9721,0,0,0,223,39,5,17,0.7841161577962339,0.6968751777894795,292.84981318202415,604.2758095443062
9722,0,0,1,105,2,7,12,0.19722419138997793,0.08462062571197748,247.23544790964436,513.8809590506725
9723,0,0,0,362,27,5,23,0.042702050879597664,0.5714270058088005,253.76473239677492,521.3468306486288
9724,0,0,0,99,42,5,22,0.5309706551488489,0.07851310959085822,215.2619508536443,498.1328593947042
9725,1,0,0,478,14,3,20,0.14216354000382125,0.6515949983149767,295.24705240013606,576.6930514714612
9726,0,0,0,372,13,4,16,0.09574478422291577,0.2606025456916541,266.1573779288925,597.0154528215155
9727,0,1,1,472,45,6,13,0.8977528435643762,0.5364251248538494,389.69739173308335,693.0268085235335
9728,0,0,0,360,29,7,33,0.5533483980689198,0.980351353995502,214.40994982097138,463.06282985404937
9729,0,0,0,205,26,5,20,0.26668567629531026,0.7934630094096065,271.6486575039586,603.9238527850268
9730,0,1,1,293,43,3,32,0.11839594203047454,0.37822385248728096,252.42757864153165,506.5052873358959
9731,0,1,1,332,14,6,16,0.14216354000382125,0.6515949983149767,274.5267910312094,547.2063092747319
9732,0,0,0,335,47,7,16,0.3773106967564672,0.7403151453472674,259.864256836779,509.2167067957306
9733,0,0,0,262,23,5,27,0.03834434738382697,0.6661178111098707,268.5672318395912,474.23064017177046
9734,0,0,0,228,9,9,21,0.013315835734829307,0.08963611628860235,299.2995469537095,591.9534598137539
9735,1,0,0,188,41,1,18,0.24443748919293284,0.13247077818959951,299.6089126436652,604.6355984464573
9736,0,1,0,265,27,5,24,0.042702050879597664,0.5714270058088005,267.3054812466989,504.0837450769389
9737,0,0,1,86,22,4,19,0.6013455470092595,0.32826394867151976,289.65487917645544,633.6656367937146
9738,1,1,0,489,18,5,26,0.8916374130640179,0.9109178960788995,390.5979950360916,775.1886764367923
9739,0,1,0,328,22,3,23,0.6013455470092595,0.32826394867151976,321.61713657255405,587.3815580681269
9740,0,1,1,231,38,5,14,0.9087103542406112,0.1694229245185852,316.07356492742986,653.9570539257553
9741,0,0,1,281,37,4,27,0.28013089881278574,0.967524380190298,308.18936517882713,664.6533687743714
9742,0,1,1,486,28,5,15,0.6121745223645121,0.048944066278636456,331.8245994872243,653.5813609698843
9743,0,1,0,46,37,7,20,0.28013089881278574,0.967524380190298,290.89919776448096,625.1700365726712
9744,0,0,1,338,7,3,26,0.9787284394260496,0.14397736149840057,312.6936190411281,652.786714635339
9745,0,1,0,293,43,3,32,0.11839594203047454,0.37822385248728096,243.42824914558884,468.3869519400023
9746,0,0,1,294,50,9,17,0.9892466596793383,0.7492987331934273,278.3391091898654,617.7423263505068
9747,0,0,0,229,27,6,14,0.042702050879597664,0.5714270058088005,259.3815811031831,517.319753601024
9748,0,0,0,41,11,5,27,0.775893080746755,0.774874358670786,281.39922683177645,569.8202944628941
9749,0,0,0,21,32,6,22,0.39761656103655696,0.7758463725913316,328.4575371962895,705.3815586568393
9750,1,0,0,338,7,3,26,0.9787284394260496,0.14397736149840057,336.38889463687013,682.5576733423113
9751,1,0,0,111,31,6,19,0.46977853984571993,0.7659584856592119,303.1743547483898,565.639859072958
9752,0,0,1,30,47,1,23,0.3773106967564672,0.7403151453472674,284.0755074548573,569.4910392187571
9753,1,0,1,45,11,3,17,0.775893080746755,0.774874358670786,331.5664856760743,630.209939757316
9754,0,1,1,129,23,1,19,0.03834434738382697,0.6661178111098707,292.0254098088186,497.09294716309853
9755,0,0,0,112,19,5,30,0.48323641112074256,0.5905635331291705,288.3518317887261,562.4434087952384
9756,0,0,0,383,14,4,27,0.14216354000382125,0.6515949983149767,280.6732115016054,594.8001704066581
9757,0,0,1,26,38,2,23,0.9087103542406112,0.1694229245185852,280.58100333319913,557.8729874135446
9758,0,0,1,363,35,5,21,0.6349153537303209,0.31414990592747927,280.2725350997043,536.5545147923388
9759,0,1,0,474,33,2,23,0.8046367336064577,0.31251504993997514,288.3778378416704,547.7696176880908
9760,0,0,0,231,38,5,14,0.9087103542406112,0.1694229245185852,320.9961362817375,616.5522305335915
9761,0,0,1,449,33,4,24,0.8046367336064577,0.31251504993997514,296.34525912810255,507.0893559296548
9762,0,1,0,219,36,5,23,0.49425172130577266,0.7565638932865113,255.2913872291192,600.0937299055873
9763,0,0,1,439,17,6,23,0.03654719586484134,0.2661329871043563,248.3266682810889,475.0661308993845
9764,1,1,0,453,19,6,23,0.48323641112074256,0.5905635331291705,296.19127642948104,570.323148123081
9765,0,0,0,494,41,3,24,0.24443748919293284,0.13247077818959951,217.11561770579533,431.2402764000913
9766,0,0,0,406,32,6,19,0.39761656103655696,0.7758463725913316,261.4573348707619,537.5466092580159
9767,0,0,0,137,50,2,14,0.9892466596793383,0.7492987331934273,326.2383372404042,756.4369393079381
9768,0,0,1,494,41,3,24,0.24443748919293284,0.13247077818959951,329.6148691987894,632.9136745652186
9769,0,1,0,396,29,5,18,0.5533483980689198,0.980351353995502,244.9065865114748,476.6849813620986
9770,1,0,1,153,10,6,20,0.25994612858630717,0.03773271921090782,339.4480555724554,737.3743386126338
9771,0,0,0,456,15,7,24,0.21112623764202,0.9238038510084152,268.21819950329166,665.6267566129919
9772,0,0,1,417,46,5,16,0.7385737628210336,0.10853192373178899,272.42724757578304,551.5351763918437
9773,0,0,1,192,2,10,19,0.19722419138997793,0.08462062571197748,259.1738890616456,525.4562655326882
9774,1,0,1,330,24,3,29,0.14149569114670157,0.8747874984983355,368.35504225684014,709.2769761030451
9775,0,1,1,306,46,5,21,0.7385737628210336,0.10853192373178899,361.354318517568,679.2898133085007
9776,0,1,0,244,34,9,25,0.5088973850943148,0.8422173084691167,303.5542435587091,714.4913992726907
9777,0,0,0,217,30,6,25,0.8535007652826607,0.9145373487845063,329.47201133288513,684.4186267251791
9778,0,0,0,245,41,6,30,0.24443748919293284,0.13247077818959951,258.8139876989196,503.04003163956577
9779,1,1,0,91,32,3,18,0.39761656103655696,0.7758463725913316,287.3923439684693,620.1653797497357
9780,0,1,1,255,19,5,19,0.48323641112074256,0.5905635331291705,313.6647642993146,588.8834310701801
9781,0,1,0,123,7,5,17,0.9787284394260496,0.14397736149840057,331.1903024272537,627.1997239514067
9782,1,0,0,113,29,5,24,0.5533483980689198,0.980351353995502,260.75475293290583,474.34475880351647
9783,0,0,1,240,17,8,20,0.03654719586484134,0.2661329871043563,275.42905037691537,598.9096722603026
9784,0,1,0,135,9,4,17,0.013315835734829307,0.08963611628860235,295.21777556502286,641.8511622378785
9785,1,0,1,190,10,7,25,0.25994612858630717,0.03773271921090782,295.51527347563103,553.8336661486327
9786,0,0,1,246,19,6,19,0.48323641112074256,0.5905635331291705,298.49325291422537,604.4425546249864
9787,0,1,0,406,32,6,19,0.39761656103655696,0.7758463725913316,199.7015174432389,447.8492688570023
9788,0,0,0,261,35,5,19,0.6349153537303209,0.31414990592747927,303.27010424242366,642.947286342634
9789,1,1,0,395,50,3,23,0.9892466596793383,0.7492987331934273,402.0460216331931,820.6520773861943
9790,0,0,0,489,18,5,26,0.8916374130640179,0.9109178960788995,323.49677997247136,576.903344923083
9791,0,0,0,288,13,2,11,0.09574478422291577,0.2606025456916541,285.79191686852903,617.5095522336156
9792,1,0,1,383,14,4,27,0.14216354000382125,0.6515949983149767,283.5497963472817,533.5945778814348
9793,0,0,0,8,25,5,23,0.8063855252694339,0.0688752664718777,336.95261777627934,671.3588849822642
9794,1,0,1,312,50,3,22,0.9892466596793383,0.7492987331934273,343.3196980324477,572.5203053508637
9795,0,0,1,192,2,10,19,0.19722419138997793,0.08462062571197748,253.52267017247172,586.2218536523328
9796,0,0,1,91,32,3,18,0.39761656103655696,0.7758463725913316,319.1852818523523,585.0215161139877
9797,0,0,1,292,46,4,21,0.7385737628210336,0.10853192373178899,275.0562592090302,559.6337352560878
9798,0,0,0,111,31,6,19,0.46977853984571993,0.7659584856592119,238.55039060101828,530.4225904558663
9799,1,1,0,434,4,5,20,0.20132735022343695,0.74613202130422,349.33989135594595,717.366020472703
9800,1,0,0,49,1,5,20,0.774368490325287,0.06913358555175364,352.321248031526,690.9075467393966
9801,0,0,0,107,33,4,15,0.8046367336064577,0.31251504993997514,318.6216122005518,636.0046276995827
9802,1,0,0,291,39,6,15,0.7841161577962339,0.6968751777894795,240.82697881619478,473.40840038524686
9803,1,1,1,102,18,5,22,0.8916374130640179,0.9109178960788995,271.4141815200979,536.5532988278427
9804,0,1,0,134,40,8,18,0.5589970224536955,0.8726507888641208,221.252981989797,432.2188564130111
9805,1,0,1,453,19,6,23,0.48323641112074256,0.5905635331291705,275.0909237854248,517.3437055490405
9806,1,0,1,27,35,3,22,0.6349153537303209,0.31414990592747927,273.811832749247,545.8218665627472
9807,0,0,1,495,44,0,14,0.9833834334276617,0.5796247583348304,300.83206863157875,587.8806331086321
9808,0,0,0,413,8,3,18,0.49811370903626084,0.8910799578297883,274.2786583519919,505.75733005107986
9809,0,0,1,204,45,11,19,0.8977528435643762,0.5364251248538494,319.25097082691536,639.9781732966753
9810,1,0,1,484,25,6,18,0.8063855252694339,0.0688752664718777,373.1804795785315,741.475749219289
9811,0,0,0,47,33,7,27,0.8046367336064577,0.31251504993997514,333.94521529856524,733.8642174008057
9812,0,1,1,252,21,2,17,0.9842240803409368,0.6037942769471556,311.2296518069731,631.088272859796
9813,0,0,1,478,14,3,20,0.14216354000382125,0.6515949983149767,246.60128213980934,508.2520033343803
9814,0,0,0,319,50,4,21,0.9892466596793383,0.7492987331934273,387.9464500980371,795.8273241897803
9815,1,0,0,58,48,6,22,0.6061688305344433,0.4517896354664117,391.6068675615098,665.9666349373912
9816,0,1,0,493,13,6,22,0.09574478422291577,0.2606025456916541,272.1352711198961,580.6110888932666
9817,0,0,0,321,22,4,14,0.6013455470092595,0.32826394867151976,301.6857609187211,560.3472476913873
9818,0,0,1,391,14,4,24,0.14216354000382125,0.6515949983149767,195.70299673180648,454.3539887229036
9819,1,0,0,389,10,7,21,0.25994612858630717,0.03773271921090782,316.70770568902645,703.35060549177
9820,0,0,1,351,2,5,21,0.19722419138997793,0.08462062571197748,256.745816144345,583.5394389129092
9821,1,0,0,120,1,5,17,0.774368490325287,0.06913358555175364,317.3977568376731,659.3106813344158
9822,0,0,0,484,25,6,18,0.8063855252694339,0.0688752664718777,371.10185093013524,756.8062370005772
9823,0,1,0,244,34,9,25,0.5088973850943148,0.8422173084691167,325.94363714566333,624.0688537448656
9824,0,0,0,254,4,3,19,0.20132735022343695,0.74613202130422,244.1403416816115,586.9015620609018
9825,1,0,1,334,20,1,21,0.4666645280085504,0.9181476451922208,319.4126079219726,635.7725205935817
9826,0,0,0,69,15,3,15,0.21112623764202,0.9238038510084152,245.1161093307726,552.574454513544
9827,0,0,1,112,19,5,30,0.48323641112074256,0.5905635331291705,273.6883366755868,530.6975987380108
9828,0,0,0,485,38,5,21,0.9087103542406112,0.1694229245185852,279.07363682737116,511.4966589168864
9829,0,0,0,212,38,5,23,0.9087103542406112,0.1694229245185852,320.82407312338773,555.4349335675149
9830,0,1,1,232,21,8,29,0.9842240803409368,0.6037942769471556,341.5506196870376,691.507574641802
9831,1,0,0,396,29,5,18,0.5533483980689198,0.980351353995502,263.866634379264,585.566321886245
9832,1,0,0,272,44,5,19,0.9833834334276617,0.5796247583348304,318.3920951311285,680.5951899010075
9833,0,1,0,343,38,2,20,0.9087103542406112,0.1694229245185852,294.3076830419013,620.5385656019674
9834,0,1,0,312,50,3,22,0.9892466596793383,0.7492987331934273,288.5447446405146,678.3437291240464
9835,0,0,1,353,8,6,23,0.49811370903626084,0.8910799578297883,309.7769001960617,762.1917647721499
9836,0,0,0,318,34,3,21,0.5088973850943148,0.8422173084691167,283.75110063750554,593.5001855680008
9837,0,0,0,97,23,10,28,0.03834434738382697,0.6661178111098707,236.53588302545967,563.1335088481228
9838,1,0,0,122,44,5,21,0.9833834334276617,0.5796247583348304,333.67344747721404,620.4659007092916
9839,1,0,0,275,1,5,12,0.774368490325287,0.06913358555175364,339.18579887716146,718.4273720282778
9840,1,0,0,284,10,6,19,0.25994612858630717,0.03773271921090782,331.54215019513947,690.4549890482235
9841,1,0,1,406,32,6,19,0.39761656103655696,0.7758463725913316,274.88032762973194,557.1615095232785
9842,0,1,1,301,25,7,27,0.8063855252694339,0.0688752664718777,295.94607980981306,541.6360378379217
9843,0,0,1,343,38,2,20,0.9087103542406112,0.1694229245185852,332.85731464107624,650.4469998454014
9844,0,1,0,483,6,6,23,0.7426119421143085,0.6856354165356606,280.5478135902493,588.3412706717313
9845,1,0,0,488,1,9,17,0.774368490325287,0.06913358555175364,319.5259564800924,654.399008500836
9846,1,0,0,315,3,6,23,0.978013844229281,0.1299455715343356,332.0800142787611,574.8775598052582
9847,1,1,1,350,19,4,16,0.48323641112074256,0.5905635331291705,319.68175783574435,636.3820901288559
9848,1,1,0,393,20,2,24,0.4666645280085504,0.9181476451922208,312.43082293589674,500.43029855331815
9849,0,1,1,225,9,7,22,0.013315835734829307,0.08963611628860235,282.06136167887325,537.0900758473687
9850,0,0,1,199,7,7,24,0.9787284394260496,0.14397736149840057,294.5661973729923,694.6444997580047
9851,0,0,0,3,8,4,20,0.49811370903626084,0.8910799578297883,236.7369491862973,516.7787539500973
9852,0,0,1,278,50,4,18,0.9892466596793383,0.7492987331934273,315.3942704328506,631.1289843515472
9853,0,0,1,284,10,6,19,0.25994612858630717,0.03773271921090782,204.05134694004488,526.8466421189121
9854,0,0,1,330,24,3,29,0.14149569114670157,0.8747874984983355,268.2301132624655,578.1362810978202
9855,0,0,1,486,28,5,15,0.6121745223645121,0.048944066278636456,274.1118313117485,607.6981890859232
9856,0,0,0,281,37,4,27,0.28013089881278574,0.967524380190298,227.40615289659542,492.09388724484273
9857,1,0,1,394,42,5,28,0.5309706551488489,0.07851310959085822,253.8639616478813,486.9584325992179
9858,1,0,0,404,11,4,17,0.775893080746755,0.774874358670786,347.58542317820314,744.0236788401264
9859,0,0,0,484,25,6,18,0.8063855252694339,0.0688752664718777,319.15003287507284,660.8329442135719
9860,0,0,0,38,38,3,21,0.9087103542406112,0.1694229245185852,293.0825379660846,617.2387640628461
9861,0,0,0,346,41,8,26,0.24443748919293284,0.13247077818959951,281.99803657996534,533.0035711661303
9862,0,0,0,291,39,6,15,0.7841161577962339,0.6968751777894795,274.2746319973791,662.1958673993678
9863,0,1,1,155,33,3,20,0.8046367336064577,0.31251504993997514,300.00549733794793,612.2328364848315
9864,0,0,0,133,20,7,11,0.4666645280085504,0.9181476451922208,262.3870020360441,709.6827696233603
9865,0,0,0,387,43,12,24,0.11839594203047454,0.37822385248728096,238.17077156678525,413.21114626687023
9866,0,0,0,92,32,3,21,0.39761656103655696,0.7758463725913316,251.25097022991451,597.6526788251301
9867,0,0,1,482,42,5,19,0.5309706551488489,0.07851310959085822,225.9332985957691,453.2969675569388
9868,1,1,0,395,50,3,23,0.9892466596793383,0.7492987331934273,451.45462172236023,836.4701258880982
9869,0,0,1,439,17,6,23,0.03654719586484134,0.2661329871043563,230.28857100227535,540.6041977699874
9870,0,0,0,336,40,0,12,0.5589970224536955,0.8726507888641208,270.1379955854103,595.4673119826798
9871,0,1,0,8,25,5,23,0.8063855252694339,0.0688752664718777,373.23127552267886,877.2476057002193
9872,0,0,0,309,14,2,25,0.14216354000382125,0.6515949983149767,234.7969571744967,495.27353746249867
9873,0,0,0,220,38,5,15,0.9087103542406112,0.1694229245185852,337.7927514681084,766.6845310467379
9874,0,0,0,185,27,6,20,0.042702050879597664,0.5714270058088005,221.15265461627214,442.54114159691136
9875,0,1,0,338,7,3,26,0.9787284394260496,0.14397736149840057,325.65475410557445,607.0861525899825
9876,1,0,0,450,30,4,23,0.8535007652826607,0.9145373487845063,326.3298281382624,686.2196500495638
9877,0,0,1,68,16,2,18,0.8112564436160028,0.26610612077638507,253.43148531988996,519.4108659037621
9878,0,0,1,458,22,9,18,0.6013455470092595,0.32826394867151976,306.27804502655175,637.7512848183633
9879,0,0,0,450,30,4,23,0.8535007652826607,0.9145373487845063,274.8846808468433,527.3156015555298
9880,1,0,0,119,29,3,20,0.5533483980689198,0.980351353995502,317.2570636808658,635.222988843155
9881,1,1,0,145,14,2,23,0.14216354000382125,0.6515949983149767,335.3637276195327,706.1912339324307
9882,1,0,0,8,25,5,23,0.8063855252694339,0.0688752664718777,348.3061031975293,683.0690237175637
9883,0,0,1,263,39,5,14,0.7841161577962339,0.6968751777894795,291.4987717243891,611.010475570411
9884,1,0,0,89,41,5,23,0.24443748919293284,0.13247077818959951,318.7587878925755,577.2167771745749
9885,0,0,1,135,9,4,17,0.013315835734829307,0.08963611628860235,261.12302760836656,604.2739508546833
9886,0,0,1,86,22,4,19,0.6013455470092595,0.32826394867151976,290.1836898702539,497.595744560199
9887,0,0,0,173,33,8,23,0.8046367336064577,0.31251504993997514,286.80378865660543,662.364930263141
9888,0,1,0,208,17,5,27,0.03654719586484134,0.2661329871043563,265.2378206674782,568.4858005142127
9889,1,0,0,464,41,4,26,0.24443748919293284,0.13247077818959951,265.65144131577125,539.0284807528026
9890,1,0,0,197,29,8,24,0.5533483980689198,0.980351353995502,308.0897938687856,663.7292303085117
9891,0,1,1,287,15,3,22,0.21112623764202,0.9238038510084152,274.7594843764365,479.8048589788251
9892,1,0,0,326,14,5,25,0.14216354000382125,0.6515949983149767,281.4209610925965,585.535938874973
9893,1,0,0,141,23,3,13,0.03834434738382697,0.6661178111098707,263.93449627491776,544.6566699823305
9894,0,0,0,156,6,4,19,0.7426119421143085,0.6856354165356606,324.0039310334067,727.4837141696153
9895,0,1,0,379,27,7,22,0.042702050879597664,0.5714270058088005,285.91415509484045,568.9610436385283
9896,1,0,1,96,6,4,15,0.7426119421143085,0.6856354165356606,364.5280224714889,784.5934090254775
9897,0,0,1,109,27,2,33,0.042702050879597664,0.5714270058088005,283.14625751064386,591.5755243918805
9898,1,0,0,141,23,3,13,0.03834434738382697,0.6661178111098707,275.1013368220235,564.3857208605565
9899,0,0,0,498,31,5,13,0.46977853984571993,0.7659584856592119,319.76243363107415,628.905725102988
9900,0,0,0,404,11,4,17,0.775893080746755,0.774874358670786,365.43112104940553,772.2898731302855
9901,0,0,0,451,3,6,18,0.978013844229281,0.1299455715343356,345.0543478998912,640.6069358716765
9902,0,0,0,391,14,4,24,0.14216354000382125,0.6515949983149767,197.89103329350084,397.6828696109593
9903,0,0,0,77,7,4,25,0.9787284394260496,0.14397736149840057,329.9103815704559,669.6245363686645
9904,0,0,1,448,30,4,15,0.8535007652826607,0.9145373487845063,318.0729047533638,637.5300008872185
9905,1,1,1,233,47,3,19,0.3773106967564672,0.7403151453472674,311.33162943016924,571.1396951877681
9906,0,0,0,21,32,6,22,0.39761656103655696,0.7758463725913316,288.7455127604333,548.9484063374063
9907,0,0,1,466,29,6,18,0.5533483980689198,0.980351353995502,273.28635478080196,609.1147493143878
9908,0,0,0,214,15,4,20,0.21112623764202,0.9238038510084152,205.07007560507287,438.53483327038924
9909,1,1,0,271,38,3,20,0.9087103542406112,0.1694229245185852,327.7960090353483,660.0654992907631
9910,0,0,0,217,30,6,25,0.8535007652826607,0.9145373487845063,345.814731264322,681.4867917579828
9911,0,1,0,327,13,5,18,0.09574478422291577,0.2606025456916541,293.80934399631604,578.8234933299236
9912,1,0,0,163,48,6,19,0.6061688305344433,0.4517896354664117,324.421977807007,570.7906832977676
9913,0,0,0,343,38,2,20,0.9087103542406112,0.1694229245185852,287.00890422261125,618.7193281207503
9914,1,0,0,446,29,5,22,0.5533483980689198,0.980351353995502,291.47449548064355,594.9724582046545
9915,0,1,0,500,38,5,15,0.9087103542406112,0.1694229245185852,324.2379430440382,675.7561204807656
9916,0,0,0,247,48,5,18,0.6061688305344433,0.4517896354664117,276.68616322235636,554.1926919570569
9917,0,0,0,157,46,8,28,0.7385737628210336,0.10853192373178899,308.0057843250573,590.3375242331422
9918,0,0,1,292,46,4,21,0.7385737628210336,0.10853192373178899,343.15558854225526,713.2445976334229
9919,0,1,1,248,50,8,17,0.9892466596793383,0.7492987331934273,336.80242330527466,697.4884592391153
9920,0,0,0,354,38,3,27,0.9087103542406112,0.1694229245185852,320.76251085525405,534.7935237850135
9921,0,0,0,230,22,3,18,0.6013455470092595,0.32826394867151976,318.27483228660014,712.8572811774337
9922,0,0,1,364,49,6,18,0.5121942616533488,0.6461082133464515,314.13473829259306,665.1447618890768
9923,0,0,1,73,22,3,22,0.6013455470092595,0.32826394867151976,321.38888575901683,607.0307229878546
9924,0,0,1,432,12,6,22,0.016379052540287375,0.8120638781692833,252.7647934876444,550.095344532404
9925,0,0,0,455,50,3,19,0.9892466596793383,0.7492987331934273,227.13118009638453,487.34530672026386
9926,0,1,1,259,39,3,28,0.7841161577962339,0.6968751777894795,326.8136991245428,632.0113231052333
9927,0,0,0,98,43,0,23,0.11839594203047454,0.37822385248728096,266.4690733398414,602.8840152383957
9928,1,0,1,27,35,3,22,0.6349153537303209,0.31414990592747927,323.1838845773225,653.2773249852714
9929,0,0,0,57,24,5,24,0.14149569114670157,0.8747874984983355,278.0403957137494,516.6823432543408
9930,0,0,0,62,36,2,23,0.49425172130577266,0.7565638932865113,315.2586104816875,618.8660497743252
9931,0,0,0,83,34,5,24,0.5088973850943148,0.8422173084691167,280.4041811305436,539.1006552402486
9932,0,1,1,98,43,0,23,0.11839594203047454,0.37822385248728096,277.9282490319222,557.0325065418965
9933,0,0,0,320,40,6,20,0.5589970224536955,0.8726507888641208,290.7166159951973,635.2003311162925
9934,0,0,0,345,19,3,33,0.48323641112074256,0.5905635331291705,292.91739173834253,617.3487593577917
9935,0,0,1,441,21,3,18,0.9842240803409368,0.6037942769471556,274.68624966772,541.9710127901502
9936,0,0,0,117,39,8,23,0.7841161577962339,0.6968751777894795,353.2981547813734,767.6465592256532
9937,1,0,1,247,48,5,18,0.6061688305344433,0.4517896354664117,289.3462559800554,622.1634258163506
9938,1,1,0,354,38,3,27,0.9087103542406112,0.1694229245185852,344.38116959734873,597.5244840288998
9939,0,0,0,198,13,4,20,0.09574478422291577,0.2606025456916541,223.4342742325071,412.9229181584936
9940,0,1,0,469,50,7,28,0.9892466596793383,0.7492987331934273,343.79872065489394,766.2374539912385
9941,0,1,1,385,45,7,17,0.8977528435643762,0.5364251248538494,393.0728702197089,766.742185406643
9942,0,0,1,490,34,7,20,0.5088973850943148,0.8422173084691167,289.32165593850425,673.8012058994171
9943,0,0,0,301,25,7,27,0.8063855252694339,0.0688752664718777,290.68294754080773,586.9607901446634
9944,0,0,0,382,21,4,28,0.9842240803409368,0.6037942769471556,323.82078842714355,661.428711207415
9945,0,0,1,347,2,3,14,0.19722419138997793,0.08462062571197748,197.5506628875062,464.3898415588917
9946,0,0,0,172,38,2,13,0.9087103542406112,0.1694229245185852,306.7822837831023,641.3254965154242
9947,0,0,0,160,20,6,19,0.4666645280085504,0.9181476451922208,261.4496106270057,632.8853957153306
9948,0,0,0,193,2,3,20,0.19722419138997793,0.08462062571197748,228.72601398286963,539.2328370902471
9949,0,0,1,491,39,7,21,0.7841161577962339,0.6968751777894795,295.8148011734094,653.6360245066501
9950,0,0,0,241,49,4,22,0.5121942616533488,0.6461082133464515,289.29376166602873,594.1722769006532
9951,0,0,1,362,27,5,23,0.042702050879597664,0.5714270058088005,236.43298214663935,516.1192513165904
9952,1,0,0,230,22,3,18,0.6013455470092595,0.32826394867151976,346.7632335399346,674.8926502368115
9953,0,0,0,62,36,2,23,0.49425172130577266,0.7565638932865113,254.2172703010716,451.3907275156484
9954,0,1,1,351,2,5,21,0.19722419138997793,0.08462062571197748,273.42406923744693,584.0521583138714
9955,0,0,0,450,30,4,23,0.8535007652826607,0.9145373487845063,367.8426380528499,721.4537820882871
9956,1,0,1,494,41,3,24,0.24443748919293284,0.13247077818959951,350.6017634884453,668.3656340703747
9957,0,0,0,47,33,7,27,0.8046367336064577,0.31251504993997514,258.9263299946038,558.0980541816125
9958,0,0,0,484,25,6,18,0.8063855252694339,0.0688752664718777,312.79712597939704,568.7672710333204
9959,0,0,0,262,23,5,27,0.03834434738382697,0.6661178111098707,270.4768979065208,528.5279608655852
9960,1,1,0,104,9,3,21,0.013315835734829307,0.08963611628860235,302.71354888284685,539.9191544627844
9961,0,1,0,260,10,4,22,0.25994612858630717,0.03773271921090782,287.3819611970422,706.0350962776034
9962,0,1,0,282,36,9,21,0.49425172130577266,0.7565638932865113,322.4706424375778,609.7173271253281
9963,0,0,1,486,28,5,15,0.6121745223645121,0.048944066278636456,275.17728460974587,583.1824193939929
9964,1,1,0,362,27,5,23,0.042702050879597664,0.5714270058088005,291.3692986752614,608.54890498677
9965,0,1,0,12,1,3,22,0.774368490325287,0.06913358555175364,315.5336863045015,639.6600745592084
9966,0,0,1,456,15,7,24,0.21112623764202,0.9238038510084152,287.1292465889262,616.6179987382656
9967,1,1,0,498,31,5,13,0.46977853984571993,0.7659584856592119,287.9335217594147,624.0595002546975
9968,0,0,1,173,33,8,23,0.8046367336064577,0.31251504993997514,336.4908603022342,708.5850111783708
9969,1,0,1,439,17,6,23,0.03654719586484134,0.2661329871043563,268.90065665779696,477.80201193872006
9970,1,0,0,169,39,3,31,0.7841161577962339,0.6968751777894795,360.8565395117109,764.9030524904799
9971,0,1,1,441,21,3,18,0.9842240803409368,0.6037942769471556,327.34436833949786,612.393166493124
9972,0,1,1,266,48,8,13,0.6061688305344433,0.4517896354664117,306.72644251801574,641.1914659294687
9973,0,1,0,355,2,0,14,0.19722419138997793,0.08462062571197748,285.31865684681577,492.9714727816766
9974,0,0,1,171,28,4,14,0.6121745223645121,0.048944066278636456,326.1622524001127,641.8722652323796
9975,0,1,1,436,15,5,17,0.21112623764202,0.9238038510084152,253.65324024601335,509.71701512391866
9976,0,0,0,182,25,7,21,0.8063855252694339,0.0688752664718777,331.5640886302451,696.7253749484235
9977,0,0,1,83,34,5,24,0.5088973850943148,0.8422173084691167,270.6170726794593,563.6150493125243
9978,0,0,1,486,28,5,15,0.6121745223645121,0.048944066278636456,301.20046191919636,671.5742109859567
9979,1,0,0,122,44,5,21,0.9833834334276617,0.5796247583348304,305.4726623422654,534.0908174596066
9980,0,0,0,464,41,4,26,0.24443748919293284,0.13247077818959951,290.764257401811,577.0772259036598
9981,0,0,0,378,16,9,18,0.8112564436160028,0.26610612077638507,290.69968411405387,624.4022748227102
9982,1,1,0,59,31,6,14,0.46977853984571993,0.7659584856592119,343.49396021083584,667.3045685428967
9983,0,1,1,353,8,6,23,0.49811370903626084,0.8910799578297883,262.21006277995275,551.8790623110457
9984,0,1,0,306,46,5,21,0.7385737628210336,0.10853192373178899,318.4045744891524,660.2938085527736
9985,0,0,1,462,27,3,11,0.042702050879597664,0.5714270058088005,309.9473881285001,649.1056400120646
9986,0,1,1,381,4,6,21,0.20132735022343695,0.74613202130422,284.0984378383445,542.4289003670523
9987,0,0,0,76,38,9,17,0.9087103542406112,0.1694229245185852,316.5014721015807,739.1096085470622
9988,1,0,0,456,15,7,24,0.21112623764202,0.9238038510084152,252.2826144718582,521.2546148020587
9989,0,0,1,129,23,1,19,0.03834434738382697,0.6661178111098707,267.9560870925369,578.8014673876684
9990,1,1,1,32,44,2,22,0.9833834334276617,0.5796247583348304,352.34857630695967,639.4418033801567
9991,0,1,0,465,3,5,16,0.978013844229281,0.1299455715343356,334.8457005613708,653.6003259717714
9992,0,0,0,440,26,5,19,0.26668567629531026,0.7934630094096065,261.2011592614415,529.7235050694062
9993,1,0,1,278,50,4,18,0.9892466596793383,0.7492987331934273,343.4468674100909,699.0824380273793
9994,0,1,1,279,45,6,18,0.8977528435643762,0.5364251248538494,345.34102847218145,708.2225786614764
9995,0,0,0,272,44,5,19,0.9833834334276617,0.5796247583348304,338.6228342413747,718.4854560325007
9996,0,0,0,44,29,3,19,0.5533483980689198,0.980351353995502,264.00985812707125,546.4001664124302
9997,1,0,0,287,15,3,22,0.21112623764202,0.9238038510084152,284.97354815942504,551.2923864460611
9998,1,0,0,202,44,6,16,0.9833834334276617,0.5796247583348304,339.68890508918406,534.3330705741126
9999,0,0,1,85,19,3,27,0.48323641112074256,0.5905635331291705,314.1966559899932,651.4551363636605
10000,0,1,1,370,27,6,21,0.042702050879597664,0.5714270058088005,232.31212697962246,534.538479781884
